# split=train pool=[0,16000) n_scenes=4000 seed=20260425
0004 0000
0004 0001
0004 0002
0004 0003
0004 0004
0004 0005
0004 0006
0004 0007
0004 0008
0004 0009
0004 0010
0004 0011
0004 0012
0004 0013
0004 0014
0004 0015
0004 0016
0004 0017
0015 0000
0015 0001
0015 0002
0015 0003
0015 0004
0015 0005
0015 0006
0015 0007
0015 0008
0015 0009
0015 0010
0015 0011
0015 0012
0015 0013
0015 0014
0015 0015
0015 0016
0015 0017
0015 0018
0015 0019
0015 0020
0015 0021
0015 0022
0022 0000
0022 0001
0022 0002
0022 0003
0022 0004
0022 0005
0022 0006
0022 0007
0022 0008
0022 0009
0022 0010
0022 0011
0022 0012
0022 0013
0022 0014
0022 0015
0022 0016
0022 0017
0022 0018
0022 0019
0022 0020
0022 0021
0022 0022
0022 0023
0034 0000
0034 0001
0034 0002
0034 0003
0034 0004
0034 0005
0034 0006
0034 0007
0034 0008
0034 0009
0034 0010
0034 0011
0034 0012
0034 0013
0034 0014
0034 0015
0034 0016
0034 0017
0034 0018
0034 0019
0034 0020
0034 0021
0034 0022
0034 0023
0034 0024
0034 0025
0034 0026
0034 0027
0037 0000
0037 0001
0037 0002
0037 0003
0037 0004
0037 0005
0037 0006
0037 0007
0037 0008
0037 0009
0037 0010
0037 0011
0037 0012
0037 0013
0037 0014
0037 0015
0037 0016
0037 0017
0037 0018
0037 0019
0037 0020
0037 0021
0037 0022
0037 0023
0037 0024
0037 0025
0037 0026
0037 0027
0037 0028
0037 0029
0037 0030
0038 0000
0038 0001
0038 0002
0038 0003
0038 0004
0038 0005
0038 0006
0038 0007
0038 0008
0038 0009
0038 0010
0038 0011
0038 0012
0038 0013
0038 0014
0038 0015
0038 0016
0038 0017
0038 0018
0038 0019
0038 0020
0038 0021
0038 0022
0038 0023
0038 0024
0038 0025
0043 0000
0043 0001
0043 0002
0043 0003
0043 0004
0043 0005
0043 0006
0043 0007
0043 0008
0043 0009
0043 0010
0043 0011
0043 0012
0043 0013
0043 0014
0043 0015
0043 0016
0043 0017
0043 0018
0043 0019
0043 0020
0043 0021
0053 0000
0053 0001
0053 0002
0053 0003
0053 0004
0053 0005
0053 0006
0053 0007
0053 0008
0053 0009
0053 0010
0053 0011
0053 0012
0053 0013
0053 0014
0053 0015
0053 0016
0053 0017
0053 0018
0053 0019
0053 0020
0059 0000
0059 0001
0059 0002
0059 0003
0059 0004
0059 0005
0059 0006
0059 0007
0059 0008
0059 0009
0059 0010
0059 0011
0064 0000
0064 0001
0064 0002
0064 0003
0064 0004
0064 0005
0064 0006
0064 0007
0064 0008
0064 0009
0064 0010
0064 0011
0066 0000
0066 0001
0066 0002
0066 0003
0066 0004
0066 0005
0066 0006
0066 0007
0066 0008
0066 0009
0066 0010
0066 0011
0066 0012
0066 0013
0066 0014
0066 0015
0066 0016
0070 0000
0070 0001
0070 0002
0070 0003
0070 0004
0070 0005
0070 0006
0070 0007
0070 0008
0070 0009
0070 0010
0070 0011
0070 0012
0070 0013
0070 0014
0070 0015
0073 0000
0073 0001
0073 0002
0073 0003
0073 0004
0073 0005
0073 0006
0073 0007
0073 0008
0073 0009
0073 0010
0073 0011
0073 0012
0073 0013
0073 0014
0073 0015
0073 0016
0073 0017
0074 0000
0074 0001
0074 0002
0074 0003
0074 0004
0074 0005
0074 0006
0074 0007
0074 0008
0074 0009
0074 0010
0074 0011
0074 0012
0074 0013
0074 0014
0074 0015
0074 0016
0074 0017
0074 0018
0074 0019
0074 0020
0074 0021
0075 0000
0075 0001
0075 0002
0075 0003
0075 0004
0075 0005
0075 0006
0075 0007
0075 0008
0075 0009
0075 0010
0075 0011
0075 0012
0075 0013
0075 0014
0075 0015
0075 0016
0075 0017
0075 0018
0075 0019
0075 0020
0075 0021
0075 0022
0075 0023
0075 0024
0075 0025
0076 0000
0076 0001
0076 0002
0076 0003
0076 0004
0076 0005
0076 0006
0076 0007
0076 0008
0076 0009
0076 0010
0076 0011
0076 0012
0076 0013
0076 0014
0076 0015
0076 0016
0076 0017
0076 0018
0076 0019
0076 0020
0076 0021
0076 0022
0076 0023
0076 0024
0076 0025
0076 0026
0076 0027
0076 0028
0076 0029
0076 0030
0076 0031
0076 0032
0081 0000
0081 0001
0081 0002
0081 0003
0081 0004
0081 0005
0081 0006
0081 0007
0081 0008
0081 0009
0081 0010
0081 0011
0081 0012
0081 0013
0081 0014
0081 0015
0081 0016
0081 0017
0081 0018
0081 0019
0081 0020
0081 0021
0081 0022
0083 0000
0083 0001
0083 0002
0083 0003
0083 0004
0083 0005
0083 0006
0083 0007
0083 0008
0083 0009
0083 0010
0083 0011
0083 0012
0083 0013
0083 0014
0083 0015
0083 0016
0083 0017
0083 0018
0083 0019
0083 0020
0083 0021
0083 0022
0083 0023
0083 0024
0083 0025
0084 0000
0084 0001
0084 0002
0084 0003
0084 0004
0084 0005
0084 0006
0084 0007
0084 0008
0084 0009
0084 0010
0084 0011
0084 0012
0084 0013
0084 0014
0084 0015
0084 0016
0084 0017
0084 0018
0084 0019
0084 0020
0084 0021
0084 0022
0084 0023
0084 0024
0084 0025
0084 0026
0084 0027
0084 0028
0088 0000
0088 0001
0088 0002
0088 0003
0088 0004
0088 0005
0088 0006
0088 0007
0088 0008
0088 0009
0088 0010
0088 0011
0088 0012
0088 0013
0088 0014
0088 0015
0088 0016
0088 0017
0088 0018
0088 0019
0088 0020
0088 0021
0088 0022
0088 0023
0090 0000
0090 0001
0090 0002
0090 0003
0090 0004
0090 0005
0090 0006
0090 0007
0090 0008
0090 0009
0090 0010
0090 0011
0090 0012
0090 0013
0090 0014
0090 0015
0090 0016
0090 0017
0090 0018
0091 0000
0091 0001
0091 0002
0091 0003
0091 0004
0091 0005
0091 0006
0091 0007
0091 0008
0091 0009
0091 0010
0091 0011
0091 0012
0091 0013
0091 0014
0091 0015
0091 0016
0091 0017
0091 0018
0091 0019
0091 0020
0091 0021
0091 0022
0095 0000
0095 0001
0095 0002
0095 0003
0095 0004
0095 0005
0095 0006
0095 0007
0095 0008
0095 0009
0095 0010
0095 0011
0095 0012
0095 0013
0095 0014
0095 0015
0095 0016
0095 0017
0095 0018
0095 0019
0095 0020
0101 0000
0101 0001
0101 0002
0101 0003
0101 0004
0101 0005
0101 0006
0101 0007
0101 0008
0101 0009
0101 0010
0101 0011
0101 0012
0101 0013
0101 0014
0101 0015
0101 0016
0101 0017
0101 0018
0101 0019
0101 0020
0101 0021
0101 0022
0101 0023
0101 0024
0101 0025
0101 0026
0101 0027
0101 0028
0102 0000
0102 0001
0102 0002
0102 0003
0102 0004
0102 0005
0102 0006
0102 0007
0102 0008
0102 0009
0102 0010
0102 0011
0102 0012
0102 0013
0105 0000
0105 0001
0105 0002
0105 0003
0105 0004
0105 0005
0105 0006
0105 0007
0105 0008
0105 0009
0105 0010
0105 0011
0105 0012
0105 0013
0105 0014
0105 0015
0105 0016
0105 0017
0105 0018
0111 0000
0111 0001
0111 0002
0111 0003
0111 0004
0111 0005
0111 0006
0111 0007
0111 0008
0111 0009
0111 0010
0111 0011
0111 0012
0111 0013
0111 0014
0111 0015
0111 0016
0111 0017
0111 0018
0111 0019
0111 0020
0111 0021
0111 0022
0112 0000
0112 0001
0112 0002
0112 0003
0112 0004
0112 0005
0112 0006
0112 0007
0112 0008
0112 0009
0112 0010
0112 0011
0112 0012
0112 0013
0112 0014
0112 0015
0112 0016
0112 0017
0112 0018
0112 0019
0112 0020
0112 0021
0112 0022
0112 0023
0112 0024
0112 0025
0112 0026
0112 0027
0112 0028
0112 0029
0118 0000
0118 0001
0118 0002
0118 0003
0118 0004
0118 0005
0118 0006
0118 0007
0118 0008
0118 0009
0118 0010
0118 0011
0118 0012
0118 0013
0118 0014
0118 0015
0118 0016
0118 0017
0118 0018
0118 0019
0118 0020
0118 0021
0118 0022
0119 0000
0119 0001
0119 0002
0119 0003
0119 0004
0119 0005
0119 0006
0119 0007
0119 0008
0119 0009
0119 0010
0119 0011
0119 0012
0119 0013
0119 0014
0119 0015
0119 0016
0119 0017
0119 0018
0119 0019
0119 0020
0119 0021
0123 0000
0123 0001
0123 0002
0123 0003
0123 0004
0123 0005
0123 0006
0123 0007
0123 0008
0123 0009
0123 0010
0123 0011
0123 0012
0123 0013
0123 0014
0123 0015
0123 0016
0123 0017
0123 0018
0123 0019
0123 0020
0123 0021
0123 0022
0123 0023
0123 0024
0123 0025
0123 0026
0123 0027
0123 0028
0123 0029
0123 0030
0123 0031
0123 0032
0124 0000
0124 0001
0124 0002
0124 0003
0124 0004
0124 0005
0124 0006
0124 0007
0124 0008
0124 0009
0124 0010
0124 0011
0124 0012
0124 0013
0124 0014
0124 0015
0124 0016
0124 0017
0124 0018
0124 0019
0126 0000
0126 0001
0126 0002
0126 0003
0126 0004
0126 0005
0126 0006
0126 0007
0126 0008
0126 0009
0126 0010
0126 0011
0126 0012
0126 0013
0126 0014
0126 0015
0126 0016
0126 0017
0126 0018
0126 0019
0126 0020
0126 0021
0126 0022
0126 0023
0126 0024
0128 0000
0128 0001
0128 0002
0128 0003
0128 0004
0128 0005
0128 0006
0128 0007
0128 0008
0128 0009
0128 0010
0128 0011
0128 0012
0128 0013
0128 0014
0128 0015
0128 0016
0128 0017
0128 0018
0128 0019
0128 0020
0128 0021
0128 0022
0128 0023
0128 0024
0128 0025
0135 0000
0135 0001
0135 0002
0135 0003
0135 0004
0135 0005
0135 0006
0135 0007
0135 0008
0135 0009
0135 0010
0135 0011
0135 0012
0135 0013
0135 0014
0135 0015
0135 0016
0135 0017
0135 0018
0135 0019
0135 0020
0135 0021
0135 0022
0140 0000
0140 0001
0140 0002
0140 0003
0140 0004
0140 0005
0140 0006
0140 0007
0140 0008
0140 0009
0140 0010
0140 0011
0140 0012
0140 0013
0140 0014
0140 0015
0140 0016
0140 0017
0140 0018
0140 0019
0140 0020
0140 0021
0140 0022
0141 0000
0141 0001
0141 0002
0141 0003
0141 0004
0141 0005
0141 0006
0141 0007
0141 0008
0141 0009
0141 0010
0141 0011
0141 0012
0141 0013
0141 0014
0147 0000
0147 0001
0147 0002
0147 0003
0147 0004
0147 0005
0147 0006
0147 0007
0147 0008
0147 0009
0147 0010
0147 0011
0147 0012
0147 0013
0147 0014
0147 0015
0147 0016
0147 0017
0147 0018
0155 0000
0155 0001
0155 0002
0155 0003
0155 0004
0155 0005
0155 0006
0155 0007
0155 0008
0155 0009
0155 0010
0155 0011
0155 0012
0155 0013
0155 0014
0155 0015
0155 0016
0156 0000
0156 0001
0156 0002
0156 0003
0156 0004
0156 0005
0156 0006
0156 0007
0156 0008
0156 0009
0156 0010
0156 0011
0156 0012
0156 0013
0156 0014
0156 0015
0156 0016
0156 0017
0156 0018
0156 0019
0156 0020
0156 0021
0156 0022
0156 0023
0156 0024
0156 0025
0158 0000
0158 0001
0158 0002
0158 0003
0158 0004
0158 0005
0158 0006
0158 0007
0158 0008
0158 0009
0158 0010
0158 0011
0158 0012
0158 0013
0158 0014
0158 0015
0158 0016
0158 0017
0158 0018
0158 0019
0158 0020
0158 0021
0158 0022
0158 0023
0158 0024
0158 0025
0158 0026
0158 0027
0158 0028
0160 0000
0160 0001
0160 0002
0160 0003
0160 0004
0160 0005
0160 0006
0160 0007
0160 0008
0160 0009
0160 0010
0160 0011
0160 0012
0160 0013
0160 0014
0160 0015
0160 0016
0160 0017
0160 0018
0160 0019
0160 0020
0160 0021
0160 0022
0161 0000
0161 0001
0161 0002
0161 0003
0161 0004
0161 0005
0161 0006
0161 0007
0161 0008
0161 0009
0161 0010
0161 0011
0161 0012
0161 0013
0161 0014
0161 0015
0161 0016
0161 0017
0161 0018
0161 0019
0161 0020
0161 0021
0161 0022
0161 0023
0161 0024
0161 0025
0169 0000
0169 0001
0169 0002
0169 0003
0169 0004
0169 0005
0169 0006
0169 0007
0169 0008
0169 0009
0169 0010
0169 0011
0169 0012
0169 0013
0169 0014
0169 0015
0169 0016
0169 0017
0171 0000
0171 0001
0171 0002
0171 0003
0171 0004
0171 0005
0171 0006
0171 0007
0171 0008
0171 0009
0171 0010
0171 0011
0171 0012
0171 0013
0171 0014
0178 0000
0178 0001
0178 0002
0178 0003
0178 0004
0178 0005
0178 0006
0178 0007
0178 0008
0178 0009
0178 0010
0178 0011
0178 0012
0178 0013
0178 0014
0178 0015
0181 0000
0181 0001
0181 0002
0181 0003
0181 0004
0181 0005
0181 0006
0181 0007
0181 0008
0181 0009
0181 0010
0181 0011
0181 0012
0181 0013
0181 0014
0181 0015
0181 0016
0181 0017
0186 0000
0186 0001
0186 0002
0186 0003
0186 0004
0186 0005
0186 0006
0186 0007
0186 0008
0186 0009
0186 0010
0186 0011
0186 0012
0186 0013
0186 0014
0187 0000
0187 0001
0187 0002
0187 0003
0187 0004
0187 0005
0187 0006
0187 0007
0187 0008
0187 0009
0187 0010
0187 0011
0187 0012
0187 0013
0187 0014
0187 0015
0187 0016
0187 0017
0187 0018
0187 0019
0187 0020
0187 0021
0187 0022
0187 0023
0187 0024
0187 0025
0187 0026
0187 0027
0193 0000
0193 0001
0193 0002
0193 0003
0193 0004
0193 0005
0193 0006
0193 0007
0193 0008
0193 0009
0193 0010
0193 0011
0193 0012
0193 0013
0193 0014
0193 0015
0193 0016
0193 0017
0193 0018
0193 0019
0203 0000
0203 0001
0203 0002
0203 0003
0203 0004
0203 0005
0203 0006
0203 0007
0203 0008
0203 0009
0203 0010
0203 0011
0203 0012
0203 0013
0203 0014
0203 0015
0203 0016
0203 0017
0203 0018
0203 0019
0203 0020
0203 0021
0203 0022
0203 0023
0209 0000
0209 0001
0209 0002
0209 0003
0209 0004
0209 0005
0209 0006
0209 0007
0209 0008
0209 0009
0209 0010
0209 0011
0209 0012
0209 0013
0209 0014
0209 0015
0209 0016
0209 0017
0209 0018
0209 0019
0209 0020
0209 0021
0209 0022
0209 0023
0209 0024
0209 0025
0209 0026
0209 0027
0209 0028
0209 0029
0214 0000
0214 0001
0214 0002
0214 0003
0214 0004
0214 0005
0214 0006
0214 0007
0214 0008
0214 0009
0214 0010
0214 0011
0214 0012
0214 0013
0214 0014
0214 0015
0214 0016
0214 0017
0214 0018
0214 0019
0214 0020
0215 0000
0215 0001
0215 0002
0215 0003
0215 0004
0215 0005
0215 0006
0215 0007
0215 0008
0215 0009
0215 0010
0215 0011
0215 0012
0215 0013
0215 0014
0217 0000
0217 0001
0217 0002
0217 0003
0217 0004
0217 0005
0217 0006
0217 0007
0217 0008
0217 0009
0217 0010
0217 0011
0217 0012
0217 0013
0217 0014
0217 0015
0217 0016
0217 0017
0217 0018
0220 0000
0220 0001
0220 0002
0220 0003
0220 0004
0220 0005
0220 0006
0220 0007
0220 0008
0220 0009
0220 0010
0220 0011
0220 0012
0220 0013
0220 0014
0220 0015
0220 0016
0220 0017
0220 0018
0220 0019
0220 0020
0220 0021
0220 0022
0220 0023
0220 0024
0223 0000
0223 0001
0223 0002
0223 0003
0223 0004
0223 0005
0223 0006
0223 0007
0223 0008
0223 0009
0223 0010
0223 0011
0223 0012
0223 0013
0223 0014
0223 0015
0223 0016
0223 0017
0223 0018
0223 0019
0223 0020
0223 0021
0223 0022
0223 0023
0223 0024
0226 0000
0226 0001
0226 0002
0226 0003
0226 0004
0226 0005
0226 0006
0226 0007
0226 0008
0226 0009
0226 0010
0226 0011
0226 0012
0226 0013
0226 0014
0226 0015
0227 0000
0227 0001
0227 0002
0227 0003
0227 0004
0227 0005
0227 0006
0227 0007
0227 0008
0227 0009
0227 0010
0227 0011
0227 0012
0227 0013
0227 0014
0227 0015
0227 0016
0227 0017
0227 0018
0227 0019
0228 0000
0228 0001
0228 0002
0228 0003
0228 0004
0228 0005
0228 0006
0228 0007
0228 0008
0228 0009
0228 0010
0228 0011
0228 0012
0228 0013
0228 0014
0228 0015
0228 0016
0228 0017
0228 0018
0230 0000
0230 0001
0230 0002
0230 0003
0230 0004
0230 0005
0230 0006
0230 0007
0230 0008
0230 0009
0230 0010
0230 0011
0230 0012
0230 0013
0230 0014
0230 0015
0230 0016
0230 0017
0230 0018
0230 0019
0230 0020
0230 0021
0230 0022
0230 0023
0230 0024
0230 0025
0232 0000
0232 0001
0232 0002
0232 0003
0232 0004
0232 0005
0232 0006
0232 0007
0232 0008
0232 0009
0232 0010
0242 0000
0242 0001
0242 0002
0242 0003
0242 0004
0242 0005
0242 0006
0242 0007
0242 0008
0242 0009
0242 0010
0242 0011
0242 0012
0242 0013
0242 0014
0242 0015
0242 0016
0242 0017
0242 0018
0242 0019
0242 0020
0242 0021
0242 0022
0242 0023
0242 0024
0242 0025
0242 0026
0244 0000
0244 0001
0244 0002
0244 0003
0244 0004
0244 0005
0244 0006
0244 0007
0244 0008
0244 0009
0244 0010
0244 0011
0244 0012
0256 0000
0256 0001
0256 0002
0256 0003
0256 0004
0256 0005
0256 0006
0256 0007
0256 0008
0256 0009
0256 0010
0256 0011
0256 0012
0256 0013
0256 0014
0265 0000
0265 0001
0265 0002
0265 0003
0265 0004
0265 0005
0265 0006
0265 0007
0265 0008
0265 0009
0265 0010
0265 0011
0265 0012
0265 0013
0265 0014
0265 0015
0265 0016
0265 0017
0265 0018
0265 0019
0265 0020
0265 0021
0265 0022
0265 0023
0265 0024
0266 0000
0266 0001
0266 0002
0266 0003
0266 0004
0266 0005
0266 0006
0266 0007
0266 0008
0266 0009
0266 0010
0266 0011
0266 0012
0266 0013
0266 0014
0266 0015
0266 0016
0266 0017
0266 0018
0266 0019
0266 0020
0266 0021
0266 0022
0266 0023
0271 0000
0271 0001
0271 0002
0271 0003
0271 0004
0271 0005
0271 0006
0271 0007
0271 0008
0271 0009
0271 0010
0271 0011
0271 0012
0271 0013
0271 0014
0271 0015
0271 0016
0271 0017
0271 0018
0271 0019
0271 0020
0271 0021
0271 0022
0271 0023
0271 0024
0271 0025
0271 0026
0272 0000
0272 0001
0272 0002
0272 0003
0272 0004
0272 0005
0272 0006
0272 0007
0272 0008
0272 0009
0272 0010
0272 0011
0272 0012
0272 0013
0272 0014
0272 0015
0272 0016
0272 0017
0272 0018
0272 0019
0272 0020
0272 0021
0272 0022
0272 0023
0272 0024
0272 0025
0273 0000
0273 0001
0273 0002
0273 0003
0273 0004
0273 0005
0273 0006
0273 0007
0273 0008
0273 0009
0273 0010
0273 0011
0273 0012
0273 0013
0273 0014
0273 0015
0273 0016
0273 0017
0273 0018
0273 0019
0273 0020
0273 0021
0273 0022
0273 0023
0279 0000
0279 0001
0279 0002
0279 0003
0279 0004
0279 0005
0279 0006
0279 0007
0279 0008
0279 0009
0279 0010
0279 0011
0279 0012
0279 0013
0279 0014
0279 0015
0279 0016
0279 0017
0279 0018
0279 0019
0279 0020
0279 0021
0279 0022
0283 0000
0283 0001
0283 0002
0283 0003
0283 0004
0283 0005
0283 0006
0283 0007
0283 0008
0283 0009
0283 0010
0283 0011
0283 0012
0283 0013
0283 0014
0283 0015
0283 0016
0283 0017
0283 0018
0283 0019
0289 0000
0289 0001
0289 0002
0289 0003
0289 0004
0289 0005
0289 0006
0289 0007
0289 0008
0289 0009
0289 0010
0289 0011
0289 0012
0289 0013
0289 0014
0289 0015
0289 0016
0289 0017
0289 0018
0289 0019
0289 0020
0289 0021
0289 0022
0289 0023
0289 0024
0289 0025
0289 0026
0290 0000
0290 0001
0290 0002
0290 0003
0290 0004
0290 0005
0290 0006
0290 0007
0290 0008
0290 0009
0290 0010
0290 0011
0290 0012
0290 0013
0290 0014
0290 0015
0290 0016
0290 0017
0290 0018
0290 0019
0290 0020
0290 0021
0290 0022
0290 0023
0290 0024
0290 0025
0297 0000
0297 0001
0297 0002
0297 0003
0297 0004
0297 0005
0297 0006
0297 0007
0297 0008
0297 0009
0297 0010
0297 0011
0297 0012
0297 0013
0297 0014
0297 0015
0297 0016
0297 0017
0297 0018
0297 0019
0297 0020
0297 0021
0297 0022
0297 0023
0297 0024
0297 0025
0297 0026
0310 0000
0310 0001
0310 0002
0310 0003
0310 0004
0310 0005
0310 0006
0310 0007
0310 0008
0310 0009
0310 0010
0310 0011
0310 0012
0310 0013
0310 0014
0310 0015
0310 0016
0312 0000
0312 0001
0312 0002
0312 0003
0312 0004
0312 0005
0312 0006
0312 0007
0312 0008
0312 0009
0312 0010
0312 0011
0312 0012
0312 0013
0312 0014
0312 0015
0312 0016
0312 0017
0312 0018
0316 0000
0316 0001
0316 0002
0316 0003
0316 0004
0316 0005
0316 0006
0316 0007
0316 0008
0316 0009
0316 0010
0316 0011
0316 0012
0316 0013
0316 0014
0316 0015
0316 0016
0316 0017
0316 0018
0316 0019
0316 0020
0316 0021
0319 0000
0319 0001
0319 0002
0319 0003
0319 0004
0319 0005
0319 0006
0319 0007
0319 0008
0319 0009
0319 0010
0319 0011
0319 0012
0329 0000
0329 0001
0329 0002
0329 0003
0329 0004
0329 0005
0329 0006
0329 0007
0329 0008
0329 0009
0329 0010
0329 0011
0329 0012
0329 0013
0329 0014
0329 0015
0329 0016
0329 0017
0329 0018
0329 0019
0329 0020
0329 0021
0329 0022
0329 0023
0329 0024
0329 0025
0329 0026
0329 0027
0329 0028
0329 0029
0334 0000
0334 0001
0334 0002
0334 0003
0334 0004
0334 0005
0334 0006
0334 0007
0334 0008
0334 0009
0334 0010
0334 0011
0334 0012
0334 0013
0334 0014
0334 0015
0334 0016
0334 0017
0334 0018
0334 0019
0334 0020
0334 0021
0334 0022
0334 0023
0342 0000
0342 0001
0342 0002
0342 0003
0342 0004
0342 0005
0342 0006
0342 0007
0342 0008
0342 0009
0342 0010
0342 0011
0342 0012
0342 0013
0342 0014
0342 0015
0342 0016
0342 0017
0342 0018
0342 0019
0342 0020
0342 0021
0342 0022
0342 0023
0342 0024
0342 0025
0342 0026
0342 0027
0342 0028
0343 0000
0343 0001
0343 0002
0343 0003
0343 0004
0343 0005
0343 0006
0343 0007
0343 0008
0343 0009
0343 0010
0343 0011
0343 0012
0343 0013
0343 0014
0343 0015
0343 0016
0343 0017
0343 0018
0343 0019
0343 0020
0351 0000
0351 0001
0351 0002
0351 0003
0351 0004
0351 0005
0351 0006
0351 0007
0351 0008
0351 0009
0351 0010
0351 0011
0351 0012
0351 0013
0351 0014
0351 0015
0351 0016
0351 0017
0351 0018
0351 0019
0351 0020
0351 0021
0351 0022
0351 0023
0351 0024
0353 0000
0353 0001
0353 0002
0353 0003
0353 0004
0353 0005
0353 0006
0353 0007
0353 0008
0353 0009
0353 0010
0353 0011
0353 0012
0353 0013
0353 0014
0353 0015
0353 0016
0353 0017
0353 0018
0353 0019
0353 0020
0353 0021
0353 0022
0353 0023
0353 0024
0353 0025
0353 0026
0353 0027
0353 0028
0354 0000
0354 0001
0354 0002
0354 0003
0354 0004
0354 0005
0354 0006
0354 0007
0354 0008
0354 0009
0354 0010
0354 0011
0354 0012
0354 0013
0354 0014
0354 0015
0354 0016
0354 0017
0354 0018
0354 0019
0354 0020
0354 0021
0354 0022
0354 0023
0354 0024
0354 0025
0354 0026
0354 0027
0356 0000
0356 0001
0356 0002
0356 0003
0356 0004
0356 0005
0356 0006
0356 0007
0356 0008
0356 0009
0356 0010
0356 0011
0356 0012
0356 0013
0356 0014
0356 0015
0356 0016
0356 0017
0356 0018
0356 0019
0356 0020
0356 0021
0356 0022
0356 0023
0356 0024
0356 0025
0356 0026
0356 0027
0372 0000
0372 0001
0372 0002
0372 0003
0372 0004
0372 0005
0372 0006
0372 0007
0372 0008
0372 0009
0372 0010
0372 0011
0372 0012
0372 0013
0372 0014
0372 0015
0372 0016
0372 0017
0372 0018
0379 0000
0379 0001
0379 0002
0379 0003
0379 0004
0379 0005
0379 0006
0379 0007
0379 0008
0379 0009
0379 0010
0379 0011
0379 0012
0379 0013
0379 0014
0379 0015
0379 0016
0379 0017
0379 0018
0380 0000
0380 0001
0380 0002
0380 0003
0380 0004
0380 0005
0380 0006
0380 0007
0380 0008
0385 0000
0385 0001
0385 0002
0385 0003
0385 0004
0385 0005
0385 0006
0385 0007
0385 0008
0385 0009
0385 0010
0385 0011
0385 0012
0385 0013
0385 0014
0385 0015
0385 0016
0385 0017
0385 0018
0385 0019
0385 0020
0385 0021
0385 0022
0388 0000
0388 0001
0388 0002
0388 0003
0388 0004
0388 0005
0388 0006
0388 0007
0388 0008
0388 0009
0388 0010
0388 0011
0388 0012
0388 0013
0388 0014
0388 0015
0388 0016
0388 0017
0388 0018
0388 0019
0388 0020
0390 0000
0390 0001
0390 0002
0390 0003
0390 0004
0390 0005
0390 0006
0390 0007
0390 0008
0390 0009
0390 0010
0390 0011
0390 0012
0390 0013
0390 0014
0390 0015
0390 0016
0390 0017
0390 0018
0390 0019
0390 0020
0390 0021
0390 0022
0390 0023
0390 0024
0390 0025
0390 0026
0390 0027
0390 0028
0390 0029
0396 0000
0396 0001
0396 0002
0396 0003
0396 0004
0396 0005
0396 0006
0396 0007
0396 0008
0396 0009
0396 0010
0396 0011
0396 0012
0396 0013
0396 0014
0396 0015
0396 0016
0396 0017
0396 0018
0396 0019
0396 0020
0396 0021
0396 0022
0396 0023
0396 0024
0398 0000
0398 0001
0398 0002
0398 0003
0398 0004
0398 0005
0398 0006
0398 0007
0398 0008
0398 0009
0398 0010
0398 0011
0398 0012
0398 0013
0398 0014
0398 0015
0398 0016
0398 0017
0398 0018
0398 0019
0398 0020
0398 0021
0399 0000
0399 0001
0399 0002
0399 0003
0399 0004
0399 0005
0399 0006
0399 0007
0399 0008
0399 0009
0399 0010
0399 0011
0399 0012
0406 0000
0406 0001
0406 0002
0406 0003
0406 0004
0406 0005
0406 0006
0406 0007
0406 0008
0406 0009
0406 0010
0406 0011
0406 0012
0406 0013
0406 0014
0406 0015
0406 0016
0406 0017
0406 0018
0406 0019
0406 0020
0406 0021
0406 0022
0406 0023
0406 0024
0406 0025
0406 0026
0406 0027
0406 0028
0408 0000
0408 0001
0408 0002
0408 0003
0408 0004
0408 0005
0408 0006
0408 0007
0408 0008
0408 0009
0408 0010
0408 0011
0408 0012
0408 0013
0408 0014
0408 0015
0408 0016
0408 0017
0408 0018
0408 0019
0408 0020
0408 0021
0408 0022
0408 0023
0408 0024
0408 0025
0408 0026
0408 0027
0408 0028
0409 0000
0409 0001
0409 0002
0409 0003
0409 0004
0409 0005
0409 0006
0409 0007
0409 0008
0409 0009
0409 0010
0409 0011
0409 0012
0409 0013
0409 0014
0409 0015
0409 0016
0409 0017
0409 0018
0415 0000
0415 0001
0415 0002
0415 0003
0415 0004
0415 0005
0415 0006
0415 0007
0415 0008
0415 0009
0415 0010
0415 0011
0415 0012
0415 0013
0415 0014
0415 0015
0415 0016
0415 0017
0415 0018
0415 0019
0415 0020
0415 0021
0415 0022
0415 0023
0415 0024
0416 0000
0416 0001
0416 0002
0416 0003
0416 0004
0416 0005
0416 0006
0416 0007
0416 0008
0416 0009
0416 0010
0416 0011
0416 0012
0416 0013
0416 0014
0416 0015
0416 0016
0416 0017
0416 0018
0416 0019
0416 0020
0416 0021
0416 0022
0416 0023
0416 0024
0416 0025
0416 0026
0416 0027
0416 0028
0422 0000
0422 0001
0422 0002
0422 0003
0422 0004
0422 0005
0422 0006
0422 0007
0422 0008
0422 0009
0422 0010
0422 0011
0422 0012
0422 0013
0422 0014
0422 0015
0422 0016
0422 0017
0422 0018
0422 0019
0422 0020
0422 0021
0422 0022
0422 0023
0422 0024
0422 0025
0430 0000
0430 0001
0430 0002
0430 0003
0430 0004
0430 0005
0430 0006
0430 0007
0430 0008
0430 0009
0430 0010
0430 0011
0430 0012
0430 0013
0430 0014
0430 0015
0430 0016
0430 0017
0430 0018
0430 0019
0435 0000
0435 0001
0435 0002
0435 0003
0435 0004
0435 0005
0435 0006
0435 0007
0435 0008
0435 0009
0435 0010
0435 0011
0435 0012
0435 0013
0435 0014
0435 0015
0435 0016
0435 0017
0435 0018
0435 0019
0435 0020
0435 0021
0435 0022
0435 0023
0435 0024
0435 0025
0435 0026
0435 0027
0435 0028
0435 0029
0437 0000
0437 0001
0437 0002
0437 0003
0437 0004
0437 0005
0437 0006
0437 0007
0437 0008
0437 0009
0437 0010
0437 0011
0437 0012
0437 0013
0437 0014
0437 0015
0437 0016
0448 0000
0448 0001
0448 0002
0448 0003
0448 0004
0448 0005
0448 0006
0448 0007
0448 0008
0448 0009
0448 0010
0448 0011
0448 0012
0454 0000
0454 0001
0454 0002
0454 0003
0454 0004
0454 0005
0454 0006
0454 0007
0454 0008
0454 0009
0454 0010
0454 0011
0454 0012
0454 0013
0454 0014
0454 0015
0454 0016
0454 0017
0454 0018
0454 0019
0454 0020
0454 0021
0454 0022
0454 0023
0454 0024
0454 0025
0454 0026
0454 0027
0454 0028
0478 0000
0478 0001
0478 0002
0478 0003
0478 0004
0478 0005
0478 0006
0478 0007
0478 0008
0478 0009
0478 0010
0478 0011
0478 0012
0478 0013
0478 0014
0478 0015
0478 0016
0478 0017
0479 0000
0479 0001
0479 0002
0479 0003
0479 0004
0479 0005
0479 0006
0479 0007
0479 0008
0479 0009
0479 0010
0479 0011
0479 0012
0479 0013
0479 0014
0479 0015
0479 0016
0479 0017
0482 0000
0482 0001
0482 0002
0482 0003
0482 0004
0482 0005
0482 0006
0482 0007
0482 0008
0482 0009
0482 0010
0482 0011
0482 0012
0482 0013
0482 0014
0482 0015
0482 0016
0482 0017
0482 0018
0486 0000
0486 0001
0486 0002
0486 0003
0486 0004
0486 0005
0486 0006
0486 0007
0486 0008
0486 0009
0486 0010
0486 0011
0486 0012
0486 0013
0486 0014
0486 0015
0486 0016
0486 0017
0486 0018
0486 0019
0486 0020
0488 0000
0488 0001
0488 0002
0488 0003
0488 0004
0488 0005
0488 0006
0488 0007
0488 0008
0488 0009
0488 0010
0488 0011
0488 0012
0488 0013
0488 0014
0488 0015
0488 0016
0488 0017
0488 0018
0488 0019
0488 0020
0488 0021
0488 0022
0488 0023
0488 0024
0488 0025
0488 0026
0488 0027
0488 0028
0488 0029
0488 0030
0488 0031
0488 0032
0488 0033
0495 0000
0495 0001
0495 0002
0495 0003
0495 0004
0495 0005
0495 0006
0495 0007
0495 0008
0495 0009
0495 0010
0495 0011
0495 0012
0495 0013
0495 0014
0495 0015
0495 0016
0495 0017
0495 0018
0495 0019
0495 0020
0496 0000
0496 0001
0496 0002
0496 0003
0496 0004
0496 0005
0496 0006
0496 0007
0496 0008
0496 0009
0496 0010
0496 0011
0496 0012
0496 0013
0496 0014
0496 0015
0496 0016
0496 0017
0496 0018
0496 0019
0496 0020
0496 0021
0496 0022
0496 0023
0496 0024
0496 0025
0496 0026
0496 0027
0496 0028
0498 0000
0498 0001
0498 0002
0498 0003
0498 0004
0498 0005
0498 0006
0498 0007
0498 0008
0498 0009
0498 0010
0498 0011
0498 0012
0498 0013
0498 0014
0498 0015
0498 0016
0498 0017
0498 0018
0498 0019
0498 0020
0498 0021
0498 0022
0498 0023
0498 0024
0498 0025
0501 0000
0501 0001
0501 0002
0501 0003
0501 0004
0501 0005
0501 0006
0501 0007
0501 0008
0501 0009
0501 0010
0501 0011
0501 0012
0501 0013
0501 0014
0501 0015
0501 0016
0501 0017
0501 0018
0501 0019
0501 0020
0501 0021
0501 0022
0501 0023
0501 0024
0501 0025
0501 0026
0503 0000
0503 0001
0503 0002
0503 0003
0503 0004
0503 0005
0503 0006
0503 0007
0503 0008
0503 0009
0503 0010
0503 0011
0503 0012
0503 0013
0503 0014
0503 0015
0503 0016
0503 0017
0503 0018
0503 0019
0503 0020
0503 0021
0512 0000
0512 0001
0512 0002
0512 0003
0512 0004
0512 0005
0512 0006
0512 0007
0512 0008
0512 0009
0512 0010
0512 0011
0512 0012
0512 0013
0512 0014
0512 0015
0512 0016
0512 0017
0512 0018
0512 0019
0512 0020
0512 0021
0512 0022
0512 0023
0512 0024
0512 0025
0512 0026
0512 0027
0512 0028
0514 0000
0514 0001
0514 0002
0514 0003
0514 0004
0514 0005
0514 0006
0514 0007
0514 0008
0514 0009
0514 0010
0514 0011
0514 0012
0514 0013
0514 0014
0514 0015
0514 0016
0514 0017
0529 0000
0529 0001
0529 0002
0529 0003
0529 0004
0529 0005
0529 0006
0529 0007
0529 0008
0529 0009
0529 0010
0529 0011
0529 0012
0529 0013
0529 0014
0529 0015
0531 0000
0531 0001
0531 0002
0531 0003
0531 0004
0531 0005
0531 0006
0531 0007
0531 0008
0531 0009
0531 0010
0531 0011
0531 0012
0531 0013
0531 0014
0531 0015
0531 0016
0531 0017
0531 0018
0531 0019
0531 0020
0531 0021
0531 0022
0531 0023
0531 0024
0531 0025
0533 0000
0533 0001
0533 0002
0533 0003
0533 0004
0533 0005
0533 0006
0533 0007
0533 0008
0533 0009
0533 0010
0533 0011
0533 0012
0533 0013
0533 0014
0533 0015
0533 0016
0533 0017
0533 0018
0533 0019
0533 0020
0535 0000
0535 0001
0535 0002
0535 0003
0535 0004
0535 0005
0535 0006
0535 0007
0535 0008
0535 0009
0535 0010
0535 0011
0535 0012
0535 0013
0535 0014
0535 0015
0535 0016
0535 0017
0535 0018
0535 0019
0535 0020
0535 0021
0535 0022
0535 0023
0538 0000
0538 0001
0538 0002
0538 0003
0538 0004
0538 0005
0538 0006
0538 0007
0538 0008
0538 0009
0538 0010
0538 0011
0538 0012
0538 0013
0538 0014
0538 0015
0538 0016
0538 0017
0538 0018
0538 0019
0543 0000
0543 0001
0543 0002
0543 0003
0543 0004
0543 0005
0543 0006
0543 0007
0543 0008
0543 0009
0543 0010
0543 0011
0543 0012
0543 0013
0543 0014
0543 0015
0543 0016
0543 0017
0543 0018
0543 0019
0543 0020
0543 0021
0543 0022
0543 0023
0543 0024
0543 0025
0546 0000
0546 0001
0546 0002
0546 0003
0546 0004
0546 0005
0546 0006
0546 0007
0546 0008
0546 0009
0546 0010
0546 0011
0546 0012
0546 0013
0546 0014
0546 0015
0546 0016
0546 0017
0549 0000
0549 0001
0549 0002
0549 0003
0549 0004
0549 0005
0549 0006
0549 0007
0549 0008
0549 0009
0549 0010
0549 0011
0549 0012
0549 0013
0549 0014
0549 0015
0549 0016
0549 0017
0549 0018
0549 0019
0549 0020
0549 0021
0549 0022
0549 0023
0549 0024
0551 0000
0551 0001
0551 0002
0551 0003
0551 0004
0551 0005
0551 0006
0551 0007
0551 0008
0551 0009
0551 0010
0551 0011
0551 0012
0551 0013
0551 0014
0551 0015
0551 0016
0551 0017
0551 0018
0551 0019
0551 0020
0551 0021
0551 0022
0551 0023
0551 0024
0551 0025
0551 0026
0551 0027
0551 0028
0551 0029
0551 0030
0557 0000
0557 0001
0557 0002
0557 0003
0557 0004
0557 0005
0557 0006
0557 0007
0557 0008
0557 0009
0557 0010
0557 0011
0557 0012
0557 0013
0557 0014
0557 0015
0557 0016
0560 0000
0560 0001
0560 0002
0560 0003
0560 0004
0560 0005
0560 0006
0560 0007
0560 0008
0560 0009
0560 0010
0560 0011
0560 0012
0560 0013
0560 0014
0560 0015
0560 0016
0560 0017
0561 0000
0561 0001
0561 0002
0561 0003
0561 0004
0561 0005
0561 0006
0561 0007
0561 0008
0561 0009
0561 0010
0561 0011
0561 0012
0561 0013
0561 0014
0561 0015
0561 0016
0561 0017
0561 0018
0561 0019
0561 0020
0561 0021
0561 0022
0561 0023
0561 0024
0561 0025
0561 0026
0561 0027
0561 0028
0561 0029
0561 0030
0562 0000
0562 0001
0562 0002
0562 0003
0562 0004
0562 0005
0562 0006
0562 0007
0562 0008
0562 0009
0562 0010
0562 0011
0562 0012
0562 0013
0562 0014
0562 0015
0562 0016
0562 0017
0562 0018
0562 0019
0562 0020
0562 0021
0562 0022
0562 0023
0562 0024
0562 0025
0562 0026
0562 0027
0562 0028
0562 0029
0562 0030
0564 0000
0564 0001
0564 0002
0564 0003
0564 0004
0564 0005
0564 0006
0564 0007
0564 0008
0564 0009
0564 0010
0564 0011
0564 0012
0564 0013
0564 0014
0564 0015
0564 0016
0564 0017
0564 0018
0564 0019
0564 0020
0566 0000
0566 0001
0566 0002
0566 0003
0566 0004
0566 0005
0566 0006
0566 0007
0566 0008
0566 0009
0566 0010
0566 0011
0566 0012
0566 0013
0566 0014
0566 0015
0566 0016
0566 0017
0566 0018
0566 0019
0581 0000
0581 0001
0581 0002
0581 0003
0581 0004
0581 0005
0581 0006
0581 0007
0581 0008
0581 0009
0581 0010
0581 0011
0581 0012
0581 0013
0581 0014
0581 0015
0581 0016
0581 0017
0581 0018
0581 0019
0581 0020
0581 0021
0589 0000
0589 0001
0589 0002
0589 0003
0589 0004
0589 0005
0589 0006
0589 0007
0589 0008
0589 0009
0589 0010
0589 0011
0589 0012
0589 0013
0589 0014
0589 0015
0589 0016
0589 0017
0594 0000
0594 0001
0594 0002
0594 0003
0594 0004
0594 0005
0594 0006
0594 0007
0594 0008
0594 0009
0594 0010
0594 0011
0594 0012
0594 0013
0594 0014
0594 0015
0594 0016
0594 0017
0594 0018
0594 0019
0594 0020
0594 0021
0594 0022
0594 0023
0600 0000
0600 0001
0600 0002
0600 0003
0600 0004
0600 0005
0600 0006
0600 0007
0600 0008
0600 0009
0600 0010
0600 0011
0600 0012
0600 0013
0600 0014
0600 0015
0600 0016
0600 0017
0600 0018
0614 0000
0614 0001
0614 0002
0614 0003
0614 0004
0614 0005
0614 0006
0614 0007
0614 0008
0614 0009
0614 0010
0614 0011
0614 0012
0614 0013
0614 0014
0614 0015
0614 0016
0614 0017
0614 0018
0614 0019
0614 0020
0614 0021
0614 0022
0614 0023
0614 0024
0614 0025
0616 0000
0616 0001
0616 0002
0616 0003
0616 0004
0616 0005
0616 0006
0616 0007
0616 0008
0616 0009
0616 0010
0616 0011
0616 0012
0616 0013
0616 0014
0616 0015
0616 0016
0616 0017
0616 0018
0616 0019
0616 0020
0619 0000
0619 0001
0619 0002
0619 0003
0619 0004
0619 0005
0619 0006
0619 0007
0619 0008
0619 0009
0619 0010
0619 0011
0619 0012
0619 0013
0619 0014
0619 0015
0620 0000
0620 0001
0620 0002
0620 0003
0620 0004
0620 0005
0620 0006
0620 0007
0620 0008
0620 0009
0620 0010
0620 0011
0620 0012
0620 0013
0620 0014
0620 0015
0620 0016
0620 0017
0620 0018
0620 0019
0620 0020
0620 0021
0620 0022
0621 0000
0621 0001
0621 0002
0621 0003
0621 0004
0621 0005
0621 0006
0621 0007
0621 0008
0621 0009
0621 0010
0621 0011
0621 0012
0621 0013
0621 0014
0621 0015
0621 0016
0621 0017
0621 0018
0621 0019
0621 0020
0621 0021
0621 0022
0624 0000
0624 0001
0624 0002
0624 0003
0624 0004
0624 0005
0624 0006
0624 0007
0624 0008
0624 0009
0624 0010
0624 0011
0624 0012
0624 0013
0624 0014
0624 0015
0624 0016
0624 0017
0624 0018
0624 0019
0624 0020
0624 0021
0624 0022
0624 0023
0624 0024
0624 0025
0624 0026
0627 0000
0627 0001
0627 0002
0627 0003
0627 0004
0627 0005
0627 0006
0627 0007
0627 0008
0627 0009
0627 0010
0627 0011
0627 0012
0627 0013
0627 0014
0627 0015
0627 0016
0627 0017
0627 0018
0627 0019
0627 0020
0627 0021
0628 0000
0628 0001
0628 0002
0628 0003
0628 0004
0628 0005
0628 0006
0628 0007
0628 0008
0628 0009
0628 0010
0628 0011
0628 0012
0628 0013
0628 0014
0628 0015
0628 0016
0628 0017
0628 0018
0628 0019
0628 0020
0628 0021
0629 0000
0629 0001
0629 0002
0629 0003
0629 0004
0629 0005
0629 0006
0629 0007
0629 0008
0629 0009
0629 0010
0629 0011
0629 0012
0629 0013
0629 0014
0629 0015
0629 0016
0629 0017
0629 0018
0629 0019
0629 0020
0629 0021
0629 0022
0629 0023
0629 0024
0639 0000
0639 0001
0639 0002
0639 0003
0639 0004
0639 0005
0639 0006
0639 0007
0639 0008
0639 0009
0639 0010
0639 0011
0639 0012
0639 0013
0639 0014
0639 0015
0639 0016
0639 0017
0642 0000
0642 0001
0642 0002
0642 0003
0642 0004
0642 0005
0642 0006
0642 0007
0642 0008
0642 0009
0642 0010
0642 0011
0642 0012
0642 0013
0642 0014
0642 0015
0642 0016
0642 0017
0645 0000
0645 0001
0645 0002
0645 0003
0645 0004
0645 0005
0645 0006
0645 0007
0645 0008
0645 0009
0645 0010
0645 0011
0645 0012
0645 0013
0645 0014
0647 0000
0647 0001
0647 0002
0647 0003
0647 0004
0647 0005
0647 0006
0647 0007
0647 0008
0647 0009
0647 0010
0647 0011
0647 0012
0647 0013
0647 0014
0647 0015
0647 0016
0647 0017
0647 0018
0647 0019
0649 0000
0649 0001
0649 0002
0649 0003
0649 0004
0649 0005
0649 0006
0649 0007
0649 0008
0649 0009
0649 0010
0649 0011
0649 0012
0649 0013
0649 0014
0649 0015
0649 0016
0649 0017
0649 0018
0649 0019
0649 0020
0649 0021
0649 0022
0649 0023
0649 0024
0649 0025
0649 0026
0649 0027
0650 0000
0650 0001
0650 0002
0650 0003
0650 0004
0650 0005
0650 0006
0650 0007
0650 0008
0650 0009
0650 0010
0650 0011
0650 0012
0650 0013
0650 0014
0650 0015
0650 0016
0650 0017
0650 0018
0650 0019
0650 0020
0650 0021
0650 0022
0650 0023
0650 0024
0650 0025
0650 0026
0650 0027
0661 0000
0661 0001
0661 0002
0661 0003
0661 0004
0661 0005
0661 0006
0661 0007
0661 0008
0661 0009
0661 0010
0661 0011
0661 0012
0661 0013
0661 0014
0661 0015
0661 0016
0661 0017
0661 0018
0661 0019
0661 0020
0661 0021
0661 0022
0661 0023
0661 0024
0661 0025
0662 0000
0662 0001
0662 0002
0662 0003
0662 0004
0662 0005
0662 0006
0662 0007
0662 0008
0662 0009
0662 0010
0662 0011
0662 0012
0662 0013
0662 0014
0662 0015
0662 0016
0670 0000
0670 0001
0670 0002
0670 0003
0670 0004
0670 0005
0670 0006
0670 0007
0670 0008
0670 0009
0670 0010
0670 0011
0670 0012
0670 0013
0670 0014
0670 0015
0670 0016
0670 0017
0670 0018
0670 0019
0672 0000
0672 0001
0672 0002
0672 0003
0672 0004
0672 0005
0672 0006
0672 0007
0672 0008
0672 0009
0672 0010
0672 0011
0672 0012
0672 0013
0672 0014
0672 0015
0672 0016
0672 0017
0672 0018
0672 0019
0672 0020
0672 0021
0672 0022
0672 0023
0672 0024
0672 0025
0672 0026
0672 0027
0679 0000
0679 0001
0679 0002
0679 0003
0679 0004
0679 0005
0679 0006
0679 0007
0679 0008
0679 0009
0679 0010
0679 0011
0679 0012
0679 0013
0679 0014
0680 0000
0680 0001
0680 0002
0680 0003
0680 0004
0680 0005
0680 0006
0680 0007
0680 0008
0680 0009
0680 0010
0680 0011
0680 0012
0680 0013
0680 0014
0680 0015
0680 0016
0680 0017
0680 0018
0680 0019
0680 0020
0680 0021
0680 0022
0680 0023
0680 0024
0680 0025
0686 0000
0686 0001
0686 0002
0686 0003
0686 0004
0686 0005
0686 0006
0686 0007
0686 0008
0686 0009
0686 0010
0686 0011
0686 0012
0686 0013
0686 0014
0686 0015
0686 0016
0686 0017
0686 0018
0686 0019
0686 0020
0686 0021
0686 0022
0686 0023
0686 0024
0686 0025
0695 0000
0695 0001
0695 0002
0695 0003
0695 0004
0695 0005
0695 0006
0695 0007
0695 0008
0695 0009
0695 0010
0695 0011
0695 0012
0695 0013
0695 0014
0695 0015
0695 0016
0695 0017
0695 0018
0695 0019
0695 0020
0695 0021
0695 0022
0695 0023
0695 0024
0695 0025
0695 0026
0695 0027
0697 0000
0697 0001
0697 0002
0697 0003
0697 0004
0697 0005
0697 0006
0697 0007
0697 0008
0697 0009
0697 0010
0697 0011
0697 0012
0697 0013
0697 0014
0697 0015
0697 0016
0697 0017
0697 0018
0697 0019
0697 0020
0699 0000
0699 0001
0699 0002
0699 0003
0699 0004
0699 0005
0699 0006
0699 0007
0699 0008
0699 0009
0699 0010
0699 0011
0699 0012
0699 0013
0699 0014
0699 0015
0699 0016
0699 0017
0699 0018
0699 0019
0699 0020
0699 0021
0705 0000
0705 0001
0705 0002
0705 0003
0705 0004
0705 0005
0705 0006
0705 0007
0705 0008
0705 0009
0705 0010
0705 0011
0705 0012
0705 0013
0705 0014
0705 0015
0705 0016
0705 0017
0705 0018
0705 0019
0707 0000
0707 0001
0707 0002
0707 0003
0707 0004
0707 0005
0707 0006
0707 0007
0707 0008
0707 0009
0707 0010
0707 0011
0707 0012
0707 0013
0707 0014
0707 0015
0707 0016
0707 0017
0707 0018
0707 0019
0707 0020
0707 0021
0707 0022
0707 0023
0707 0024
0707 0025
0707 0026
0707 0027
0710 0000
0710 0001
0710 0002
0710 0003
0710 0004
0710 0005
0710 0006
0710 0007
0710 0008
0710 0009
0710 0010
0710 0011
0710 0012
0710 0013
0710 0014
0710 0015
0710 0016
0710 0017
0710 0018
0710 0019
0710 0020
0710 0021
0710 0022
0710 0023
0710 0024
0710 0025
0710 0026
0710 0027
0710 0028
0713 0000
0713 0001
0713 0002
0713 0003
0713 0004
0713 0005
0713 0006
0713 0007
0713 0008
0713 0009
0713 0010
0713 0011
0713 0012
0713 0013
0715 0000
0715 0001
0715 0002
0715 0003
0715 0004
0715 0005
0715 0006
0715 0007
0715 0008
0715 0009
0715 0010
0715 0011
0715 0012
0715 0013
0715 0014
0715 0015
0715 0016
0715 0017
0715 0018
0715 0019
0715 0020
0715 0021
0715 0022
0715 0023
0716 0000
0716 0001
0716 0002
0716 0003
0716 0004
0716 0005
0716 0006
0716 0007
0716 0008
0716 0009
0716 0010
0716 0011
0716 0012
0716 0013
0716 0014
0716 0015
0716 0016
0716 0017
0716 0018
0716 0019
0716 0020
0716 0021
0716 0022
0716 0023
0716 0024
0716 0025
0716 0026
0716 0027
0721 0000
0721 0001
0721 0002
0721 0003
0721 0004
0721 0005
0721 0006
0721 0007
0721 0008
0721 0009
0721 0010
0721 0011
0721 0012
0721 0013
0721 0014
0721 0015
0721 0016
0721 0017
0721 0018
0721 0019
0721 0020
0721 0021
0721 0022
0721 0023
0721 0024
0731 0000
0731 0001
0731 0002
0731 0003
0731 0004
0731 0005
0731 0006
0731 0007
0731 0008
0731 0009
0731 0010
0731 0011
0731 0012
0731 0013
0731 0014
0731 0015
0731 0016
0731 0017
0731 0018
0731 0019
0731 0020
0731 0021
0732 0000
0732 0001
0732 0002
0732 0003
0732 0004
0732 0005
0732 0006
0732 0007
0732 0008
0732 0009
0732 0010
0732 0011
0732 0012
0732 0013
0732 0014
0732 0015
0733 0000
0733 0001
0733 0002
0733 0003
0733 0004
0733 0005
0733 0006
0733 0007
0733 0008
0733 0009
0733 0010
0733 0011
0733 0012
0733 0013
0733 0014
0733 0015
0733 0016
0733 0017
0733 0018
0733 0019
0733 0020
0733 0021
0733 0022
0733 0023
0733 0024
0738 0000
0738 0001
0738 0002
0738 0003
0738 0004
0738 0005
0738 0006
0738 0007
0738 0008
0738 0009
0738 0010
0738 0011
0738 0012
0738 0013
0738 0014
0738 0015
0738 0016
0738 0017
0738 0018
0738 0019
0738 0020
0738 0021
0738 0022
0738 0023
0738 0024
0738 0025
0738 0026
0738 0027
0738 0028
0744 0000
0744 0001
0744 0002
0744 0003
0744 0004
0744 0005
0744 0006
0744 0007
0744 0008
0744 0009
0744 0010
0744 0011
0744 0012
0744 0013
0748 0000
0748 0001
0748 0002
0748 0003
0748 0004
0748 0005
0748 0006
0748 0007
0748 0008
0748 0009
0748 0010
0748 0011
0748 0012
0748 0013
0748 0014
0748 0015
0748 0016
0748 0017
0748 0018
0748 0019
0748 0020
0748 0021
0748 0022
0748 0023
0748 0024
0748 0025
0748 0026
0748 0027
0749 0000
0749 0001
0749 0002
0749 0003
0749 0004
0749 0005
0749 0006
0749 0007
0749 0008
0749 0009
0749 0010
0749 0011
0749 0012
0749 0013
0749 0014
0749 0015
0749 0016
0749 0017
0749 0018
0749 0019
0749 0020
0749 0021
0749 0022
0749 0023
0749 0024
0749 0025
0749 0026
0749 0027
0750 0000
0750 0001
0750 0002
0750 0003
0750 0004
0750 0005
0750 0006
0750 0007
0750 0008
0750 0009
0750 0010
0750 0011
0750 0012
0750 0013
0750 0014
0750 0015
0750 0016
0750 0017
0753 0000
0753 0001
0753 0002
0753 0003
0753 0004
0753 0005
0753 0006
0753 0007
0753 0008
0753 0009
0753 0010
0753 0011
0753 0012
0753 0013
0753 0014
0753 0015
0753 0016
0753 0017
0753 0018
0753 0019
0753 0020
0753 0021
0753 0022
0775 0000
0775 0001
0775 0002
0775 0003
0775 0004
0775 0005
0775 0006
0775 0007
0775 0008
0775 0009
0775 0010
0775 0011
0775 0012
0775 0013
0775 0014
0775 0015
0775 0016
0775 0017
0775 0018
0775 0019
0775 0020
0775 0021
0776 0000
0776 0001
0776 0002
0776 0003
0776 0004
0776 0005
0776 0006
0776 0007
0776 0008
0776 0009
0776 0010
0776 0011
0776 0012
0776 0013
0776 0014
0776 0015
0776 0016
0776 0017
0776 0018
0776 0019
0776 0020
0776 0021
0776 0022
0776 0023
0776 0024
0776 0025
0776 0026
0776 0027
0776 0028
0776 0029
0781 0000
0781 0001
0781 0002
0781 0003
0781 0004
0781 0005
0781 0006
0781 0007
0781 0008
0781 0009
0781 0010
0781 0011
0781 0012
0781 0013
0781 0014
0781 0015
0781 0016
0781 0017
0781 0018
0781 0019
0781 0020
0781 0021
0781 0022
0781 0023
0781 0024
0781 0025
0785 0000
0785 0001
0785 0002
0785 0003
0785 0004
0785 0005
0785 0006
0785 0007
0785 0008
0785 0009
0785 0010
0785 0011
0785 0012
0785 0013
0785 0014
0785 0015
0785 0016
0785 0017
0785 0018
0785 0019
0785 0020
0785 0021
0785 0022
0785 0023
0785 0024
0785 0025
0785 0026
0785 0027
0785 0028
0785 0029
0785 0030
0786 0000
0786 0001
0786 0002
0786 0003
0786 0004
0786 0005
0786 0006
0786 0007
0786 0008
0786 0009
0786 0010
0786 0011
0786 0012
0786 0013
0786 0014
0786 0015
0786 0016
0786 0017
0786 0018
0793 0000
0793 0001
0793 0002
0793 0003
0793 0004
0793 0005
0793 0006
0793 0007
0793 0008
0793 0009
0793 0010
0793 0011
0793 0012
0793 0013
0793 0014
0793 0015
0793 0016
0793 0017
0793 0018
0793 0019
0798 0000
0798 0001
0798 0002
0798 0003
0798 0004
0798 0005
0798 0006
0798 0007
0798 0008
0798 0009
0798 0010
0798 0011
0798 0012
0798 0013
0798 0014
0798 0015
0798 0016
0798 0017
0798 0018
0798 0019
0798 0020
0798 0021
0798 0022
0808 0000
0808 0001
0808 0002
0808 0003
0808 0004
0808 0005
0808 0006
0808 0007
0808 0008
0808 0009
0808 0010
0808 0011
0808 0012
0808 0013
0808 0014
0808 0015
0808 0016
0808 0017
0808 0018
0809 0000
0809 0001
0809 0002
0809 0003
0809 0004
0809 0005
0809 0006
0809 0007
0809 0008
0809 0009
0809 0010
0809 0011
0809 0012
0809 0013
0809 0014
0809 0015
0809 0016
0809 0017
0809 0018
0811 0000
0811 0001
0811 0002
0811 0003
0811 0004
0811 0005
0811 0006
0811 0007
0811 0008
0811 0009
0811 0010
0811 0011
0811 0012
0811 0013
0811 0014
0811 0015
0818 0000
0818 0001
0818 0002
0818 0003
0818 0004
0818 0005
0818 0006
0818 0007
0818 0008
0818 0009
0818 0010
0818 0011
0818 0012
0818 0013
0818 0014
0818 0015
0818 0016
0818 0017
0818 0018
0818 0019
0818 0020
0818 0021
0818 0022
0825 0000
0825 0001
0825 0002
0825 0003
0825 0004
0825 0005
0825 0006
0825 0007
0825 0008
0825 0009
0825 0010
0825 0011
0825 0012
0825 0013
0825 0014
0825 0015
0825 0016
0825 0017
0825 0018
0825 0019
0825 0020
0825 0021
0825 0022
0825 0023
0825 0024
0825 0025
0825 0026
0825 0027
0825 0028
0825 0029
0825 0030
0832 0000
0832 0001
0832 0002
0832 0003
0832 0004
0832 0005
0832 0006
0832 0007
0832 0008
0832 0009
0832 0010
0832 0011
0832 0012
0832 0013
0832 0014
0832 0015
0832 0016
0832 0017
0832 0018
0832 0019
0832 0020
0832 0021
0832 0022
0832 0023
0832 0024
0832 0025
0832 0026
0832 0027
0832 0028
0832 0029
0832 0030
0832 0031
0832 0032
0843 0000
0843 0001
0843 0002
0843 0003
0843 0004
0843 0005
0843 0006
0843 0007
0843 0008
0843 0009
0843 0010
0843 0011
0843 0012
0843 0013
0843 0014
0843 0015
0843 0016
0843 0017
0844 0000
0844 0001
0844 0002
0844 0003
0844 0004
0844 0005
0844 0006
0844 0007
0844 0008
0844 0009
0844 0010
0844 0011
0844 0012
0844 0013
0849 0000
0849 0001
0849 0002
0849 0003
0849 0004
0849 0005
0849 0006
0849 0007
0849 0008
0849 0009
0849 0010
0849 0011
0849 0012
0849 0013
0849 0014
0849 0015
0849 0016
0849 0017
0849 0018
0849 0019
0849 0020
0849 0021
0849 0022
0849 0023
0851 0000
0851 0001
0851 0002
0851 0003
0851 0004
0851 0005
0851 0006
0851 0007
0851 0008
0851 0009
0851 0010
0851 0011
0851 0012
0851 0013
0851 0014
0851 0015
0851 0016
0851 0017
0851 0018
0851 0019
0851 0020
0851 0021
0852 0000
0852 0001
0852 0002
0852 0003
0852 0004
0852 0005
0852 0006
0852 0007
0852 0008
0852 0009
0852 0010
0852 0011
0852 0012
0852 0013
0852 0014
0852 0015
0852 0016
0852 0017
0852 0018
0852 0019
0852 0020
0852 0021
0852 0022
0852 0023
0852 0024
0852 0025
0852 0026
0852 0027
0852 0028
0854 0000
0854 0001
0854 0002
0854 0003
0854 0004
0854 0005
0854 0006
0854 0007
0854 0008
0854 0009
0854 0010
0854 0011
0854 0012
0854 0013
0854 0014
0854 0015
0854 0016
0854 0017
0854 0018
0854 0019
0854 0020
0854 0021
0854 0022
0854 0023
0854 0024
0854 0025
0854 0026
0858 0000
0858 0001
0858 0002
0858 0003
0858 0004
0858 0005
0858 0006
0858 0007
0858 0008
0858 0009
0858 0010
0858 0011
0858 0012
0858 0013
0858 0014
0858 0015
0858 0016
0858 0017
0858 0018
0858 0019
0858 0020
0858 0021
0858 0022
0859 0000
0859 0001
0859 0002
0859 0003
0859 0004
0859 0005
0859 0006
0859 0007
0859 0008
0859 0009
0859 0010
0859 0011
0859 0012
0859 0013
0859 0014
0859 0015
0859 0016
0859 0017
0859 0018
0859 0019
0859 0020
0859 0021
0859 0022
0859 0023
0859 0024
0859 0025
0859 0026
0859 0027
0859 0028
0859 0029
0859 0030
0859 0031
0859 0032
0859 0033
0864 0000
0864 0001
0864 0002
0864 0003
0864 0004
0864 0005
0864 0006
0864 0007
0864 0008
0864 0009
0864 0010
0864 0011
0864 0012
0864 0013
0864 0014
0864 0015
0864 0016
0864 0017
0864 0018
0864 0019
0864 0020
0864 0021
0865 0000
0865 0001
0865 0002
0865 0003
0865 0004
0865 0005
0865 0006
0865 0007
0865 0008
0865 0009
0865 0010
0865 0011
0865 0012
0865 0013
0865 0014
0865 0015
0865 0016
0865 0017
0865 0018
0865 0019
0865 0020
0865 0021
0865 0022
0865 0023
0880 0000
0880 0001
0880 0002
0880 0003
0880 0004
0880 0005
0880 0006
0880 0007
0880 0008
0880 0009
0880 0010
0880 0011
0880 0012
0880 0013
0880 0014
0880 0015
0880 0016
0880 0017
0880 0018
0880 0019
0881 0000
0881 0001
0881 0002
0881 0003
0881 0004
0881 0005
0881 0006
0881 0007
0881 0008
0881 0009
0881 0010
0881 0011
0881 0012
0881 0013
0881 0014
0881 0015
0881 0016
0881 0017
0881 0018
0881 0019
0881 0020
0881 0021
0881 0022
0881 0023
0881 0024
0881 0025
0881 0026
0881 0027
0881 0028
0881 0029
0882 0000
0882 0001
0882 0002
0882 0003
0882 0004
0882 0005
0882 0006
0882 0007
0882 0008
0882 0009
0882 0010
0882 0011
0882 0012
0882 0013
0882 0014
0886 0000
0886 0001
0886 0002
0886 0003
0886 0004
0886 0005
0886 0006
0886 0007
0886 0008
0886 0009
0886 0010
0886 0011
0886 0012
0886 0013
0886 0014
0886 0015
0886 0016
0886 0017
0886 0018
0886 0019
0886 0020
0886 0021
0892 0000
0892 0001
0892 0002
0892 0003
0892 0004
0892 0005
0892 0006
0892 0007
0892 0008
0892 0009
0892 0010
0892 0011
0892 0012
0892 0013
0892 0014
0892 0015
0892 0016
0894 0000
0894 0001
0894 0002
0894 0003
0894 0004
0894 0005
0894 0006
0894 0007
0894 0008
0894 0009
0894 0010
0894 0011
0894 0012
0894 0013
0894 0014
0894 0015
0894 0016
0894 0017
0894 0018
0894 0019
0894 0020
0894 0021
0895 0000
0895 0001
0895 0002
0895 0003
0895 0004
0895 0005
0895 0006
0895 0007
0895 0008
0895 0009
0895 0010
0895 0011
0895 0012
0895 0013
0895 0014
0895 0015
0895 0016
0895 0017
0895 0018
0895 0019
0895 0020
0895 0021
0895 0022
0895 0023
0895 0024
0897 0000
0897 0001
0897 0002
0897 0003
0897 0004
0897 0005
0897 0006
0897 0007
0897 0008
0897 0009
0897 0010
0897 0011
0897 0012
0897 0013
0897 0014
0898 0000
0898 0001
0898 0002
0898 0003
0898 0004
0898 0005
0898 0006
0898 0007
0898 0008
0898 0009
0898 0010
0898 0011
0898 0012
0898 0013
0898 0014
0898 0015
0898 0016
0898 0017
0899 0000
0899 0001
0899 0002
0899 0003
0899 0004
0899 0005
0899 0006
0899 0007
0899 0008
0899 0009
0899 0010
0899 0011
0899 0012
0899 0013
0899 0014
0899 0015
0899 0016
0899 0017
0899 0018
0899 0019
0899 0020
0899 0021
0900 0000
0900 0001
0900 0002
0900 0003
0900 0004
0900 0005
0900 0006
0900 0007
0900 0008
0900 0009
0900 0010
0900 0011
0900 0012
0900 0013
0900 0014
0900 0015
0901 0000
0901 0001
0901 0002
0901 0003
0901 0004
0901 0005
0901 0006
0901 0007
0901 0008
0901 0009
0901 0010
0901 0011
0901 0012
0901 0013
0901 0014
0901 0015
0901 0016
0901 0017
0901 0018
0901 0019
0901 0020
0901 0021
0901 0022
0901 0023
0901 0024
0904 0000
0904 0001
0904 0002
0904 0003
0904 0004
0904 0005
0904 0006
0904 0007
0904 0008
0904 0009
0904 0010
0904 0011
0904 0012
0904 0013
0904 0014
0904 0015
0904 0016
0904 0017
0904 0018
0904 0019
0904 0020
0904 0021
0905 0000
0905 0001
0905 0002
0905 0003
0905 0004
0905 0005
0905 0006
0905 0007
0905 0008
0905 0009
0905 0010
0905 0011
0905 0012
0905 0013
0905 0014
0905 0015
0905 0016
0905 0017
0905 0018
0905 0019
0905 0020
0905 0021
0905 0022
0905 0023
0905 0024
0907 0000
0907 0001
0907 0002
0907 0003
0907 0004
0907 0005
0907 0006
0907 0007
0907 0008
0907 0009
0907 0010
0907 0011
0907 0012
0907 0013
0907 0014
0907 0015
0907 0016
0907 0017
0907 0018
0907 0019
0907 0020
0907 0021
0907 0022
0907 0023
0907 0024
0907 0025
0909 0000
0909 0001
0909 0002
0909 0003
0909 0004
0909 0005
0909 0006
0909 0007
0909 0008
0909 0009
0909 0010
0909 0011
0909 0012
0909 0013
0909 0014
0909 0015
0909 0016
0909 0017
0909 0018
0909 0019
0909 0020
0909 0021
0914 0000
0914 0001
0914 0002
0914 0003
0914 0004
0914 0005
0914 0006
0914 0007
0914 0008
0914 0009
0914 0010
0914 0011
0914 0012
0914 0013
0914 0014
0914 0015
0914 0016
0914 0017
0914 0018
0914 0019
0914 0020
0914 0021
0914 0022
0914 0023
0914 0024
0914 0025
0914 0026
0914 0027
0914 0028
0914 0029
0914 0030
0914 0031
0914 0032
0915 0000
0915 0001
0915 0002
0915 0003
0915 0004
0915 0005
0915 0006
0915 0007
0915 0008
0915 0009
0915 0010
0915 0011
0915 0012
0915 0013
0915 0014
0915 0015
0915 0016
0915 0017
0915 0018
0915 0019
0915 0020
0916 0000
0916 0001
0916 0002
0916 0003
0916 0004
0916 0005
0916 0006
0916 0007
0916 0008
0916 0009
0916 0010
0916 0011
0916 0012
0916 0013
0916 0014
0916 0015
0916 0016
0916 0017
0916 0018
0916 0019
0916 0020
0916 0021
0916 0022
0916 0023
0916 0024
0916 0025
0916 0026
0916 0027
0916 0028
0916 0029
0917 0000
0917 0001
0917 0002
0917 0003
0917 0004
0917 0005
0917 0006
0917 0007
0917 0008
0917 0009
0917 0010
0917 0011
0917 0012
0917 0013
0917 0014
0917 0015
0917 0016
0917 0017
0917 0018
0917 0019
0917 0020
0925 0000
0925 0001
0925 0002
0925 0003
0925 0004
0925 0005
0925 0006
0925 0007
0925 0008
0925 0009
0925 0010
0925 0011
0925 0012
0925 0013
0925 0014
0927 0000
0927 0001
0927 0002
0927 0003
0927 0004
0927 0005
0927 0006
0927 0007
0927 0008
0927 0009
0927 0010
0927 0011
0927 0012
0927 0013
0927 0014
0927 0015
0927 0016
0927 0017
0927 0018
0927 0019
0927 0020
0927 0021
0927 0022
0927 0023
0927 0024
0930 0000
0930 0001
0930 0002
0930 0003
0930 0004
0930 0005
0930 0006
0930 0007
0930 0008
0930 0009
0930 0010
0930 0011
0930 0012
0930 0013
0930 0014
0930 0015
0930 0016
0930 0017
0930 0018
0930 0019
0930 0020
0932 0000
0932 0001
0932 0002
0932 0003
0932 0004
0932 0005
0932 0006
0932 0007
0932 0008
0932 0009
0932 0010
0932 0011
0932 0012
0932 0013
0932 0014
0932 0015
0932 0016
0932 0017
0932 0018
0932 0019
0932 0020
0932 0021
0932 0022
0932 0023
0932 0024
0932 0025
0938 0000
0938 0001
0938 0002
0938 0003
0938 0004
0938 0005
0938 0006
0938 0007
0938 0008
0938 0009
0938 0010
0938 0011
0938 0012
0938 0013
0938 0014
0938 0015
0938 0016
0938 0017
0938 0018
0938 0019
0949 0000
0949 0001
0949 0002
0949 0003
0949 0004
0949 0005
0949 0006
0949 0007
0949 0008
0949 0009
0949 0010
0949 0011
0949 0012
0949 0013
0949 0014
0949 0015
0949 0016
0949 0017
0949 0018
0949 0019
0949 0020
0949 0021
0949 0022
0949 0023
0949 0024
0949 0025
0949 0026
0949 0027
0949 0028
0949 0029
0949 0030
0949 0031
0956 0000
0956 0001
0956 0002
0956 0003
0956 0004
0956 0005
0956 0006
0956 0007
0956 0008
0956 0009
0956 0010
0956 0011
0956 0012
0956 0013
0956 0014
0956 0015
0956 0016
0956 0017
0956 0018
0959 0000
0959 0001
0959 0002
0959 0003
0959 0004
0959 0005
0959 0006
0959 0007
0959 0008
0959 0009
0959 0010
0959 0011
0959 0012
0959 0013
0959 0014
0959 0015
0959 0016
0959 0017
0959 0018
0959 0019
0959 0020
0963 0000
0963 0001
0963 0002
0963 0003
0963 0004
0963 0005
0963 0006
0963 0007
0963 0008
0963 0009
0963 0010
0963 0011
0963 0012
0963 0013
0963 0014
0963 0015
0963 0016
0963 0017
0963 0018
0963 0019
0963 0020
0965 0000
0965 0001
0965 0002
0965 0003
0965 0004
0965 0005
0965 0006
0965 0007
0965 0008
0965 0009
0965 0010
0965 0011
0965 0012
0965 0013
0965 0014
0965 0015
0965 0016
0965 0017
0965 0018
0965 0019
0965 0020
0965 0021
0965 0022
0965 0023
0965 0024
0969 0000
0969 0001
0969 0002
0969 0003
0969 0004
0969 0005
0969 0006
0969 0007
0969 0008
0969 0009
0969 0010
0969 0011
0969 0012
0969 0013
0969 0014
0973 0000
0973 0001
0973 0002
0973 0003
0973 0004
0973 0005
0973 0006
0973 0007
0973 0008
0973 0009
0973 0010
0973 0011
0973 0012
0973 0013
0973 0014
0973 0015
0973 0016
0973 0017
0973 0018
0973 0019
0973 0020
0973 0021
0977 0000
0977 0001
0977 0002
0977 0003
0977 0004
0977 0005
0977 0006
0977 0007
0977 0008
0977 0009
0977 0010
0977 0011
0977 0012
0977 0013
0977 0014
0977 0015
0977 0016
0977 0017
0977 0018
0980 0000
0980 0001
0980 0002
0980 0003
0980 0004
0980 0005
0980 0006
0980 0007
0980 0008
0980 0009
0980 0010
0980 0011
0980 0012
0980 0013
0980 0014
0980 0015
0980 0016
0980 0017
0980 0018
0980 0019
0980 0020
0980 0021
0981 0000
0981 0001
0981 0002
0981 0003
0981 0004
0981 0005
0981 0006
0981 0007
0981 0008
0981 0009
0981 0010
0981 0011
0981 0012
0981 0013
0981 0014
0981 0015
0981 0016
0981 0017
0981 0018
0981 0019
0981 0020
0981 0021
0981 0022
0981 0023
0981 0024
0985 0000
0985 0001
0985 0002
0985 0003
0985 0004
0985 0005
0985 0006
0985 0007
0985 0008
0985 0009
0985 0010
0985 0011
0985 0012
0985 0013
0985 0014
0985 0015
0985 0016
0985 0017
0985 0018
0985 0019
0985 0020
0987 0000
0987 0001
0987 0002
0987 0003
0987 0004
0987 0005
0987 0006
0987 0007
0987 0008
0987 0009
0987 0010
0987 0011
0987 0012
0987 0013
0987 0014
0987 0015
0987 0016
0987 0017
0987 0018
0987 0019
0987 0020
0987 0021
0987 0022
0987 0023
0990 0000
0990 0001
0990 0002
0990 0003
0990 0004
0990 0005
0990 0006
0990 0007
0990 0008
0990 0009
0990 0010
0990 0011
0990 0012
0990 0013
0990 0014
0990 0015
0990 0016
0990 0017
0990 0018
0990 0019
0990 0020
0990 0021
0990 0022
0990 0023
0990 0024
0990 0025
0990 0026
0990 0027
0990 0028
0991 0000
0991 0001
0991 0002
0991 0003
0991 0004
0991 0005
0991 0006
0991 0007
0991 0008
0991 0009
0991 0010
0991 0011
0991 0012
0991 0013
0991 0014
0991 0015
0991 0016
0994 0000
0994 0001
0994 0002
0994 0003
0994 0004
0994 0005
0994 0006
0994 0007
0994 0008
0994 0009
0994 0010
0994 0011
0994 0012
0994 0013
0994 0014
0994 0015
0994 0016
0994 0017
0994 0018
0994 0019
0994 0020
0994 0021
0994 0022
0994 0023
0994 0024
0994 0025
0996 0000
0996 0001
0996 0002
0996 0003
0996 0004
0996 0005
0996 0006
0996 0007
0996 0008
0996 0009
0996 0010
0996 0011
0996 0012
0996 0013
0996 0014
0996 0015
0996 0016
0996 0017
0996 0018
0996 0019
0996 0020
0996 0021
0996 0022
0996 0023
0999 0000
0999 0001
0999 0002
0999 0003
0999 0004
0999 0005
0999 0006
0999 0007
0999 0008
0999 0009
0999 0010
0999 0011
0999 0012
0999 0013
0999 0014
0999 0015
0999 0016
0999 0017
0999 0018
0999 0019
1001 0000
1001 0001
1001 0002
1001 0003
1001 0004
1001 0005
1001 0006
1001 0007
1001 0008
1001 0009
1001 0010
1001 0011
1001 0012
1001 0013
1001 0014
1001 0015
1001 0016
1001 0017
1001 0018
1001 0019
1001 0020
1001 0021
1001 0022
1001 0023
1001 0024
1001 0025
1001 0026
1005 0000
1005 0001
1005 0002
1005 0003
1005 0004
1005 0005
1005 0006
1005 0007
1005 0008
1005 0009
1005 0010
1005 0011
1005 0012
1005 0013
1005 0014
1005 0015
1005 0016
1005 0017
1005 0018
1005 0019
1006 0000
1006 0001
1006 0002
1006 0003
1006 0004
1006 0005
1006 0006
1006 0007
1006 0008
1006 0009
1006 0010
1006 0011
1006 0012
1006 0013
1006 0014
1006 0015
1006 0016
1006 0017
1006 0018
1006 0019
1006 0020
1006 0021
1006 0022
1006 0023
1006 0024
1010 0000
1010 0001
1010 0002
1010 0003
1010 0004
1010 0005
1010 0006
1010 0007
1010 0008
1010 0009
1010 0010
1010 0011
1010 0012
1010 0013
1010 0014
1010 0015
1010 0016
1010 0017
1010 0018
1010 0019
1010 0020
1010 0021
1010 0022
1010 0023
1010 0024
1010 0025
1010 0026
1010 0027
1010 0028
1010 0029
1010 0030
1010 0031
1017 0000
1017 0001
1017 0002
1017 0003
1017 0004
1017 0005
1017 0006
1017 0007
1017 0008
1017 0009
1017 0010
1017 0011
1017 0012
1017 0013
1017 0014
1017 0015
1017 0016
1017 0017
1017 0018
1017 0019
1017 0020
1017 0021
1017 0022
1017 0023
1017 0024
1017 0025
1017 0026
1017 0027
1017 0028
1035 0000
1035 0001
1035 0002
1035 0003
1035 0004
1035 0005
1035 0006
1035 0007
1035 0008
1035 0009
1035 0010
1035 0011
1035 0012
1035 0013
1035 0014
1035 0015
1035 0016
1035 0017
1035 0018
1035 0019
1035 0020
1035 0021
1035 0022
1035 0023
1035 0024
1035 0025
1038 0000
1038 0001
1038 0002
1038 0003
1038 0004
1038 0005
1038 0006
1038 0007
1038 0008
1038 0009
1038 0010
1038 0011
1038 0012
1038 0013
1038 0014
1038 0015
1038 0016
1038 0017
1038 0018
1038 0019
1038 0020
1038 0021
1038 0022
1038 0023
1042 0000
1042 0001
1042 0002
1042 0003
1042 0004
1042 0005
1042 0006
1042 0007
1042 0008
1042 0009
1042 0010
1042 0011
1042 0012
1042 0013
1042 0014
1042 0015
1042 0016
1042 0017
1042 0018
1042 0019
1042 0020
1042 0021
1042 0022
1042 0023
1042 0024
1042 0025
1042 0026
1042 0027
1042 0028
1042 0029
1043 0000
1043 0001
1043 0002
1043 0003
1043 0004
1043 0005
1043 0006
1043 0007
1043 0008
1043 0009
1043 0010
1043 0011
1043 0012
1043 0013
1043 0014
1043 0015
1043 0016
1043 0017
1043 0018
1043 0019
1043 0020
1043 0021
1044 0000
1044 0001
1044 0002
1044 0003
1044 0004
1044 0005
1044 0006
1044 0007
1044 0008
1044 0009
1044 0010
1044 0011
1044 0012
1044 0013
1044 0014
1044 0015
1044 0016
1044 0017
1044 0018
1044 0019
1044 0020
1044 0021
1044 0022
1048 0000
1048 0001
1048 0002
1048 0003
1048 0004
1048 0005
1048 0006
1048 0007
1048 0008
1048 0009
1048 0010
1048 0011
1048 0012
1048 0013
1048 0014
1048 0015
1048 0016
1048 0017
1048 0018
1048 0019
1048 0020
1048 0021
1048 0022
1052 0000
1052 0001
1052 0002
1052 0003
1052 0004
1052 0005
1052 0006
1052 0007
1052 0008
1052 0009
1052 0010
1052 0011
1052 0012
1052 0013
1052 0014
1052 0015
1052 0016
1052 0017
1052 0018
1052 0019
1052 0020
1052 0021
1052 0022
1052 0023
1053 0000
1053 0001
1053 0002
1053 0003
1053 0004
1053 0005
1053 0006
1053 0007
1053 0008
1053 0009
1053 0010
1053 0011
1053 0012
1053 0013
1053 0014
1053 0015
1053 0016
1053 0017
1053 0018
1053 0019
1053 0020
1053 0021
1053 0022
1053 0023
1053 0024
1053 0025
1053 0026
1054 0000
1054 0001
1054 0002
1054 0003
1054 0004
1054 0005
1054 0006
1054 0007
1054 0008
1054 0009
1054 0010
1054 0011
1054 0012
1054 0013
1054 0014
1054 0015
1054 0016
1054 0017
1054 0018
1054 0019
1054 0020
1055 0000
1055 0001
1055 0002
1055 0003
1055 0004
1055 0005
1055 0006
1055 0007
1055 0008
1055 0009
1055 0010
1055 0011
1055 0012
1055 0013
1055 0014
1055 0015
1055 0016
1055 0017
1055 0018
1055 0019
1055 0020
1055 0021
1055 0022
1055 0023
1055 0024
1055 0025
1055 0026
1055 0027
1055 0028
1055 0029
1055 0030
1059 0000
1059 0001
1059 0002
1059 0003
1059 0004
1059 0005
1059 0006
1059 0007
1059 0008
1059 0009
1059 0010
1059 0011
1059 0012
1059 0013
1059 0014
1059 0015
1059 0016
1059 0017
1059 0018
1059 0019
1059 0020
1059 0021
1059 0022
1064 0000
1064 0001
1064 0002
1064 0003
1064 0004
1064 0005
1064 0006
1064 0007
1064 0008
1064 0009
1064 0010
1064 0011
1064 0012
1064 0013
1064 0014
1064 0015
1064 0016
1064 0017
1064 0018
1064 0019
1064 0020
1064 0021
1064 0022
1064 0023
1064 0024
1064 0025
1064 0026
1070 0000
1070 0001
1070 0002
1070 0003
1070 0004
1070 0005
1070 0006
1070 0007
1070 0008
1070 0009
1070 0010
1070 0011
1070 0012
1070 0013
1070 0014
1070 0015
1070 0016
1070 0017
1070 0018
1070 0019
1070 0020
1070 0021
1071 0000
1071 0001
1071 0002
1071 0003
1071 0004
1071 0005
1071 0006
1071 0007
1071 0008
1071 0009
1071 0010
1071 0011
1071 0012
1071 0013
1071 0014
1071 0015
1071 0016
1071 0017
1071 0018
1071 0019
1071 0020
1071 0021
1071 0022
1071 0023
1071 0024
1071 0025
1071 0026
1072 0000
1072 0001
1072 0002
1072 0003
1072 0004
1072 0005
1072 0006
1072 0007
1072 0008
1072 0009
1072 0010
1072 0011
1072 0012
1072 0013
1072 0014
1072 0015
1072 0016
1072 0017
1072 0018
1072 0019
1072 0020
1072 0021
1072 0022
1072 0023
1072 0024
1072 0025
1077 0000
1077 0001
1077 0002
1077 0003
1077 0004
1077 0005
1077 0006
1077 0007
1077 0008
1077 0009
1077 0010
1077 0011
1077 0012
1077 0013
1077 0014
1077 0015
1077 0016
1077 0017
1077 0018
1077 0019
1077 0020
1077 0021
1080 0000
1080 0001
1080 0002
1080 0003
1080 0004
1080 0005
1080 0006
1080 0007
1080 0008
1080 0009
1080 0010
1080 0011
1080 0012
1080 0013
1080 0014
1080 0015
1080 0016
1080 0017
1080 0018
1080 0019
1080 0020
1080 0021
1080 0022
1080 0023
1085 0000
1085 0001
1085 0002
1085 0003
1085 0004
1085 0005
1085 0006
1085 0007
1085 0008
1085 0009
1085 0010
1085 0011
1085 0012
1085 0013
1085 0014
1085 0015
1085 0016
1085 0017
1085 0018
1085 0019
1085 0020
1085 0021
1085 0022
1086 0000
1086 0001
1086 0002
1086 0003
1086 0004
1086 0005
1086 0006
1086 0007
1086 0008
1086 0009
1086 0010
1086 0011
1086 0012
1086 0013
1086 0014
1086 0015
1086 0016
1086 0017
1086 0018
1086 0019
1086 0020
1086 0021
1086 0022
1086 0023
1086 0024
1086 0025
1086 0026
1086 0027
1086 0028
1094 0000
1094 0001
1094 0002
1094 0003
1094 0004
1094 0005
1094 0006
1094 0007
1094 0008
1094 0009
1094 0010
1094 0011
1094 0012
1094 0013
1094 0014
1094 0015
1094 0016
1094 0017
1094 0018
1094 0019
1094 0020
1094 0021
1094 0022
1094 0023
1097 0000
1097 0001
1097 0002
1097 0003
1097 0004
1097 0005
1097 0006
1097 0007
1097 0008
1097 0009
1097 0010
1097 0011
1097 0012
1097 0013
1097 0014
1097 0015
1097 0016
1097 0017
1112 0000
1112 0001
1112 0002
1112 0003
1112 0004
1112 0005
1112 0006
1112 0007
1112 0008
1112 0009
1112 0010
1112 0011
1112 0012
1115 0000
1115 0001
1115 0002
1115 0003
1115 0004
1115 0005
1115 0006
1115 0007
1115 0008
1115 0009
1115 0010
1115 0011
1115 0012
1115 0013
1115 0014
1115 0015
1115 0016
1115 0017
1115 0018
1115 0019
1115 0020
1115 0021
1115 0022
1115 0023
1115 0024
1115 0025
1115 0026
1123 0000
1123 0001
1123 0002
1123 0003
1123 0004
1123 0005
1123 0006
1123 0007
1123 0008
1123 0009
1123 0010
1123 0011
1123 0012
1123 0013
1123 0014
1123 0015
1123 0016
1123 0017
1123 0018
1125 0000
1125 0001
1125 0002
1125 0003
1125 0004
1125 0005
1125 0006
1125 0007
1125 0008
1125 0009
1125 0010
1125 0011
1125 0012
1125 0013
1125 0014
1125 0015
1125 0016
1125 0017
1125 0018
1125 0019
1125 0020
1125 0021
1125 0022
1125 0023
1125 0024
1125 0025
1127 0000
1127 0001
1127 0002
1127 0003
1127 0004
1127 0005
1127 0006
1127 0007
1127 0008
1127 0009
1127 0010
1127 0011
1127 0012
1127 0013
1127 0014
1127 0015
1127 0016
1127 0017
1127 0018
1127 0019
1127 0020
1127 0021
1127 0022
1127 0023
1127 0024
1127 0025
1127 0026
1127 0027
1127 0028
1140 0000
1140 0001
1140 0002
1140 0003
1140 0004
1140 0005
1140 0006
1140 0007
1140 0008
1140 0009
1140 0010
1140 0011
1140 0012
1140 0013
1140 0014
1140 0015
1140 0016
1140 0017
1140 0018
1140 0019
1140 0020
1140 0021
1140 0022
1146 0000
1146 0001
1146 0002
1146 0003
1146 0004
1146 0005
1146 0006
1146 0007
1146 0008
1146 0009
1146 0010
1146 0011
1146 0012
1146 0013
1146 0014
1146 0015
1146 0016
1146 0017
1146 0018
1146 0019
1146 0020
1146 0021
1146 0022
1146 0023
1146 0024
1146 0025
1146 0026
1146 0027
1146 0028
1148 0000
1148 0001
1148 0002
1148 0003
1148 0004
1148 0005
1148 0006
1148 0007
1148 0008
1148 0009
1148 0010
1148 0011
1148 0012
1148 0013
1148 0014
1148 0015
1148 0016
1148 0017
1148 0018
1148 0019
1148 0020
1148 0021
1148 0022
1149 0000
1149 0001
1149 0002
1149 0003
1149 0004
1149 0005
1149 0006
1149 0007
1149 0008
1149 0009
1149 0010
1149 0011
1149 0012
1149 0013
1149 0014
1149 0015
1149 0016
1149 0017
1149 0018
1149 0019
1149 0020
1149 0021
1149 0022
1149 0023
1149 0024
1149 0025
1149 0026
1151 0000
1151 0001
1151 0002
1151 0003
1151 0004
1151 0005
1151 0006
1151 0007
1151 0008
1151 0009
1151 0010
1151 0011
1151 0012
1151 0013
1151 0014
1151 0015
1151 0016
1151 0017
1151 0018
1151 0019
1151 0020
1151 0021
1151 0022
1151 0023
1151 0024
1151 0025
1151 0026
1151 0027
1151 0028
1151 0029
1151 0030
1151 0031
1151 0032
1156 0000
1156 0001
1156 0002
1156 0003
1156 0004
1156 0005
1156 0006
1156 0007
1156 0008
1156 0009
1156 0010
1156 0011
1156 0012
1156 0013
1156 0014
1156 0015
1156 0016
1156 0017
1156 0018
1156 0019
1156 0020
1156 0021
1156 0022
1156 0023
1156 0024
1165 0000
1165 0001
1165 0002
1165 0003
1165 0004
1165 0005
1165 0006
1165 0007
1165 0008
1165 0009
1165 0010
1165 0011
1165 0012
1165 0013
1165 0014
1171 0000
1171 0001
1171 0002
1171 0003
1171 0004
1171 0005
1171 0006
1171 0007
1171 0008
1171 0009
1171 0010
1171 0011
1171 0012
1171 0013
1171 0014
1174 0000
1174 0001
1174 0002
1174 0003
1174 0004
1174 0005
1174 0006
1174 0007
1174 0008
1174 0009
1174 0010
1174 0011
1174 0012
1174 0013
1174 0014
1175 0000
1175 0001
1175 0002
1175 0003
1175 0004
1175 0005
1175 0006
1175 0007
1175 0008
1175 0009
1175 0010
1175 0011
1175 0012
1175 0013
1175 0014
1175 0015
1175 0016
1175 0017
1175 0018
1184 0000
1184 0001
1184 0002
1184 0003
1184 0004
1184 0005
1184 0006
1184 0007
1184 0008
1184 0009
1184 0010
1184 0011
1184 0012
1184 0013
1184 0014
1184 0015
1189 0000
1189 0001
1189 0002
1189 0003
1189 0004
1189 0005
1189 0006
1189 0007
1189 0008
1189 0009
1189 0010
1189 0011
1189 0012
1189 0013
1189 0014
1189 0015
1189 0016
1189 0017
1189 0018
1189 0019
1189 0020
1189 0021
1189 0022
1189 0023
1189 0024
1189 0025
1189 0026
1189 0027
1190 0000
1190 0001
1190 0002
1190 0003
1190 0004
1190 0005
1190 0006
1190 0007
1190 0008
1190 0009
1190 0010
1190 0011
1190 0012
1190 0013
1190 0014
1190 0015
1190 0016
1190 0017
1190 0018
1190 0019
1190 0020
1191 0000
1191 0001
1191 0002
1191 0003
1191 0004
1191 0005
1191 0006
1191 0007
1191 0008
1191 0009
1191 0010
1191 0011
1191 0012
1191 0013
1191 0014
1191 0015
1191 0016
1191 0017
1191 0018
1191 0019
1191 0020
1191 0021
1191 0022
1191 0023
1192 0000
1192 0001
1192 0002
1192 0003
1192 0004
1192 0005
1192 0006
1192 0007
1192 0008
1192 0009
1192 0010
1192 0011
1192 0012
1192 0013
1192 0014
1192 0015
1192 0016
1192 0017
1192 0018
1192 0019
1194 0000
1194 0001
1194 0002
1194 0003
1194 0004
1194 0005
1194 0006
1194 0007
1194 0008
1194 0009
1194 0010
1194 0011
1194 0012
1194 0013
1194 0014
1194 0015
1194 0016
1194 0017
1194 0018
1194 0019
1194 0020
1194 0021
1194 0022
1195 0000
1195 0001
1195 0002
1195 0003
1195 0004
1195 0005
1195 0006
1195 0007
1195 0008
1195 0009
1195 0010
1195 0011
1195 0012
1195 0013
1195 0014
1199 0000
1199 0001
1199 0002
1199 0003
1199 0004
1199 0005
1199 0006
1199 0007
1199 0008
1199 0009
1199 0010
1199 0011
1199 0012
1199 0013
1199 0014
1199 0015
1199 0016
1199 0017
1199 0018
1199 0019
1199 0020
1199 0021
1199 0022
1199 0023
1199 0024
1199 0025
1199 0026
1199 0027
1199 0028
1199 0029
1200 0000
1200 0001
1200 0002
1200 0003
1200 0004
1200 0005
1200 0006
1200 0007
1200 0008
1200 0009
1200 0010
1200 0011
1200 0012
1200 0013
1200 0014
1202 0000
1202 0001
1202 0002
1202 0003
1202 0004
1202 0005
1202 0006
1202 0007
1202 0008
1202 0009
1202 0010
1202 0011
1202 0012
1202 0013
1202 0014
1202 0015
1202 0016
1202 0017
1202 0018
1202 0019
1202 0020
1202 0021
1202 0022
1202 0023
1202 0024
1202 0025
1202 0026
1202 0027
1202 0028
1202 0029
1202 0030
1208 0000
1208 0001
1208 0002
1208 0003
1208 0004
1208 0005
1208 0006
1208 0007
1208 0008
1208 0009
1208 0010
1208 0011
1208 0012
1208 0013
1208 0014
1208 0015
1208 0016
1208 0017
1208 0018
1208 0019
1210 0000
1210 0001
1210 0002
1210 0003
1210 0004
1210 0005
1210 0006
1210 0007
1210 0008
1210 0009
1210 0010
1210 0011
1210 0012
1210 0013
1210 0014
1210 0015
1210 0016
1210 0017
1210 0018
1210 0019
1210 0020
1210 0021
1210 0022
1210 0023
1210 0024
1210 0025
1210 0026
1210 0027
1214 0000
1214 0001
1214 0002
1214 0003
1214 0004
1214 0005
1214 0006
1214 0007
1214 0008
1214 0009
1214 0010
1214 0011
1214 0012
1214 0013
1214 0014
1214 0015
1214 0016
1214 0017
1214 0018
1214 0019
1214 0020
1214 0021
1214 0022
1214 0023
1214 0024
1219 0000
1219 0001
1219 0002
1219 0003
1219 0004
1219 0005
1219 0006
1219 0007
1219 0008
1219 0009
1219 0010
1219 0011
1219 0012
1219 0013
1219 0014
1219 0015
1219 0016
1219 0017
1219 0018
1219 0019
1219 0020
1220 0000
1220 0001
1220 0002
1220 0003
1220 0004
1220 0005
1220 0006
1220 0007
1220 0008
1220 0009
1220 0010
1220 0011
1220 0012
1220 0013
1220 0014
1220 0015
1220 0016
1220 0017
1220 0018
1225 0000
1225 0001
1225 0002
1225 0003
1225 0004
1225 0005
1225 0006
1225 0007
1225 0008
1225 0009
1225 0010
1225 0011
1225 0012
1225 0013
1225 0014
1225 0015
1225 0016
1225 0017
1225 0018
1225 0019
1225 0020
1225 0021
1225 0022
1225 0023
1225 0024
1225 0025
1225 0026
1225 0027
1231 0000
1231 0001
1231 0002
1231 0003
1231 0004
1231 0005
1231 0006
1231 0007
1231 0008
1231 0009
1231 0010
1231 0011
1231 0012
1231 0013
1231 0014
1231 0015
1231 0016
1232 0000
1232 0001
1232 0002
1232 0003
1232 0004
1232 0005
1232 0006
1232 0007
1232 0008
1232 0009
1232 0010
1232 0011
1232 0012
1232 0013
1232 0014
1232 0015
1232 0016
1234 0000
1234 0001
1234 0002
1234 0003
1234 0004
1234 0005
1234 0006
1234 0007
1234 0008
1234 0009
1234 0010
1234 0011
1234 0012
1234 0013
1234 0014
1234 0015
1234 0016
1234 0017
1234 0018
1234 0019
1236 0000
1236 0001
1236 0002
1236 0003
1236 0004
1236 0005
1236 0006
1236 0007
1236 0008
1236 0009
1236 0010
1236 0011
1236 0012
1236 0013
1236 0014
1236 0015
1237 0000
1237 0001
1237 0002
1237 0003
1237 0004
1237 0005
1237 0006
1237 0007
1237 0008
1237 0009
1237 0010
1237 0011
1237 0012
1237 0013
1237 0014
1237 0015
1237 0016
1237 0017
1237 0018
1237 0019
1237 0020
1237 0021
1237 0022
1237 0023
1237 0024
1237 0025
1237 0026
1237 0027
1237 0028
1237 0029
1237 0030
1246 0000
1246 0001
1246 0002
1246 0003
1246 0004
1246 0005
1246 0006
1246 0007
1246 0008
1246 0009
1246 0010
1246 0011
1246 0012
1246 0013
1246 0014
1246 0015
1246 0016
1246 0017
1248 0000
1248 0001
1248 0002
1248 0003
1248 0004
1248 0005
1248 0006
1248 0007
1248 0008
1248 0009
1248 0010
1248 0011
1248 0012
1248 0013
1248 0014
1248 0015
1248 0016
1248 0017
1248 0018
1248 0019
1248 0020
1248 0021
1248 0022
1249 0000
1249 0001
1249 0002
1249 0003
1249 0004
1249 0005
1249 0006
1249 0007
1249 0008
1249 0009
1249 0010
1249 0011
1249 0012
1249 0013
1249 0014
1249 0015
1249 0016
1249 0017
1249 0018
1249 0019
1249 0020
1249 0021
1249 0022
1259 0000
1259 0001
1259 0002
1259 0003
1259 0004
1259 0005
1259 0006
1259 0007
1259 0008
1259 0009
1259 0010
1259 0011
1259 0012
1259 0013
1259 0014
1259 0015
1259 0016
1259 0017
1259 0018
1259 0019
1259 0020
1259 0021
1259 0022
1259 0023
1260 0000
1260 0001
1260 0002
1260 0003
1260 0004
1260 0005
1260 0006
1260 0007
1260 0008
1260 0009
1260 0010
1260 0011
1260 0012
1260 0013
1260 0014
1260 0015
1260 0016
1260 0017
1260 0018
1263 0000
1263 0001
1263 0002
1263 0003
1263 0004
1263 0005
1263 0006
1263 0007
1263 0008
1263 0009
1263 0010
1263 0011
1263 0012
1263 0013
1263 0014
1263 0015
1263 0016
1263 0017
1269 0000
1269 0001
1269 0002
1269 0003
1269 0004
1269 0005
1269 0006
1269 0007
1269 0008
1269 0009
1269 0010
1269 0011
1269 0012
1269 0013
1269 0014
1269 0015
1269 0016
1269 0017
1269 0018
1272 0000
1272 0001
1272 0002
1272 0003
1272 0004
1272 0005
1272 0006
1272 0007
1272 0008
1272 0009
1272 0010
1272 0011
1272 0012
1272 0013
1272 0014
1272 0015
1272 0016
1272 0017
1272 0018
1272 0019
1272 0020
1272 0021
1272 0022
1272 0023
1272 0024
1272 0025
1272 0026
1272 0027
1272 0028
1272 0029
1272 0030
1272 0031
1273 0000
1273 0001
1273 0002
1273 0003
1273 0004
1273 0005
1273 0006
1273 0007
1273 0008
1273 0009
1273 0010
1273 0011
1273 0012
1273 0013
1273 0014
1273 0015
1273 0016
1273 0017
1273 0018
1273 0019
1273 0020
1273 0021
1273 0022
1273 0023
1273 0024
1273 0025
1273 0026
1273 0027
1273 0028
1276 0000
1276 0001
1276 0002
1276 0003
1276 0004
1276 0005
1276 0006
1276 0007
1276 0008
1276 0009
1276 0010
1276 0011
1276 0012
1276 0013
1276 0014
1276 0015
1276 0016
1276 0017
1279 0000
1279 0001
1279 0002
1279 0003
1279 0004
1279 0005
1279 0006
1279 0007
1279 0008
1279 0009
1279 0010
1279 0011
1279 0012
1279 0013
1279 0014
1279 0015
1279 0016
1283 0000
1283 0001
1283 0002
1283 0003
1283 0004
1283 0005
1283 0006
1283 0007
1283 0008
1283 0009
1283 0010
1283 0011
1283 0012
1283 0013
1283 0014
1283 0015
1283 0016
1283 0017
1283 0018
1283 0019
1284 0000
1284 0001
1284 0002
1284 0003
1284 0004
1284 0005
1284 0006
1284 0007
1284 0008
1284 0009
1284 0010
1284 0011
1284 0012
1284 0013
1285 0000
1285 0001
1285 0002
1285 0003
1285 0004
1285 0005
1285 0006
1285 0007
1285 0008
1285 0009
1285 0010
1285 0011
1285 0012
1285 0013
1290 0000
1290 0001
1290 0002
1290 0003
1290 0004
1290 0005
1290 0006
1290 0007
1290 0008
1290 0009
1290 0010
1290 0011
1290 0012
1290 0013
1290 0014
1290 0015
1296 0000
1296 0001
1296 0002
1296 0003
1296 0004
1296 0005
1296 0006
1296 0007
1296 0008
1296 0009
1296 0010
1296 0011
1296 0012
1296 0013
1296 0014
1300 0000
1300 0001
1300 0002
1300 0003
1300 0004
1300 0005
1300 0006
1300 0007
1300 0008
1300 0009
1300 0010
1300 0011
1300 0012
1300 0013
1300 0014
1300 0015
1300 0016
1300 0017
1300 0018
1300 0019
1300 0020
1300 0021
1300 0022
1300 0023
1300 0024
1300 0025
1301 0000
1301 0001
1301 0002
1301 0003
1301 0004
1301 0005
1301 0006
1301 0007
1301 0008
1301 0009
1301 0010
1301 0011
1301 0012
1301 0013
1301 0014
1301 0015
1301 0016
1301 0017
1301 0018
1301 0019
1301 0020
1301 0021
1301 0022
1301 0023
1301 0024
1303 0000
1303 0001
1303 0002
1303 0003
1303 0004
1303 0005
1303 0006
1303 0007
1303 0008
1303 0009
1303 0010
1303 0011
1303 0012
1303 0013
1303 0014
1303 0015
1303 0016
1303 0017
1305 0000
1305 0001
1305 0002
1305 0003
1305 0004
1305 0005
1305 0006
1305 0007
1305 0008
1305 0009
1305 0010
1305 0011
1305 0012
1305 0013
1305 0014
1305 0015
1305 0016
1305 0017
1305 0018
1305 0019
1305 0020
1305 0021
1305 0022
1307 0000
1307 0001
1307 0002
1307 0003
1307 0004
1307 0005
1307 0006
1307 0007
1307 0008
1307 0009
1307 0010
1307 0011
1307 0012
1307 0013
1307 0014
1307 0015
1307 0016
1307 0017
1307 0018
1307 0019
1307 0020
1308 0000
1308 0001
1308 0002
1308 0003
1308 0004
1308 0005
1308 0006
1308 0007
1308 0008
1308 0009
1308 0010
1308 0011
1308 0012
1308 0013
1308 0014
1308 0015
1308 0016
1308 0017
1308 0018
1308 0019
1308 0020
1308 0021
1308 0022
1308 0023
1308 0024
1309 0000
1309 0001
1309 0002
1309 0003
1309 0004
1309 0005
1309 0006
1309 0007
1309 0008
1309 0009
1309 0010
1309 0011
1309 0012
1309 0013
1309 0014
1309 0015
1309 0016
1309 0017
1309 0018
1309 0019
1317 0000
1317 0001
1317 0002
1317 0003
1317 0004
1317 0005
1317 0006
1317 0007
1317 0008
1317 0009
1317 0010
1317 0011
1317 0012
1317 0013
1317 0014
1317 0015
1317 0016
1317 0017
1326 0000
1326 0001
1326 0002
1326 0003
1326 0004
1326 0005
1326 0006
1326 0007
1326 0008
1326 0009
1326 0010
1326 0011
1326 0012
1326 0013
1326 0014
1326 0015
1326 0016
1326 0017
1327 0000
1327 0001
1327 0002
1327 0003
1327 0004
1327 0005
1327 0006
1327 0007
1327 0008
1327 0009
1327 0010
1327 0011
1327 0012
1327 0013
1327 0014
1327 0015
1327 0016
1327 0017
1327 0018
1327 0019
1327 0020
1327 0021
1327 0022
1327 0023
1327 0024
1327 0025
1327 0026
1327 0027
1328 0000
1328 0001
1328 0002
1328 0003
1328 0004
1328 0005
1328 0006
1328 0007
1328 0008
1328 0009
1328 0010
1328 0011
1328 0012
1328 0013
1328 0014
1328 0015
1328 0016
1328 0017
1328 0018
1328 0019
1328 0020
1328 0021
1328 0022
1328 0023
1328 0024
1328 0025
1328 0026
1336 0000
1336 0001
1336 0002
1336 0003
1336 0004
1336 0005
1336 0006
1336 0007
1336 0008
1336 0009
1336 0010
1336 0011
1336 0012
1336 0013
1336 0014
1336 0015
1336 0016
1336 0017
1336 0018
1336 0019
1336 0020
1336 0021
1336 0022
1336 0023
1336 0024
1336 0025
1337 0000
1337 0001
1337 0002
1337 0003
1337 0004
1337 0005
1337 0006
1337 0007
1337 0008
1337 0009
1337 0010
1337 0011
1337 0012
1337 0013
1337 0014
1337 0015
1337 0016
1337 0017
1337 0018
1337 0019
1337 0020
1337 0021
1342 0000
1342 0001
1342 0002
1342 0003
1342 0004
1342 0005
1342 0006
1342 0007
1342 0008
1342 0009
1342 0010
1342 0011
1342 0012
1342 0013
1342 0014
1342 0015
1342 0016
1342 0017
1342 0018
1342 0019
1342 0020
1342 0021
1342 0022
1342 0023
1342 0024
1342 0025
1344 0000
1344 0001
1344 0002
1344 0003
1344 0004
1344 0005
1344 0006
1344 0007
1344 0008
1344 0009
1344 0010
1344 0011
1344 0012
1344 0013
1344 0014
1344 0015
1344 0016
1344 0017
1344 0018
1344 0019
1344 0020
1344 0021
1344 0022
1344 0023
1344 0024
1359 0000
1359 0001
1359 0002
1359 0003
1359 0004
1359 0005
1359 0006
1359 0007
1359 0008
1359 0009
1359 0010
1359 0011
1359 0012
1359 0013
1359 0014
1359 0015
1359 0016
1359 0017
1359 0018
1359 0019
1359 0020
1359 0021
1359 0022
1359 0023
1359 0024
1359 0025
1374 0000
1374 0001
1374 0002
1374 0003
1374 0004
1374 0005
1374 0006
1374 0007
1374 0008
1374 0009
1374 0010
1374 0011
1374 0012
1374 0013
1374 0014
1374 0015
1374 0016
1374 0017
1374 0018
1374 0019
1374 0020
1374 0021
1374 0022
1374 0023
1374 0024
1374 0025
1374 0026
1374 0027
1374 0028
1375 0000
1375 0001
1375 0002
1375 0003
1375 0004
1375 0005
1375 0006
1375 0007
1375 0008
1375 0009
1375 0010
1375 0011
1375 0012
1375 0013
1375 0014
1375 0015
1375 0016
1375 0017
1375 0018
1375 0019
1379 0000
1379 0001
1379 0002
1379 0003
1379 0004
1379 0005
1379 0006
1379 0007
1379 0008
1379 0009
1379 0010
1379 0011
1379 0012
1379 0013
1379 0014
1379 0015
1379 0016
1379 0017
1379 0018
1382 0000
1382 0001
1382 0002
1382 0003
1382 0004
1382 0005
1382 0006
1382 0007
1382 0008
1382 0009
1382 0010
1382 0011
1382 0012
1382 0013
1382 0014
1382 0015
1382 0016
1382 0017
1382 0018
1382 0019
1382 0020
1382 0021
1382 0022
1382 0023
1382 0024
1382 0025
1386 0000
1386 0001
1386 0002
1386 0003
1386 0004
1386 0005
1386 0006
1386 0007
1386 0008
1386 0009
1386 0010
1386 0011
1386 0012
1387 0000
1387 0001
1387 0002
1387 0003
1387 0004
1387 0005
1387 0006
1387 0007
1387 0008
1387 0009
1387 0010
1387 0011
1387 0012
1387 0013
1387 0014
1387 0015
1387 0016
1387 0017
1387 0018
1402 0000
1402 0001
1402 0002
1402 0003
1402 0004
1402 0005
1402 0006
1402 0007
1402 0008
1402 0009
1402 0010
1402 0011
1402 0012
1402 0013
1402 0014
1402 0015
1402 0016
1402 0017
1402 0018
1402 0019
1404 0000
1404 0001
1404 0002
1404 0003
1404 0004
1404 0005
1404 0006
1404 0007
1404 0008
1404 0009
1404 0010
1404 0011
1404 0012
1404 0013
1404 0014
1404 0015
1404 0016
1404 0017
1404 0018
1404 0019
1404 0020
1406 0000
1406 0001
1406 0002
1406 0003
1406 0004
1406 0005
1406 0006
1406 0007
1406 0008
1406 0009
1406 0010
1406 0011
1406 0012
1406 0013
1406 0014
1406 0015
1406 0016
1408 0000
1408 0001
1408 0002
1408 0003
1408 0004
1408 0005
1408 0006
1408 0007
1408 0008
1408 0009
1408 0010
1408 0011
1408 0012
1408 0013
1408 0014
1408 0015
1408 0016
1408 0017
1408 0018
1408 0019
1408 0020
1408 0021
1408 0022
1408 0023
1412 0000
1412 0001
1412 0002
1412 0003
1412 0004
1412 0005
1412 0006
1412 0007
1412 0008
1412 0009
1412 0010
1412 0011
1412 0012
1412 0013
1412 0014
1412 0015
1412 0016
1412 0017
1412 0018
1412 0019
1417 0000
1417 0001
1417 0002
1417 0003
1417 0004
1417 0005
1417 0006
1417 0007
1417 0008
1417 0009
1417 0010
1417 0011
1417 0012
1417 0013
1417 0014
1417 0015
1417 0016
1417 0017
1417 0018
1417 0019
1417 0020
1417 0021
1417 0022
1417 0023
1417 0024
1417 0025
1417 0026
1417 0027
1417 0028
1419 0000
1419 0001
1419 0002
1419 0003
1419 0004
1419 0005
1419 0006
1419 0007
1419 0008
1419 0009
1419 0010
1419 0011
1419 0012
1419 0013
1419 0014
1419 0015
1419 0016
1419 0017
1419 0018
1419 0019
1419 0020
1419 0021
1419 0022
1419 0023
1419 0024
1420 0000
1420 0001
1420 0002
1420 0003
1420 0004
1420 0005
1420 0006
1420 0007
1420 0008
1420 0009
1420 0010
1420 0011
1420 0012
1420 0013
1420 0014
1420 0015
1420 0016
1420 0017
1420 0018
1420 0019
1420 0020
1420 0021
1420 0022
1420 0023
1420 0024
1420 0025
1420 0026
1420 0027
1423 0000
1423 0001
1423 0002
1423 0003
1423 0004
1423 0005
1423 0006
1423 0007
1423 0008
1423 0009
1423 0010
1423 0011
1423 0012
1423 0013
1423 0014
1423 0015
1423 0016
1423 0017
1423 0018
1423 0019
1423 0020
1423 0021
1440 0000
1440 0001
1440 0002
1440 0003
1440 0004
1440 0005
1440 0006
1440 0007
1440 0008
1440 0009
1440 0010
1440 0011
1440 0012
1440 0013
1440 0014
1440 0015
1440 0016
1440 0017
1440 0018
1440 0019
1440 0020
1440 0021
1440 0022
1440 0023
1440 0024
1440 0025
1445 0000
1445 0001
1445 0002
1445 0003
1445 0004
1445 0005
1445 0006
1445 0007
1445 0008
1445 0009
1445 0010
1445 0011
1445 0012
1445 0013
1445 0014
1445 0015
1445 0016
1445 0017
1445 0018
1445 0019
1445 0020
1445 0021
1445 0022
1448 0000
1448 0001
1448 0002
1448 0003
1448 0004
1448 0005
1448 0006
1448 0007
1448 0008
1448 0009
1448 0010
1448 0011
1448 0012
1448 0013
1448 0014
1448 0015
1448 0016
1448 0017
1448 0018
1448 0019
1448 0020
1453 0000
1453 0001
1453 0002
1453 0003
1453 0004
1453 0005
1453 0006
1453 0007
1453 0008
1453 0009
1453 0010
1453 0011
1453 0012
1453 0013
1453 0014
1453 0015
1453 0016
1453 0017
1455 0000
1455 0001
1455 0002
1455 0003
1455 0004
1455 0005
1455 0006
1455 0007
1455 0008
1455 0009
1455 0010
1455 0011
1455 0012
1455 0013
1455 0014
1455 0015
1455 0016
1455 0017
1455 0018
1456 0000
1456 0001
1456 0002
1456 0003
1456 0004
1456 0005
1456 0006
1456 0007
1456 0008
1456 0009
1456 0010
1456 0011
1456 0012
1456 0013
1456 0014
1456 0015
1456 0016
1456 0017
1456 0018
1456 0019
1458 0000
1458 0001
1458 0002
1458 0003
1458 0004
1458 0005
1458 0006
1458 0007
1458 0008
1458 0009
1458 0010
1458 0011
1458 0012
1458 0013
1458 0014
1458 0015
1458 0016
1460 0000
1460 0001
1460 0002
1460 0003
1460 0004
1460 0005
1460 0006
1460 0007
1460 0008
1460 0009
1460 0010
1460 0011
1460 0012
1460 0013
1460 0014
1460 0015
1460 0016
1460 0017
1460 0018
1460 0019
1460 0020
1460 0021
1460 0022
1474 0000
1474 0001
1474 0002
1474 0003
1474 0004
1474 0005
1474 0006
1474 0007
1474 0008
1474 0009
1474 0010
1474 0011
1474 0012
1474 0013
1474 0014
1474 0015
1474 0016
1474 0017
1476 0000
1476 0001
1476 0002
1476 0003
1476 0004
1476 0005
1476 0006
1476 0007
1476 0008
1476 0009
1476 0010
1476 0011
1476 0012
1476 0013
1476 0014
1476 0015
1476 0016
1476 0017
1476 0018
1476 0019
1476 0020
1476 0021
1476 0022
1476 0023
1476 0024
1476 0025
1476 0026
1479 0000
1479 0001
1479 0002
1479 0003
1479 0004
1479 0005
1479 0006
1479 0007
1479 0008
1479 0009
1479 0010
1479 0011
1479 0012
1479 0013
1479 0014
1479 0015
1479 0016
1479 0017
1479 0018
1479 0019
1479 0020
1479 0021
1479 0022
1479 0023
1479 0024
1479 0025
1479 0026
1479 0027
1479 0028
1479 0029
1482 0000
1482 0001
1482 0002
1482 0003
1482 0004
1482 0005
1482 0006
1482 0007
1482 0008
1482 0009
1482 0010
1482 0011
1482 0012
1482 0013
1482 0014
1482 0015
1482 0016
1482 0017
1487 0000
1487 0001
1487 0002
1487 0003
1487 0004
1487 0005
1487 0006
1487 0007
1487 0008
1487 0009
1487 0010
1487 0011
1487 0012
1487 0013
1487 0014
1487 0015
1487 0016
1487 0017
1487 0018
1487 0019
1487 0020
1487 0021
1488 0000
1488 0001
1488 0002
1488 0003
1488 0004
1488 0005
1488 0006
1488 0007
1488 0008
1488 0009
1488 0010
1488 0011
1488 0012
1488 0013
1488 0014
1488 0015
1488 0016
1488 0017
1488 0018
1488 0019
1488 0020
1488 0021
1488 0022
1488 0023
1488 0024
1488 0025
1488 0026
1488 0027
1488 0028
1488 0029
1488 0030
1490 0000
1490 0001
1490 0002
1490 0003
1490 0004
1490 0005
1490 0006
1490 0007
1490 0008
1490 0009
1490 0010
1490 0011
1490 0012
1490 0013
1490 0014
1490 0015
1490 0016
1490 0017
1490 0018
1492 0000
1492 0001
1492 0002
1492 0003
1492 0004
1492 0005
1492 0006
1492 0007
1492 0008
1492 0009
1492 0010
1492 0011
1492 0012
1492 0013
1492 0014
1492 0015
1492 0016
1492 0017
1492 0018
1492 0019
1492 0020
1492 0021
1492 0022
1492 0023
1492 0024
1492 0025
1492 0026
1492 0027
1492 0028
1492 0029
1497 0000
1497 0001
1497 0002
1497 0003
1497 0004
1497 0005
1497 0006
1497 0007
1497 0008
1497 0009
1497 0010
1497 0011
1497 0012
1497 0013
1497 0014
1497 0015
1497 0016
1497 0017
1497 0018
1497 0019
1497 0020
1497 0021
1497 0022
1497 0023
1497 0024
1499 0000
1499 0001
1499 0002
1499 0003
1499 0004
1499 0005
1499 0006
1499 0007
1499 0008
1499 0009
1499 0010
1499 0011
1499 0012
1499 0013
1499 0014
1499 0015
1499 0016
1499 0017
1499 0018
1499 0019
1499 0020
1499 0021
1501 0000
1501 0001
1501 0002
1501 0003
1501 0004
1501 0005
1501 0006
1501 0007
1501 0008
1501 0009
1501 0010
1501 0011
1501 0012
1501 0013
1501 0014
1501 0015
1501 0016
1501 0017
1503 0000
1503 0001
1503 0002
1503 0003
1503 0004
1503 0005
1503 0006
1503 0007
1503 0008
1503 0009
1503 0010
1503 0011
1503 0012
1503 0013
1503 0014
1503 0015
1503 0016
1503 0017
1503 0018
1503 0019
1503 0020
1503 0021
1503 0022
1503 0023
1503 0024
1503 0025
1503 0026
1503 0027
1503 0028
1505 0000
1505 0001
1505 0002
1505 0003
1505 0004
1505 0005
1505 0006
1505 0007
1505 0008
1505 0009
1505 0010
1505 0011
1505 0012
1505 0013
1505 0014
1505 0015
1505 0016
1505 0017
1505 0018
1505 0019
1505 0020
1505 0021
1505 0022
1510 0000
1510 0001
1510 0002
1510 0003
1510 0004
1510 0005
1510 0006
1510 0007
1510 0008
1510 0009
1510 0010
1510 0011
1510 0012
1510 0013
1510 0014
1510 0015
1510 0016
1510 0017
1510 0018
1510 0019
1510 0020
1510 0021
1510 0022
1510 0023
1521 0000
1521 0001
1521 0002
1521 0003
1521 0004
1521 0005
1521 0006
1521 0007
1521 0008
1521 0009
1521 0010
1521 0011
1521 0012
1521 0013
1521 0014
1521 0015
1521 0016
1521 0017
1521 0018
1521 0019
1531 0000
1531 0001
1531 0002
1531 0003
1531 0004
1531 0005
1531 0006
1531 0007
1531 0008
1531 0009
1531 0010
1531 0011
1531 0012
1531 0013
1531 0014
1531 0015
1531 0016
1531 0017
1531 0018
1531 0019
1531 0020
1531 0021
1531 0022
1531 0023
1531 0024
1533 0000
1533 0001
1533 0002
1533 0003
1533 0004
1533 0005
1533 0006
1533 0007
1533 0008
1533 0009
1533 0010
1533 0011
1533 0012
1533 0013
1533 0014
1533 0015
1533 0016
1539 0000
1539 0001
1539 0002
1539 0003
1539 0004
1539 0005
1539 0006
1539 0007
1539 0008
1539 0009
1539 0010
1542 0000
1542 0001
1542 0002
1542 0003
1542 0004
1542 0005
1542 0006
1542 0007
1542 0008
1542 0009
1542 0010
1542 0011
1542 0012
1542 0013
1542 0014
1542 0015
1542 0016
1542 0017
1542 0018
1542 0019
1542 0020
1542 0021
1542 0022
1542 0023
1543 0000
1543 0001
1543 0002
1543 0003
1543 0004
1543 0005
1543 0006
1543 0007
1543 0008
1543 0009
1543 0010
1543 0011
1543 0012
1543 0013
1543 0014
1543 0015
1543 0016
1543 0017
1543 0018
1543 0019
1546 0000
1546 0001
1546 0002
1546 0003
1546 0004
1546 0005
1546 0006
1546 0007
1546 0008
1546 0009
1546 0010
1546 0011
1546 0012
1546 0013
1546 0014
1546 0015
1546 0016
1546 0017
1546 0018
1546 0019
1557 0000
1557 0001
1557 0002
1557 0003
1557 0004
1557 0005
1557 0006
1557 0007
1557 0008
1557 0009
1557 0010
1557 0011
1560 0000
1560 0001
1560 0002
1560 0003
1560 0004
1560 0005
1560 0006
1560 0007
1560 0008
1560 0009
1560 0010
1560 0011
1560 0012
1560 0013
1560 0014
1560 0015
1560 0016
1560 0017
1560 0018
1560 0019
1560 0020
1560 0021
1561 0000
1561 0001
1561 0002
1561 0003
1561 0004
1561 0005
1561 0006
1561 0007
1561 0008
1561 0009
1561 0010
1561 0011
1561 0012
1561 0013
1561 0014
1561 0015
1561 0016
1561 0017
1561 0018
1561 0019
1561 0020
1562 0000
1562 0001
1562 0002
1562 0003
1562 0004
1562 0005
1562 0006
1562 0007
1562 0008
1562 0009
1562 0010
1562 0011
1562 0012
1562 0013
1562 0014
1562 0015
1562 0016
1562 0017
1562 0018
1562 0019
1562 0020
1563 0000
1563 0001
1563 0002
1563 0003
1563 0004
1563 0005
1563 0006
1563 0007
1563 0008
1563 0009
1563 0010
1563 0011
1563 0012
1563 0013
1563 0014
1563 0015
1565 0000
1565 0001
1565 0002
1565 0003
1565 0004
1565 0005
1565 0006
1565 0007
1565 0008
1565 0009
1565 0010
1565 0011
1565 0012
1565 0013
1565 0014
1565 0015
1565 0016
1565 0017
1565 0018
1565 0019
1565 0020
1565 0021
1565 0022
1565 0023
1565 0024
1565 0025
1565 0026
1565 0027
1568 0000
1568 0001
1568 0002
1568 0003
1568 0004
1568 0005
1568 0006
1568 0007
1568 0008
1568 0009
1568 0010
1568 0011
1568 0012
1568 0013
1568 0014
1568 0015
1568 0016
1568 0017
1568 0018
1568 0019
1568 0020
1568 0021
1568 0022
1568 0023
1568 0024
1568 0025
1568 0026
1573 0000
1573 0001
1573 0002
1573 0003
1573 0004
1573 0005
1573 0006
1573 0007
1573 0008
1573 0009
1573 0010
1573 0011
1573 0012
1573 0013
1573 0014
1573 0015
1573 0016
1573 0017
1573 0018
1573 0019
1573 0020
1575 0000
1575 0001
1575 0002
1575 0003
1575 0004
1575 0005
1575 0006
1575 0007
1575 0008
1575 0009
1575 0010
1575 0011
1575 0012
1575 0013
1575 0014
1575 0015
1575 0016
1575 0017
1575 0018
1575 0019
1575 0020
1575 0021
1581 0000
1581 0001
1581 0002
1581 0003
1581 0004
1581 0005
1581 0006
1581 0007
1581 0008
1581 0009
1581 0010
1581 0011
1581 0012
1581 0013
1581 0014
1581 0015
1581 0016
1581 0017
1581 0018
1581 0019
1581 0020
1581 0021
1581 0022
1583 0000
1583 0001
1583 0002
1583 0003
1583 0004
1583 0005
1583 0006
1583 0007
1583 0008
1583 0009
1583 0010
1583 0011
1583 0012
1583 0013
1583 0014
1583 0015
1588 0000
1588 0001
1588 0002
1588 0003
1588 0004
1588 0005
1588 0006
1588 0007
1588 0008
1588 0009
1588 0010
1588 0011
1588 0012
1588 0013
1588 0014
1588 0015
1588 0016
1588 0017
1588 0018
1591 0000
1591 0001
1591 0002
1591 0003
1591 0004
1591 0005
1591 0006
1591 0007
1591 0008
1591 0009
1591 0010
1591 0011
1591 0012
1591 0013
1591 0014
1591 0015
1591 0016
1591 0017
1591 0018
1591 0019
1591 0020
1591 0021
1591 0022
1591 0023
1591 0024
1591 0025
1591 0026
1591 0027
1591 0028
1591 0029
1595 0000
1595 0001
1595 0002
1595 0003
1595 0004
1595 0005
1595 0006
1595 0007
1595 0008
1595 0009
1595 0010
1595 0011
1595 0012
1595 0013
1595 0014
1595 0015
1595 0016
1595 0017
1595 0018
1595 0019
1595 0020
1595 0021
1595 0022
1595 0023
1604 0000
1604 0001
1604 0002
1604 0003
1604 0004
1604 0005
1604 0006
1604 0007
1604 0008
1604 0009
1604 0010
1604 0011
1604 0012
1604 0013
1604 0014
1604 0015
1604 0016
1604 0017
1604 0018
1604 0019
1604 0020
1604 0021
1604 0022
1604 0023
1604 0024
1610 0000
1610 0001
1610 0002
1610 0003
1610 0004
1610 0005
1610 0006
1610 0007
1610 0008
1610 0009
1610 0010
1610 0011
1610 0012
1610 0013
1610 0014
1610 0015
1610 0016
1610 0017
1610 0018
1610 0019
1610 0020
1610 0021
1610 0022
1610 0023
1610 0024
1610 0025
1611 0000
1611 0001
1611 0002
1611 0003
1611 0004
1611 0005
1611 0006
1611 0007
1611 0008
1611 0009
1611 0010
1611 0011
1611 0012
1611 0013
1611 0014
1611 0015
1611 0016
1611 0017
1611 0018
1611 0019
1611 0020
1611 0021
1611 0022
1611 0023
1611 0024
1615 0000
1615 0001
1615 0002
1615 0003
1615 0004
1615 0005
1615 0006
1615 0007
1615 0008
1615 0009
1615 0010
1635 0000
1635 0001
1635 0002
1635 0003
1635 0004
1635 0005
1635 0006
1635 0007
1635 0008
1635 0009
1635 0010
1635 0011
1635 0012
1635 0013
1635 0014
1635 0015
1635 0016
1635 0017
1635 0018
1635 0019
1635 0020
1635 0021
1635 0022
1648 0000
1648 0001
1648 0002
1648 0003
1648 0004
1648 0005
1648 0006
1648 0007
1648 0008
1648 0009
1648 0010
1648 0011
1648 0012
1648 0013
1648 0014
1652 0000
1652 0001
1652 0002
1652 0003
1652 0004
1652 0005
1652 0006
1652 0007
1652 0008
1652 0009
1652 0010
1652 0011
1652 0012
1652 0013
1652 0014
1652 0015
1652 0016
1652 0017
1652 0018
1652 0019
1652 0020
1652 0021
1652 0022
1652 0023
1652 0024
1664 0000
1664 0001
1664 0002
1664 0003
1664 0004
1664 0005
1664 0006
1664 0007
1664 0008
1664 0009
1664 0010
1664 0011
1664 0012
1664 0013
1664 0014
1664 0015
1664 0016
1664 0017
1664 0018
1664 0019
1664 0020
1664 0021
1664 0022
1664 0023
1664 0024
1664 0025
1664 0026
1664 0027
1664 0028
1664 0029
1664 0030
1691 0000
1691 0001
1691 0002
1691 0003
1691 0004
1691 0005
1691 0006
1691 0007
1691 0008
1691 0009
1691 0010
1691 0011
1691 0012
1691 0013
1691 0014
1691 0015
1691 0016
1691 0017
1691 0018
1691 0019
1691 0020
1691 0021
1691 0022
1700 0000
1700 0001
1700 0002
1700 0003
1700 0004
1700 0005
1700 0006
1700 0007
1700 0008
1700 0009
1700 0010
1700 0011
1700 0012
1700 0013
1700 0014
1700 0015
1700 0016
1700 0017
1700 0018
1700 0019
1700 0020
1702 0000
1702 0001
1702 0002
1702 0003
1702 0004
1702 0005
1702 0006
1702 0007
1702 0008
1702 0009
1702 0010
1702 0011
1702 0012
1702 0013
1702 0014
1702 0015
1702 0016
1702 0017
1711 0000
1711 0001
1711 0002
1711 0003
1711 0004
1711 0005
1711 0006
1711 0007
1711 0008
1711 0009
1711 0010
1711 0011
1711 0012
1711 0013
1711 0014
1711 0015
1711 0016
1711 0017
1711 0018
1711 0019
1711 0020
1711 0021
1711 0022
1711 0023
1711 0024
1711 0025
1711 0026
1711 0027
1711 0028
1711 0029
1711 0030
1712 0000
1712 0001
1712 0002
1712 0003
1712 0004
1712 0005
1712 0006
1712 0007
1712 0008
1712 0009
1712 0010
1712 0011
1712 0012
1712 0013
1712 0014
1712 0015
1712 0016
1712 0017
1712 0018
1712 0019
1712 0020
1712 0021
1712 0022
1713 0000
1713 0001
1713 0002
1713 0003
1713 0004
1713 0005
1713 0006
1713 0007
1713 0008
1713 0009
1713 0010
1713 0011
1713 0012
1713 0013
1713 0014
1713 0015
1713 0016
1729 0000
1729 0001
1729 0002
1729 0003
1729 0004
1729 0005
1729 0006
1729 0007
1729 0008
1729 0009
1729 0010
1729 0011
1729 0012
1729 0013
1729 0014
1729 0015
1729 0016
1729 0017
1729 0018
1729 0019
1729 0020
1731 0000
1731 0001
1731 0002
1731 0003
1731 0004
1731 0005
1731 0006
1731 0007
1731 0008
1731 0009
1731 0010
1731 0011
1731 0012
1731 0013
1731 0014
1731 0015
1731 0016
1731 0017
1731 0018
1731 0019
1731 0020
1731 0021
1731 0022
1731 0023
1731 0024
1731 0025
1731 0026
1731 0027
1732 0000
1732 0001
1732 0002
1732 0003
1732 0004
1732 0005
1732 0006
1732 0007
1732 0008
1732 0009
1732 0010
1732 0011
1732 0012
1732 0013
1732 0014
1732 0015
1732 0016
1738 0000
1738 0001
1738 0002
1738 0003
1738 0004
1738 0005
1738 0006
1738 0007
1738 0008
1738 0009
1738 0010
1738 0011
1738 0012
1738 0013
1738 0014
1738 0015
1738 0016
1738 0017
1748 0000
1748 0001
1748 0002
1748 0003
1748 0004
1748 0005
1748 0006
1748 0007
1748 0008
1748 0009
1748 0010
1748 0011
1748 0012
1748 0013
1748 0014
1748 0015
1748 0016
1748 0017
1748 0018
1748 0019
1748 0020
1748 0021
1750 0000
1750 0001
1750 0002
1750 0003
1750 0004
1750 0005
1750 0006
1750 0007
1750 0008
1750 0009
1750 0010
1750 0011
1750 0012
1750 0013
1750 0014
1750 0015
1751 0000
1751 0001
1751 0002
1751 0003
1751 0004
1751 0005
1751 0006
1751 0007
1751 0008
1751 0009
1751 0010
1751 0011
1751 0012
1751 0013
1751 0014
1751 0015
1751 0016
1751 0017
1751 0018
1751 0019
1751 0020
1751 0021
1751 0022
1751 0023
1751 0024
1755 0000
1755 0001
1755 0002
1755 0003
1755 0004
1755 0005
1755 0006
1755 0007
1755 0008
1755 0009
1755 0010
1755 0011
1755 0012
1755 0013
1755 0014
1755 0015
1755 0016
1755 0017
1755 0018
1755 0019
1755 0020
1755 0021
1755 0022
1755 0023
1755 0024
1755 0025
1755 0026
1755 0027
1755 0028
1755 0029
1758 0000
1758 0001
1758 0002
1758 0003
1758 0004
1758 0005
1758 0006
1758 0007
1758 0008
1758 0009
1758 0010
1758 0011
1758 0012
1758 0013
1758 0014
1758 0015
1758 0016
1758 0017
1758 0018
1758 0019
1758 0020
1758 0021
1760 0000
1760 0001
1760 0002
1760 0003
1760 0004
1760 0005
1760 0006
1760 0007
1760 0008
1760 0009
1760 0010
1760 0011
1760 0012
1760 0013
1760 0014
1760 0015
1760 0016
1760 0017
1760 0018
1760 0019
1760 0020
1760 0021
1760 0022
1768 0000
1768 0001
1768 0002
1768 0003
1768 0004
1768 0005
1768 0006
1768 0007
1768 0008
1768 0009
1768 0010
1768 0011
1768 0012
1768 0013
1768 0014
1768 0015
1768 0016
1768 0017
1768 0018
1768 0019
1768 0020
1768 0021
1770 0000
1770 0001
1770 0002
1770 0003
1770 0004
1770 0005
1770 0006
1770 0007
1770 0008
1770 0009
1770 0010
1770 0011
1770 0012
1770 0013
1770 0014
1770 0015
1770 0016
1770 0017
1770 0018
1770 0019
1770 0020
1770 0021
1770 0022
1770 0023
1770 0024
1770 0025
1770 0026
1770 0027
1770 0028
1771 0000
1771 0001
1771 0002
1771 0003
1771 0004
1771 0005
1771 0006
1771 0007
1771 0008
1771 0009
1771 0010
1771 0011
1771 0012
1771 0013
1771 0014
1771 0015
1771 0016
1771 0017
1771 0018
1771 0019
1771 0020
1771 0021
1771 0022
1771 0023
1771 0024
1775 0000
1775 0001
1775 0002
1775 0003
1775 0004
1775 0005
1775 0006
1775 0007
1775 0008
1775 0009
1775 0010
1775 0011
1775 0012
1775 0013
1775 0014
1775 0015
1775 0016
1775 0017
1775 0018
1775 0019
1775 0020
1775 0021
1775 0022
1775 0023
1776 0000
1776 0001
1776 0002
1776 0003
1776 0004
1776 0005
1776 0006
1776 0007
1776 0008
1776 0009
1776 0010
1776 0011
1776 0012
1776 0013
1776 0014
1776 0015
1776 0016
1776 0017
1776 0018
1776 0019
1776 0020
1776 0021
1776 0022
1781 0000
1781 0001
1781 0002
1781 0003
1781 0004
1781 0005
1781 0006
1781 0007
1781 0008
1781 0009
1781 0010
1781 0011
1781 0012
1781 0013
1781 0014
1781 0015
1781 0016
1781 0017
1781 0018
1781 0019
1781 0020
1783 0000
1783 0001
1783 0002
1783 0003
1783 0004
1783 0005
1783 0006
1783 0007
1783 0008
1783 0009
1783 0010
1783 0011
1783 0012
1783 0013
1783 0014
1783 0015
1783 0016
1783 0017
1790 0000
1790 0001
1790 0002
1790 0003
1790 0004
1790 0005
1790 0006
1790 0007
1790 0008
1790 0009
1790 0010
1790 0011
1790 0012
1790 0013
1790 0014
1790 0015
1790 0016
1790 0017
1790 0018
1790 0019
1790 0020
1790 0021
1790 0022
1790 0023
1790 0024
1790 0025
1790 0026
1792 0000
1792 0001
1792 0002
1792 0003
1792 0004
1792 0005
1792 0006
1792 0007
1792 0008
1792 0009
1792 0010
1792 0011
1792 0012
1792 0013
1792 0014
1792 0015
1792 0016
1792 0017
1792 0018
1792 0019
1792 0020
1792 0021
1792 0022
1792 0023
1792 0024
1792 0025
1792 0026
1792 0027
1793 0000
1793 0001
1793 0002
1793 0003
1793 0004
1793 0005
1793 0006
1793 0007
1793 0008
1793 0009
1793 0010
1793 0011
1793 0012
1793 0013
1793 0014
1793 0015
1793 0016
1793 0017
1793 0018
1794 0000
1794 0001
1794 0002
1794 0003
1794 0004
1794 0005
1794 0006
1794 0007
1794 0008
1794 0009
1794 0010
1794 0011
1794 0012
1794 0013
1794 0014
1794 0015
1794 0016
1794 0017
1794 0018
1794 0019
1794 0020
1794 0021
1794 0022
1794 0023
1794 0024
1794 0025
1794 0026
1812 0000
1812 0001
1812 0002
1812 0003
1812 0004
1812 0005
1812 0006
1812 0007
1812 0008
1812 0009
1812 0010
1812 0011
1812 0012
1812 0013
1812 0014
1812 0015
1812 0016
1812 0017
1812 0018
1812 0019
1812 0020
1812 0021
1812 0022
1813 0000
1813 0001
1813 0002
1813 0003
1813 0004
1813 0005
1813 0006
1813 0007
1813 0008
1813 0009
1813 0010
1813 0011
1813 0012
1813 0013
1813 0014
1813 0015
1813 0016
1813 0017
1813 0018
1813 0019
1814 0000
1814 0001
1814 0002
1814 0003
1814 0004
1814 0005
1814 0006
1814 0007
1814 0008
1814 0009
1814 0010
1814 0011
1814 0012
1814 0013
1814 0014
1814 0015
1814 0016
1814 0017
1814 0018
1814 0019
1815 0000
1815 0001
1815 0002
1815 0003
1815 0004
1815 0005
1815 0006
1815 0007
1815 0008
1815 0009
1815 0010
1815 0011
1815 0012
1815 0013
1815 0014
1815 0015
1815 0016
1815 0017
1815 0018
1815 0019
1815 0020
1816 0000
1816 0001
1816 0002
1816 0003
1816 0004
1816 0005
1816 0006
1816 0007
1816 0008
1816 0009
1816 0010
1816 0011
1816 0012
1816 0013
1816 0014
1816 0015
1816 0016
1816 0017
1816 0018
1817 0000
1817 0001
1817 0002
1817 0003
1817 0004
1817 0005
1817 0006
1817 0007
1817 0008
1817 0009
1817 0010
1817 0011
1817 0012
1817 0013
1817 0014
1817 0015
1817 0016
1817 0017
1817 0018
1817 0019
1823 0000
1823 0001
1823 0002
1823 0003
1823 0004
1823 0005
1823 0006
1823 0007
1823 0008
1823 0009
1823 0010
1823 0011
1823 0012
1823 0013
1823 0014
1823 0015
1823 0016
1829 0000
1829 0001
1829 0002
1829 0003
1829 0004
1829 0005
1829 0006
1829 0007
1829 0008
1829 0009
1829 0010
1829 0011
1829 0012
1829 0013
1829 0014
1829 0015
1829 0016
1829 0017
1829 0018
1829 0019
1829 0020
1832 0000
1832 0001
1832 0002
1832 0003
1832 0004
1832 0005
1832 0006
1832 0007
1832 0008
1832 0009
1832 0010
1832 0011
1832 0012
1832 0013
1832 0014
1832 0015
1832 0016
1832 0017
1832 0018
1832 0019
1832 0020
1832 0021
1832 0022
1832 0023
1832 0024
1832 0025
1832 0026
1832 0027
1832 0028
1832 0029
1832 0030
1832 0031
1833 0000
1833 0001
1833 0002
1833 0003
1833 0004
1833 0005
1833 0006
1833 0007
1833 0008
1833 0009
1833 0010
1833 0011
1833 0012
1833 0013
1833 0014
1833 0015
1833 0016
1833 0017
1833 0018
1833 0019
1833 0020
1833 0021
1833 0022
1833 0023
1833 0024
1833 0025
1837 0000
1837 0001
1837 0002
1837 0003
1837 0004
1837 0005
1837 0006
1837 0007
1837 0008
1837 0009
1837 0010
1837 0011
1837 0012
1837 0013
1837 0014
1837 0015
1837 0016
1837 0017
1837 0018
1837 0019
1837 0020
1837 0021
1837 0022
1846 0000
1846 0001
1846 0002
1846 0003
1846 0004
1846 0005
1846 0006
1846 0007
1846 0008
1846 0009
1846 0010
1846 0011
1846 0012
1846 0013
1846 0014
1846 0015
1846 0016
1846 0017
1846 0018
1846 0019
1846 0020
1847 0000
1847 0001
1847 0002
1847 0003
1847 0004
1847 0005
1847 0006
1847 0007
1847 0008
1847 0009
1847 0010
1847 0011
1847 0012
1847 0013
1847 0014
1847 0015
1847 0016
1847 0017
1855 0000
1855 0001
1855 0002
1855 0003
1855 0004
1855 0005
1855 0006
1855 0007
1855 0008
1855 0009
1855 0010
1855 0011
1855 0012
1855 0013
1855 0014
1855 0015
1855 0016
1855 0017
1855 0018
1855 0019
1855 0020
1855 0021
1855 0022
1855 0023
1855 0024
1855 0025
1855 0026
1855 0027
1856 0000
1856 0001
1856 0002
1856 0003
1856 0004
1856 0005
1856 0006
1856 0007
1856 0008
1856 0009
1856 0010
1856 0011
1856 0012
1856 0013
1858 0000
1858 0001
1858 0002
1858 0003
1858 0004
1858 0005
1858 0006
1858 0007
1858 0008
1858 0009
1858 0010
1858 0011
1858 0012
1858 0013
1858 0014
1858 0015
1858 0016
1858 0017
1858 0018
1858 0019
1858 0020
1858 0021
1858 0022
1858 0023
1858 0024
1858 0025
1858 0026
1865 0000
1865 0001
1865 0002
1865 0003
1865 0004
1865 0005
1865 0006
1865 0007
1865 0008
1865 0009
1865 0010
1865 0011
1865 0012
1865 0013
1865 0014
1865 0015
1865 0016
1865 0017
1865 0018
1865 0019
1865 0020
1865 0021
1865 0022
1865 0023
1865 0024
1865 0025
1867 0000
1867 0001
1867 0002
1867 0003
1867 0004
1867 0005
1867 0006
1867 0007
1867 0008
1867 0009
1867 0010
1867 0011
1867 0012
1867 0013
1867 0014
1867 0015
1867 0016
1867 0017
1867 0018
1867 0019
1867 0020
1867 0021
1867 0022
1867 0023
1867 0024
1867 0025
1867 0026
1880 0000
1880 0001
1880 0002
1880 0003
1880 0004
1880 0005
1880 0006
1880 0007
1880 0008
1880 0009
1880 0010
1880 0011
1880 0012
1880 0013
1880 0014
1880 0015
1880 0016
1880 0017
1880 0018
1880 0019
1880 0020
1884 0000
1884 0001
1884 0002
1884 0003
1884 0004
1884 0005
1884 0006
1884 0007
1884 0008
1884 0009
1884 0010
1884 0011
1884 0012
1884 0013
1884 0014
1884 0015
1884 0016
1884 0017
1884 0018
1884 0019
1884 0020
1884 0021
1884 0022
1884 0023
1884 0024
1884 0025
1887 0000
1887 0001
1887 0002
1887 0003
1887 0004
1887 0005
1887 0006
1887 0007
1887 0008
1887 0009
1887 0010
1887 0011
1887 0012
1887 0013
1887 0014
1887 0015
1887 0016
1887 0017
1887 0018
1887 0019
1887 0020
1887 0021
1887 0022
1887 0023
1887 0024
1887 0025
1888 0000
1888 0001
1888 0002
1888 0003
1888 0004
1888 0005
1888 0006
1888 0007
1888 0008
1888 0009
1888 0010
1888 0011
1888 0012
1888 0013
1888 0014
1888 0015
1888 0016
1888 0017
1888 0018
1888 0019
1888 0020
1888 0021
1888 0022
1888 0023
1888 0024
1888 0025
1890 0000
1890 0001
1890 0002
1890 0003
1890 0004
1890 0005
1890 0006
1890 0007
1890 0008
1890 0009
1890 0010
1890 0011
1890 0012
1890 0013
1890 0014
1890 0015
1890 0016
1890 0017
1890 0018
1890 0019
1890 0020
1890 0021
1894 0000
1894 0001
1894 0002
1894 0003
1894 0004
1894 0005
1894 0006
1894 0007
1894 0008
1894 0009
1894 0010
1894 0011
1894 0012
1894 0013
1894 0014
1894 0015
1894 0016
1894 0017
1894 0018
1894 0019
1894 0020
1894 0021
1894 0022
1897 0000
1897 0001
1897 0002
1897 0003
1897 0004
1897 0005
1897 0006
1897 0007
1897 0008
1897 0009
1897 0010
1897 0011
1897 0012
1897 0013
1897 0014
1897 0015
1897 0016
1897 0017
1897 0018
1897 0019
1897 0020
1897 0021
1897 0022
1897 0023
1897 0024
1897 0025
1897 0026
1897 0027
1897 0028
1897 0029
1903 0000
1903 0001
1903 0002
1903 0003
1903 0004
1903 0005
1903 0006
1903 0007
1903 0008
1903 0009
1903 0010
1903 0011
1903 0012
1903 0013
1903 0014
1903 0015
1903 0016
1903 0017
1903 0018
1903 0019
1906 0000
1906 0001
1906 0002
1906 0003
1906 0004
1906 0005
1906 0006
1906 0007
1906 0008
1906 0009
1906 0010
1906 0011
1906 0012
1906 0013
1906 0014
1906 0015
1906 0016
1906 0017
1906 0018
1906 0019
1906 0020
1906 0021
1906 0022
1906 0023
1906 0024
1906 0025
1908 0000
1908 0001
1908 0002
1908 0003
1908 0004
1908 0005
1908 0006
1908 0007
1908 0008
1908 0009
1908 0010
1908 0011
1908 0012
1908 0013
1908 0014
1908 0015
1908 0016
1908 0017
1908 0018
1908 0019
1908 0020
1908 0021
1908 0022
1911 0000
1911 0001
1911 0002
1911 0003
1911 0004
1911 0005
1911 0006
1911 0007
1911 0008
1911 0009
1911 0010
1911 0011
1911 0012
1911 0013
1911 0014
1911 0015
1911 0016
1911 0017
1914 0000
1914 0001
1914 0002
1914 0003
1914 0004
1914 0005
1914 0006
1914 0007
1914 0008
1914 0009
1914 0010
1914 0011
1914 0012
1914 0013
1914 0014
1914 0015
1914 0016
1914 0017
1914 0018
1914 0019
1914 0020
1914 0021
1914 0022
1917 0000
1917 0001
1917 0002
1917 0003
1917 0004
1917 0005
1917 0006
1917 0007
1917 0008
1917 0009
1917 0010
1917 0011
1917 0012
1917 0013
1917 0014
1917 0015
1917 0016
1917 0017
1917 0018
1917 0019
1917 0020
1917 0021
1917 0022
1917 0023
1917 0024
1917 0025
1918 0000
1918 0001
1918 0002
1918 0003
1918 0004
1918 0005
1918 0006
1918 0007
1918 0008
1918 0009
1918 0010
1918 0011
1918 0012
1918 0013
1918 0014
1918 0015
1918 0016
1918 0017
1918 0018
1918 0019
1918 0020
1918 0021
1918 0022
1918 0023
1921 0000
1921 0001
1921 0002
1921 0003
1921 0004
1921 0005
1921 0006
1921 0007
1921 0008
1921 0009
1921 0010
1921 0011
1921 0012
1921 0013
1921 0014
1921 0015
1921 0016
1921 0017
1921 0018
1921 0019
1927 0000
1927 0001
1927 0002
1927 0003
1927 0004
1927 0005
1927 0006
1927 0007
1927 0008
1927 0009
1927 0010
1927 0011
1927 0012
1927 0013
1927 0014
1927 0015
1927 0016
1927 0017
1927 0018
1928 0000
1928 0001
1928 0002
1928 0003
1928 0004
1928 0005
1928 0006
1928 0007
1928 0008
1928 0009
1928 0010
1928 0011
1928 0012
1928 0013
1928 0014
1928 0015
1928 0016
1928 0017
1932 0000
1932 0001
1932 0002
1932 0003
1932 0004
1932 0005
1932 0006
1932 0007
1932 0008
1932 0009
1932 0010
1932 0011
1932 0012
1932 0013
1932 0014
1932 0015
1932 0016
1932 0017
1932 0018
1932 0019
1932 0020
1932 0021
1932 0022
1932 0023
1932 0024
1932 0025
1932 0026
1932 0027
1937 0000
1937 0001
1937 0002
1937 0003
1937 0004
1937 0005
1937 0006
1937 0007
1937 0008
1937 0009
1937 0010
1937 0011
1937 0012
1937 0013
1937 0014
1937 0015
1937 0016
1937 0017
1937 0018
1937 0019
1937 0020
1937 0021
1937 0022
1937 0023
1937 0024
1937 0025
1937 0026
1937 0027
1937 0028
1942 0000
1942 0001
1942 0002
1942 0003
1942 0004
1942 0005
1942 0006
1942 0007
1942 0008
1942 0009
1942 0010
1942 0011
1942 0012
1942 0013
1942 0014
1942 0015
1942 0016
1942 0017
1942 0018
1942 0019
1942 0020
1945 0000
1945 0001
1945 0002
1945 0003
1945 0004
1945 0005
1945 0006
1945 0007
1945 0008
1945 0009
1945 0010
1945 0011
1945 0012
1945 0013
1945 0014
1945 0015
1945 0016
1945 0017
1945 0018
1945 0019
1945 0020
1945 0021
1945 0022
1945 0023
1945 0024
1945 0025
1945 0026
1945 0027
1961 0000
1961 0001
1961 0002
1961 0003
1961 0004
1961 0005
1961 0006
1961 0007
1961 0008
1961 0009
1961 0010
1961 0011
1961 0012
1961 0013
1961 0014
1961 0015
1961 0016
1961 0017
1961 0018
1961 0019
1961 0020
1961 0021
1963 0000
1963 0001
1963 0002
1963 0003
1963 0004
1963 0005
1963 0006
1963 0007
1963 0008
1963 0009
1963 0010
1963 0011
1963 0012
1963 0013
1963 0014
1963 0015
1963 0016
1963 0017
1963 0018
1963 0019
1963 0020
1963 0021
1963 0022
1963 0023
1963 0024
1963 0025
1963 0026
1972 0000
1972 0001
1972 0002
1972 0003
1972 0004
1972 0005
1972 0006
1972 0007
1972 0008
1972 0009
1972 0010
1972 0011
1972 0012
1972 0013
1972 0014
1972 0015
1972 0016
1972 0017
1973 0000
1973 0001
1973 0002
1973 0003
1973 0004
1973 0005
1973 0006
1973 0007
1973 0008
1973 0009
1973 0010
1973 0011
1973 0012
1973 0013
1973 0014
1973 0015
1973 0016
1973 0017
1973 0018
1973 0019
1973 0020
1973 0021
1973 0022
1973 0023
1973 0024
1973 0025
1973 0026
1973 0027
1973 0028
1973 0029
1973 0030
1973 0031
1974 0000
1974 0001
1974 0002
1974 0003
1974 0004
1974 0005
1974 0006
1974 0007
1974 0008
1974 0009
1974 0010
1974 0011
1974 0012
1974 0013
1974 0014
1974 0015
1974 0016
1974 0017
1974 0018
1974 0019
1974 0020
1974 0021
1974 0022
1974 0023
1974 0024
1974 0025
1974 0026
1974 0027
1974 0028
1974 0029
1976 0000
1976 0001
1976 0002
1976 0003
1976 0004
1976 0005
1976 0006
1976 0007
1976 0008
1976 0009
1976 0010
1976 0011
1976 0012
1976 0013
1976 0014
1976 0015
1976 0016
1976 0017
1976 0018
1976 0019
1976 0020
1976 0021
1976 0022
1976 0023
1990 0000
1990 0001
1990 0002
1990 0003
1990 0004
1990 0005
1990 0006
1990 0007
1990 0008
1990 0009
1990 0010
1990 0011
1990 0012
1990 0013
1990 0014
1990 0015
1990 0016
1990 0017
1990 0018
1990 0019
1990 0020
1990 0021
1990 0022
1990 0023
1990 0024
1990 0025
1990 0026
1990 0027
1990 0028
1990 0029
1997 0000
1997 0001
1997 0002
1997 0003
1997 0004
1997 0005
1997 0006
1997 0007
1997 0008
1997 0009
1997 0010
1997 0011
1997 0012
1997 0013
1997 0014
1997 0015
1997 0016
1997 0017
1997 0018
1997 0019
1997 0020
1997 0021
1997 0022
1997 0023
1997 0024
1997 0025
1997 0026
1998 0000
1998 0001
1998 0002
1998 0003
1998 0004
1998 0005
1998 0006
1998 0007
1998 0008
1998 0009
1998 0010
1998 0011
1998 0012
1998 0013
1998 0014
1998 0015
1999 0000
1999 0001
1999 0002
1999 0003
1999 0004
1999 0005
1999 0006
1999 0007
1999 0008
1999 0009
1999 0010
1999 0011
1999 0012
1999 0013
1999 0014
2000 0000
2000 0001
2000 0002
2000 0003
2000 0004
2000 0005
2000 0006
2000 0007
2000 0008
2000 0009
2000 0010
2000 0011
2000 0012
2000 0013
2000 0014
2000 0015
2000 0016
2000 0017
2000 0018
2000 0019
2000 0020
2000 0021
2000 0022
2009 0000
2009 0001
2009 0002
2009 0003
2009 0004
2009 0005
2009 0006
2009 0007
2009 0008
2009 0009
2009 0010
2009 0011
2009 0012
2009 0013
2009 0014
2009 0015
2009 0016
2009 0017
2009 0018
2009 0019
2009 0020
2013 0000
2013 0001
2013 0002
2013 0003
2013 0004
2013 0005
2013 0006
2013 0007
2013 0008
2013 0009
2013 0010
2013 0011
2013 0012
2013 0013
2013 0014
2013 0015
2013 0016
2013 0017
2013 0018
2013 0019
2013 0020
2013 0021
2013 0022
2013 0023
2014 0000
2014 0001
2014 0002
2014 0003
2014 0004
2014 0005
2014 0006
2014 0007
2014 0008
2014 0009
2014 0010
2014 0011
2014 0012
2014 0013
2014 0014
2014 0015
2014 0016
2014 0017
2014 0018
2014 0019
2014 0020
2014 0021
2014 0022
2014 0023
2014 0024
2016 0000
2016 0001
2016 0002
2016 0003
2016 0004
2016 0005
2016 0006
2016 0007
2016 0008
2016 0009
2016 0010
2016 0011
2016 0012
2016 0013
2016 0014
2016 0015
2016 0016
2016 0017
2016 0018
2016 0019
2016 0020
2016 0021
2016 0022
2016 0023
2016 0024
2023 0000
2023 0001
2023 0002
2023 0003
2023 0004
2023 0005
2023 0006
2023 0007
2023 0008
2023 0009
2023 0010
2023 0011
2023 0012
2023 0013
2023 0014
2023 0015
2023 0016
2023 0017
2023 0018
2023 0019
2023 0020
2023 0021
2023 0022
2025 0000
2025 0001
2025 0002
2025 0003
2025 0004
2025 0005
2025 0006
2025 0007
2025 0008
2025 0009
2025 0010
2025 0011
2025 0012
2025 0013
2025 0014
2025 0015
2025 0016
2025 0017
2025 0018
2025 0019
2025 0020
2025 0021
2025 0022
2026 0000
2026 0001
2026 0002
2026 0003
2026 0004
2026 0005
2026 0006
2026 0007
2026 0008
2026 0009
2026 0010
2026 0011
2026 0012
2026 0013
2026 0014
2026 0015
2026 0016
2026 0017
2026 0018
2028 0000
2028 0001
2028 0002
2028 0003
2028 0004
2028 0005
2028 0006
2028 0007
2028 0008
2028 0009
2028 0010
2028 0011
2028 0012
2028 0013
2028 0014
2028 0015
2028 0016
2028 0017
2028 0018
2028 0019
2028 0020
2028 0021
2028 0022
2028 0023
2028 0024
2030 0000
2030 0001
2030 0002
2030 0003
2030 0004
2030 0005
2030 0006
2030 0007
2030 0008
2030 0009
2030 0010
2030 0011
2030 0012
2030 0013
2030 0014
2030 0015
2030 0016
2030 0017
2030 0018
2030 0019
2030 0020
2033 0000
2033 0001
2033 0002
2033 0003
2033 0004
2033 0005
2033 0006
2033 0007
2033 0008
2033 0009
2033 0010
2033 0011
2033 0012
2033 0013
2033 0014
2033 0015
2033 0016
2033 0017
2033 0018
2033 0019
2033 0020
2033 0021
2033 0022
2033 0023
2033 0024
2033 0025
2033 0026
2036 0000
2036 0001
2036 0002
2036 0003
2036 0004
2036 0005
2036 0006
2036 0007
2036 0008
2036 0009
2036 0010
2036 0011
2036 0012
2036 0013
2036 0014
2036 0015
2036 0016
2036 0017
2036 0018
2036 0019
2036 0020
2039 0000
2039 0001
2039 0002
2039 0003
2039 0004
2039 0005
2039 0006
2039 0007
2039 0008
2039 0009
2039 0010
2039 0011
2039 0012
2039 0013
2039 0014
2039 0015
2039 0016
2039 0017
2039 0018
2039 0019
2039 0020
2039 0021
2039 0022
2039 0023
2044 0000
2044 0001
2044 0002
2044 0003
2044 0004
2044 0005
2044 0006
2044 0007
2044 0008
2044 0009
2044 0010
2044 0011
2044 0012
2044 0013
2044 0014
2044 0015
2044 0016
2044 0017
2044 0018
2044 0019
2044 0020
2044 0021
2044 0022
2044 0023
2044 0024
2044 0025
2044 0026
2044 0027
2044 0028
2044 0029
2044 0030
2044 0031
2044 0032
2044 0033
2049 0000
2049 0001
2049 0002
2049 0003
2049 0004
2049 0005
2049 0006
2049 0007
2049 0008
2049 0009
2049 0010
2049 0011
2049 0012
2049 0013
2049 0014
2049 0015
2049 0016
2049 0017
2049 0018
2049 0019
2052 0000
2052 0001
2052 0002
2052 0003
2052 0004
2052 0005
2052 0006
2052 0007
2052 0008
2052 0009
2052 0010
2052 0011
2052 0012
2052 0013
2052 0014
2052 0015
2052 0016
2052 0017
2052 0018
2052 0019
2052 0020
2052 0021
2052 0022
2052 0023
2052 0024
2052 0025
2067 0000
2067 0001
2067 0002
2067 0003
2067 0004
2067 0005
2067 0006
2067 0007
2067 0008
2067 0009
2067 0010
2067 0011
2067 0012
2067 0013
2067 0014
2067 0015
2067 0016
2067 0017
2067 0018
2067 0019
2067 0020
2067 0021
2067 0022
2067 0023
2067 0024
2068 0000
2068 0001
2068 0002
2068 0003
2068 0004
2068 0005
2068 0006
2068 0007
2068 0008
2068 0009
2068 0010
2068 0011
2068 0012
2068 0013
2068 0014
2068 0015
2068 0016
2068 0017
2068 0018
2068 0019
2068 0020
2068 0021
2068 0022
2068 0023
2068 0024
2068 0025
2068 0026
2068 0027
2068 0028
2068 0029
2068 0030
2072 0000
2072 0001
2072 0002
2072 0003
2072 0004
2072 0005
2072 0006
2072 0007
2072 0008
2072 0009
2072 0010
2072 0011
2072 0012
2079 0000
2079 0001
2079 0002
2079 0003
2079 0004
2079 0005
2079 0006
2079 0007
2079 0008
2079 0009
2079 0010
2079 0011
2079 0012
2079 0013
2079 0014
2079 0015
2079 0016
2079 0017
2079 0018
2079 0019
2079 0020
2079 0021
2079 0022
2079 0023
2081 0000
2081 0001
2081 0002
2081 0003
2081 0004
2081 0005
2081 0006
2081 0007
2081 0008
2081 0009
2081 0010
2081 0011
2081 0012
2081 0013
2081 0014
2081 0015
2081 0016
2081 0017
2081 0018
2081 0019
2081 0020
2081 0021
2082 0000
2082 0001
2082 0002
2082 0003
2082 0004
2082 0005
2082 0006
2082 0007
2082 0008
2082 0009
2082 0010
2082 0011
2082 0012
2082 0013
2082 0014
2082 0015
2082 0016
2082 0017
2082 0018
2082 0019
2082 0020
2082 0021
2082 0022
2082 0023
2083 0000
2083 0001
2083 0002
2083 0003
2083 0004
2083 0005
2083 0006
2083 0007
2083 0008
2083 0009
2083 0010
2083 0011
2083 0012
2083 0013
2083 0014
2083 0015
2083 0016
2083 0017
2093 0000
2093 0001
2093 0002
2093 0003
2093 0004
2093 0005
2093 0006
2093 0007
2093 0008
2093 0009
2093 0010
2093 0011
2093 0012
2093 0013
2093 0014
2093 0015
2093 0016
2093 0017
2093 0018
2093 0019
2093 0020
2093 0021
2093 0022
2093 0023
2093 0024
2093 0025
2093 0026
2093 0027
2093 0028
2095 0000
2095 0001
2095 0002
2095 0003
2095 0004
2095 0005
2095 0006
2095 0007
2095 0008
2095 0009
2095 0010
2095 0011
2095 0012
2095 0013
2095 0014
2095 0015
2095 0016
2095 0017
2095 0018
2095 0019
2098 0000
2098 0001
2098 0002
2098 0003
2098 0004
2098 0005
2098 0006
2098 0007
2098 0008
2098 0009
2098 0010
2098 0011
2098 0012
2098 0013
2098 0014
2098 0015
2098 0016
2098 0017
2098 0018
2098 0019
2098 0020
2098 0021
2098 0022
2098 0023
2098 0024
2098 0025
2098 0026
2098 0027
2098 0028
2098 0029
2099 0000
2099 0001
2099 0002
2099 0003
2099 0004
2099 0005
2099 0006
2099 0007
2099 0008
2099 0009
2099 0010
2099 0011
2099 0012
2099 0013
2099 0014
2099 0015
2099 0016
2099 0017
2099 0018
2100 0000
2100 0001
2100 0002
2100 0003
2100 0004
2100 0005
2100 0006
2100 0007
2100 0008
2100 0009
2100 0010
2100 0011
2100 0012
2100 0013
2100 0014
2100 0015
2100 0016
2100 0017
2100 0018
2100 0019
2100 0020
2100 0021
2100 0022
2100 0023
2100 0024
2102 0000
2102 0001
2102 0002
2102 0003
2102 0004
2102 0005
2102 0006
2102 0007
2102 0008
2102 0009
2102 0010
2102 0011
2102 0012
2102 0013
2102 0014
2102 0015
2102 0016
2102 0017
2102 0018
2103 0000
2103 0001
2103 0002
2103 0003
2103 0004
2103 0005
2103 0006
2103 0007
2103 0008
2103 0009
2103 0010
2103 0011
2103 0012
2103 0013
2103 0014
2103 0015
2103 0016
2103 0017
2103 0018
2103 0019
2103 0020
2103 0021
2103 0022
2103 0023
2103 0024
2103 0025
2103 0026
2104 0000
2104 0001
2104 0002
2104 0003
2104 0004
2104 0005
2104 0006
2104 0007
2104 0008
2104 0009
2104 0010
2104 0011
2104 0012
2104 0013
2104 0014
2104 0015
2104 0016
2104 0017
2104 0018
2104 0019
2104 0020
2104 0021
2104 0022
2104 0023
2104 0024
2104 0025
2104 0026
2104 0027
2109 0000
2109 0001
2109 0002
2109 0003
2109 0004
2109 0005
2109 0006
2109 0007
2109 0008
2109 0009
2109 0010
2109 0011
2109 0012
2109 0013
2109 0014
2109 0015
2109 0016
2109 0017
2109 0018
2109 0019
2109 0020
2109 0021
2109 0022
2109 0023
2109 0024
2114 0000
2114 0001
2114 0002
2114 0003
2114 0004
2114 0005
2114 0006
2114 0007
2114 0008
2114 0009
2114 0010
2114 0011
2114 0012
2114 0013
2114 0014
2114 0015
2114 0016
2114 0017
2114 0018
2114 0019
2122 0000
2122 0001
2122 0002
2122 0003
2122 0004
2122 0005
2122 0006
2122 0007
2122 0008
2122 0009
2122 0010
2122 0011
2122 0012
2122 0013
2122 0014
2122 0015
2122 0016
2122 0017
2122 0018
2122 0019
2122 0020
2122 0021
2123 0000
2123 0001
2123 0002
2123 0003
2123 0004
2123 0005
2123 0006
2123 0007
2123 0008
2123 0009
2123 0010
2123 0011
2123 0012
2123 0013
2123 0014
2123 0015
2123 0016
2123 0017
2123 0018
2123 0019
2123 0020
2123 0021
2123 0022
2123 0023
2123 0024
2123 0025
2123 0026
2123 0027
2123 0028
2123 0029
2123 0030
2123 0031
2125 0000
2125 0001
2125 0002
2125 0003
2125 0004
2125 0005
2125 0006
2125 0007
2125 0008
2125 0009
2125 0010
2125 0011
2125 0012
2125 0013
2125 0014
2125 0015
2125 0016
2125 0017
2125 0018
2125 0019
2125 0020
2125 0021
2125 0022
2125 0023
2125 0024
2125 0025
2125 0026
2125 0027
2125 0028
2125 0029
2126 0000
2126 0001
2126 0002
2126 0003
2126 0004
2126 0005
2126 0006
2126 0007
2126 0008
2126 0009
2126 0010
2126 0011
2126 0012
2126 0013
2126 0014
2126 0015
2126 0016
2126 0017
2126 0018
2126 0019
2126 0020
2126 0021
2126 0022
2126 0023
2127 0000
2127 0001
2127 0002
2127 0003
2127 0004
2127 0005
2127 0006
2127 0007
2127 0008
2127 0009
2127 0010
2127 0011
2127 0012
2127 0013
2127 0014
2127 0015
2131 0000
2131 0001
2131 0002
2131 0003
2131 0004
2131 0005
2131 0006
2131 0007
2131 0008
2131 0009
2131 0010
2131 0011
2131 0012
2131 0013
2131 0014
2131 0015
2131 0016
2131 0017
2131 0018
2131 0019
2131 0020
2131 0021
2131 0022
2131 0023
2131 0024
2131 0025
2131 0026
2131 0027
2131 0028
2131 0029
2131 0030
2132 0000
2132 0001
2132 0002
2132 0003
2132 0004
2132 0005
2132 0006
2132 0007
2132 0008
2132 0009
2132 0010
2132 0011
2132 0012
2132 0013
2132 0014
2132 0015
2132 0016
2132 0017
2132 0018
2132 0019
2132 0020
2132 0021
2132 0022
2132 0023
2141 0000
2141 0001
2141 0002
2141 0003
2141 0004
2141 0005
2141 0006
2141 0007
2141 0008
2141 0009
2141 0010
2141 0011
2141 0012
2141 0013
2141 0014
2141 0015
2141 0016
2141 0017
2141 0018
2141 0019
2141 0020
2141 0021
2141 0022
2141 0023
2144 0000
2144 0001
2144 0002
2144 0003
2144 0004
2144 0005
2144 0006
2144 0007
2144 0008
2144 0009
2144 0010
2144 0011
2144 0012
2144 0013
2144 0014
2144 0015
2144 0016
2144 0017
2144 0018
2144 0019
2144 0020
2144 0021
2144 0022
2144 0023
2144 0024
2144 0025
2146 0000
2146 0001
2146 0002
2146 0003
2146 0004
2146 0005
2146 0006
2146 0007
2146 0008
2146 0009
2146 0010
2146 0011
2146 0012
2146 0013
2146 0014
2146 0015
2146 0016
2146 0017
2146 0018
2147 0000
2147 0001
2147 0002
2147 0003
2147 0004
2147 0005
2147 0006
2147 0007
2147 0008
2147 0009
2147 0010
2147 0011
2147 0012
2147 0013
2147 0014
2147 0015
2147 0016
2147 0017
2147 0018
2147 0019
2147 0020
2147 0021
2147 0022
2147 0023
2147 0024
2147 0025
2147 0026
2147 0027
2147 0028
2147 0029
2153 0000
2153 0001
2153 0002
2153 0003
2153 0004
2153 0005
2153 0006
2153 0007
2153 0008
2153 0009
2153 0010
2153 0011
2153 0012
2161 0000
2161 0001
2161 0002
2161 0003
2161 0004
2161 0005
2161 0006
2161 0007
2161 0008
2161 0009
2161 0010
2161 0011
2161 0012
2161 0013
2161 0014
2161 0015
2161 0016
2161 0017
2161 0018
2161 0019
2161 0020
2161 0021
2161 0022
2161 0023
2161 0024
2165 0000
2165 0001
2165 0002
2165 0003
2165 0004
2165 0005
2165 0006
2165 0007
2165 0008
2165 0009
2165 0010
2165 0011
2165 0012
2165 0013
2165 0014
2165 0015
2165 0016
2169 0000
2169 0001
2169 0002
2169 0003
2169 0004
2169 0005
2169 0006
2169 0007
2169 0008
2169 0009
2169 0010
2169 0011
2169 0012
2169 0013
2169 0014
2169 0015
2169 0016
2169 0017
2169 0018
2169 0019
2169 0020
2169 0021
2169 0022
2169 0023
2169 0024
2176 0000
2176 0001
2176 0002
2176 0003
2176 0004
2176 0005
2176 0006
2176 0007
2176 0008
2176 0009
2176 0010
2176 0011
2176 0012
2176 0013
2176 0014
2176 0015
2176 0016
2176 0017
2176 0018
2176 0019
2176 0020
2176 0021
2176 0022
2176 0023
2176 0024
2176 0025
2176 0026
2176 0027
2176 0028
2176 0029
2176 0030
2178 0000
2178 0001
2178 0002
2178 0003
2178 0004
2178 0005
2178 0006
2178 0007
2178 0008
2178 0009
2178 0010
2178 0011
2178 0012
2178 0013
2178 0014
2178 0015
2180 0000
2180 0001
2180 0002
2180 0003
2180 0004
2180 0005
2180 0006
2180 0007
2180 0008
2180 0009
2180 0010
2180 0011
2180 0012
2180 0013
2180 0014
2180 0015
2180 0016
2180 0017
2180 0018
2180 0019
2185 0000
2185 0001
2185 0002
2185 0003
2185 0004
2185 0005
2185 0006
2185 0007
2185 0008
2185 0009
2185 0010
2185 0011
2185 0012
2185 0013
2185 0014
2185 0015
2185 0016
2185 0017
2185 0018
2185 0019
2185 0020
2185 0021
2185 0022
2187 0000
2187 0001
2187 0002
2187 0003
2187 0004
2187 0005
2187 0006
2187 0007
2187 0008
2187 0009
2187 0010
2187 0011
2187 0012
2187 0013
2187 0014
2187 0015
2187 0016
2187 0017
2187 0018
2191 0000
2191 0001
2191 0002
2191 0003
2191 0004
2191 0005
2191 0006
2191 0007
2191 0008
2191 0009
2191 0010
2191 0011
2191 0012
2191 0013
2191 0014
2191 0015
2191 0016
2191 0017
2191 0018
2191 0019
2202 0000
2202 0001
2202 0002
2202 0003
2202 0004
2202 0005
2202 0006
2202 0007
2202 0008
2202 0009
2202 0010
2202 0011
2202 0012
2202 0013
2202 0014
2202 0015
2202 0016
2202 0017
2202 0018
2202 0019
2202 0020
2202 0021
2202 0022
2202 0023
2202 0024
2202 0025
2202 0026
2203 0000
2203 0001
2203 0002
2203 0003
2203 0004
2203 0005
2203 0006
2203 0007
2203 0008
2203 0009
2203 0010
2203 0011
2203 0012
2203 0013
2203 0014
2203 0015
2203 0016
2203 0017
2203 0018
2203 0019
2203 0020
2203 0021
2203 0022
2203 0023
2203 0024
2203 0025
2203 0026
2203 0027
2203 0028
2203 0029
2214 0000
2214 0001
2214 0002
2214 0003
2214 0004
2214 0005
2214 0006
2214 0007
2214 0008
2214 0009
2214 0010
2214 0011
2214 0012
2214 0013
2214 0014
2214 0015
2214 0016
2214 0017
2214 0018
2214 0019
2214 0020
2214 0021
2214 0022
2214 0023
2214 0024
2214 0025
2214 0026
2217 0000
2217 0001
2217 0002
2217 0003
2217 0004
2217 0005
2217 0006
2217 0007
2217 0008
2217 0009
2217 0010
2217 0011
2217 0012
2221 0000
2221 0001
2221 0002
2221 0003
2221 0004
2221 0005
2221 0006
2221 0007
2221 0008
2221 0009
2221 0010
2221 0011
2221 0012
2221 0013
2221 0014
2221 0015
2221 0016
2221 0017
2221 0018
2221 0019
2221 0020
2221 0021
2221 0022
2221 0023
2221 0024
2221 0025
2228 0000
2228 0001
2228 0002
2228 0003
2228 0004
2228 0005
2228 0006
2228 0007
2228 0008
2228 0009
2228 0010
2228 0011
2228 0012
2228 0013
2228 0014
2228 0015
2228 0016
2228 0017
2228 0018
2228 0019
2228 0020
2228 0021
2228 0022
2228 0023
2228 0024
2228 0025
2228 0026
2228 0027
2228 0028
2228 0029
2228 0030
2228 0031
2236 0000
2236 0001
2236 0002
2236 0003
2236 0004
2236 0005
2236 0006
2236 0007
2236 0008
2236 0009
2236 0010
2236 0011
2236 0012
2236 0013
2236 0014
2236 0015
2236 0016
2236 0017
2236 0018
2236 0019
2236 0020
2236 0021
2236 0022
2236 0023
2242 0000
2242 0001
2242 0002
2242 0003
2242 0004
2242 0005
2242 0006
2242 0007
2242 0008
2242 0009
2242 0010
2242 0011
2242 0012
2242 0013
2242 0014
2242 0015
2242 0016
2242 0017
2242 0018
2242 0019
2242 0020
2242 0021
2242 0022
2242 0023
2246 0000
2246 0001
2246 0002
2246 0003
2246 0004
2246 0005
2246 0006
2246 0007
2246 0008
2246 0009
2246 0010
2246 0011
2246 0012
2246 0013
2246 0014
2246 0015
2246 0016
2246 0017
2246 0018
2246 0019
2246 0020
2246 0021
2246 0022
2246 0023
2246 0024
2246 0025
2246 0026
2246 0027
2246 0028
2249 0000
2249 0001
2249 0002
2249 0003
2249 0004
2249 0005
2249 0006
2249 0007
2249 0008
2249 0009
2249 0010
2249 0011
2249 0012
2249 0013
2249 0014
2249 0015
2249 0016
2249 0017
2249 0018
2249 0019
2249 0020
2249 0021
2249 0022
2249 0023
2249 0024
2249 0025
2249 0026
2249 0027
2249 0028
2249 0029
2249 0030
2249 0031
2256 0000
2256 0001
2256 0002
2256 0003
2256 0004
2256 0005
2256 0006
2256 0007
2256 0008
2256 0009
2256 0010
2256 0011
2256 0012
2256 0013
2256 0014
2256 0015
2256 0016
2256 0017
2256 0018
2256 0019
2256 0020
2256 0021
2256 0022
2256 0023
2256 0024
2257 0000
2257 0001
2257 0002
2257 0003
2257 0004
2257 0005
2257 0006
2257 0007
2257 0008
2257 0009
2257 0010
2257 0011
2257 0012
2257 0013
2257 0014
2257 0015
2257 0016
2257 0017
2257 0018
2257 0019
2257 0020
2257 0021
2257 0022
2257 0023
2258 0000
2258 0001
2258 0002
2258 0003
2258 0004
2258 0005
2258 0006
2258 0007
2258 0008
2258 0009
2258 0010
2258 0011
2258 0012
2258 0013
2258 0014
2258 0015
2258 0016
2258 0017
2258 0018
2258 0019
2258 0020
2258 0021
2258 0022
2258 0023
2258 0024
2258 0025
2258 0026
2261 0000
2261 0001
2261 0002
2261 0003
2261 0004
2261 0005
2261 0006
2261 0007
2261 0008
2261 0009
2261 0010
2261 0011
2261 0012
2261 0013
2261 0014
2261 0015
2261 0016
2261 0017
2261 0018
2261 0019
2261 0020
2261 0021
2261 0022
2261 0023
2269 0000
2269 0001
2269 0002
2269 0003
2269 0004
2269 0005
2269 0006
2269 0007
2269 0008
2269 0009
2269 0010
2269 0011
2269 0012
2269 0013
2269 0014
2269 0015
2269 0016
2269 0017
2269 0018
2277 0000
2277 0001
2277 0002
2277 0003
2277 0004
2277 0005
2277 0006
2277 0007
2277 0008
2277 0009
2277 0010
2277 0011
2277 0012
2277 0013
2277 0014
2277 0015
2281 0000
2281 0001
2281 0002
2281 0003
2281 0004
2281 0005
2281 0006
2281 0007
2281 0008
2281 0009
2281 0010
2281 0011
2281 0012
2281 0013
2281 0014
2283 0000
2283 0001
2283 0002
2283 0003
2283 0004
2283 0005
2283 0006
2283 0007
2283 0008
2283 0009
2283 0010
2283 0011
2283 0012
2283 0013
2283 0014
2283 0015
2283 0016
2283 0017
2283 0018
2283 0019
2283 0020
2283 0021
2285 0000
2285 0001
2285 0002
2285 0003
2285 0004
2285 0005
2285 0006
2285 0007
2285 0008
2285 0009
2285 0010
2285 0011
2285 0012
2285 0013
2285 0014
2287 0000
2287 0001
2287 0002
2287 0003
2287 0004
2287 0005
2287 0006
2287 0007
2287 0008
2287 0009
2287 0010
2287 0011
2287 0012
2287 0013
2287 0014
2287 0015
2287 0016
2287 0017
2287 0018
2287 0019
2291 0000
2291 0001
2291 0002
2291 0003
2291 0004
2291 0005
2291 0006
2291 0007
2291 0008
2291 0009
2291 0010
2291 0011
2291 0012
2291 0013
2291 0014
2291 0015
2291 0016
2291 0017
2291 0018
2291 0019
2291 0020
2305 0000
2305 0001
2305 0002
2305 0003
2305 0004
2305 0005
2305 0006
2305 0007
2305 0008
2305 0009
2305 0010
2305 0011
2305 0012
2305 0013
2305 0014
2305 0015
2305 0016
2305 0017
2305 0018
2307 0000
2307 0001
2307 0002
2307 0003
2307 0004
2307 0005
2307 0006
2307 0007
2307 0008
2307 0009
2307 0010
2307 0011
2307 0012
2307 0013
2307 0014
2307 0015
2307 0016
2307 0017
2307 0018
2307 0019
2307 0020
2307 0021
2307 0022
2309 0000
2309 0001
2309 0002
2309 0003
2309 0004
2309 0005
2309 0006
2309 0007
2309 0008
2309 0009
2309 0010
2309 0011
2309 0012
2309 0013
2309 0014
2309 0015
2309 0016
2309 0017
2309 0018
2309 0019
2309 0020
2311 0000
2311 0001
2311 0002
2311 0003
2311 0004
2311 0005
2311 0006
2311 0007
2311 0008
2311 0009
2311 0010
2311 0011
2311 0012
2311 0013
2311 0014
2311 0015
2311 0016
2311 0017
2311 0018
2311 0019
2311 0020
2311 0021
2323 0000
2323 0001
2323 0002
2323 0003
2323 0004
2323 0005
2323 0006
2323 0007
2323 0008
2323 0009
2323 0010
2323 0011
2323 0012
2323 0013
2323 0014
2323 0015
2323 0016
2323 0017
2323 0018
2323 0019
2323 0020
2323 0021
2327 0000
2327 0001
2327 0002
2327 0003
2327 0004
2327 0005
2327 0006
2327 0007
2327 0008
2327 0009
2327 0010
2327 0011
2327 0012
2327 0013
2327 0014
2336 0000
2336 0001
2336 0002
2336 0003
2336 0004
2336 0005
2336 0006
2336 0007
2336 0008
2336 0009
2336 0010
2336 0011
2336 0012
2336 0013
2336 0014
2336 0015
2336 0016
2336 0017
2336 0018
2336 0019
2336 0020
2336 0021
2336 0022
2336 0023
2336 0024
2336 0025
2336 0026
2340 0000
2340 0001
2340 0002
2340 0003
2340 0004
2340 0005
2340 0006
2340 0007
2340 0008
2340 0009
2340 0010
2340 0011
2340 0012
2340 0013
2340 0014
2340 0015
2340 0016
2340 0017
2340 0018
2340 0019
2340 0020
2340 0021
2340 0022
2340 0023
2340 0024
2346 0000
2346 0001
2346 0002
2346 0003
2346 0004
2346 0005
2346 0006
2346 0007
2346 0008
2346 0009
2346 0010
2346 0011
2346 0012
2346 0013
2346 0014
2346 0015
2346 0016
2346 0017
2346 0018
2346 0019
2346 0020
2346 0021
2346 0022
2346 0023
2346 0024
2348 0000
2348 0001
2348 0002
2348 0003
2348 0004
2348 0005
2348 0006
2348 0007
2348 0008
2348 0009
2348 0010
2348 0011
2348 0012
2348 0013
2348 0014
2348 0015
2348 0016
2348 0017
2348 0018
2348 0019
2359 0000
2359 0001
2359 0002
2359 0003
2359 0004
2359 0005
2359 0006
2359 0007
2359 0008
2359 0009
2359 0010
2359 0011
2359 0012
2359 0013
2359 0014
2359 0015
2359 0016
2359 0017
2359 0018
2359 0019
2359 0020
2359 0021
2359 0022
2359 0023
2359 0024
2359 0025
2359 0026
2359 0027
2360 0000
2360 0001
2360 0002
2360 0003
2360 0004
2360 0005
2360 0006
2360 0007
2360 0008
2360 0009
2360 0010
2360 0011
2360 0012
2360 0013
2360 0014
2360 0015
2360 0016
2360 0017
2360 0018
2360 0019
2360 0020
2360 0021
2360 0022
2360 0023
2360 0024
2360 0025
2360 0026
2360 0027
2360 0028
2360 0029
2366 0000
2366 0001
2366 0002
2366 0003
2366 0004
2366 0005
2366 0006
2366 0007
2366 0008
2366 0009
2366 0010
2366 0011
2366 0012
2366 0013
2366 0014
2366 0015
2366 0016
2366 0017
2366 0018
2366 0019
2366 0020
2366 0021
2366 0022
2366 0023
2367 0000
2367 0001
2367 0002
2367 0003
2367 0004
2367 0005
2367 0006
2367 0007
2367 0008
2367 0009
2367 0010
2367 0011
2367 0012
2367 0013
2367 0014
2367 0015
2367 0016
2367 0017
2367 0018
2367 0019
2367 0020
2367 0021
2367 0022
2367 0023
2368 0000
2368 0001
2368 0002
2368 0003
2368 0004
2368 0005
2368 0006
2368 0007
2368 0008
2368 0009
2368 0010
2368 0011
2368 0012
2368 0013
2368 0014
2368 0015
2368 0016
2368 0017
2368 0018
2368 0019
2368 0020
2368 0021
2368 0022
2368 0023
2368 0024
2368 0025
2368 0026
2368 0027
2368 0028
2368 0029
2368 0030
2368 0031
2370 0000
2370 0001
2370 0002
2370 0003
2370 0004
2370 0005
2370 0006
2370 0007
2370 0008
2370 0009
2370 0010
2370 0011
2370 0012
2370 0013
2370 0014
2370 0015
2370 0016
2370 0017
2370 0018
2370 0019
2370 0020
2370 0021
2370 0022
2370 0023
2371 0000
2371 0001
2371 0002
2371 0003
2371 0004
2371 0005
2371 0006
2371 0007
2371 0008
2371 0009
2371 0010
2371 0011
2371 0012
2371 0013
2371 0014
2371 0015
2371 0016
2371 0017
2371 0018
2371 0019
2371 0020
2371 0021
2371 0022
2371 0023
2371 0024
2372 0000
2372 0001
2372 0002
2372 0003
2372 0004
2372 0005
2372 0006
2372 0007
2372 0008
2372 0009
2372 0010
2372 0011
2372 0012
2372 0013
2372 0014
2372 0015
2372 0016
2372 0017
2372 0018
2372 0019
2372 0020
2372 0021
2372 0022
2374 0000
2374 0001
2374 0002
2374 0003
2374 0004
2374 0005
2374 0006
2374 0007
2374 0008
2374 0009
2374 0010
2374 0011
2374 0012
2374 0013
2374 0014
2374 0015
2374 0016
2374 0017
2374 0018
2374 0019
2374 0020
2374 0021
2374 0022
2374 0023
2374 0024
2374 0025
2374 0026
2374 0027
2374 0028
2374 0029
2375 0000
2375 0001
2375 0002
2375 0003
2375 0004
2375 0005
2375 0006
2375 0007
2375 0008
2375 0009
2375 0010
2375 0011
2375 0012
2375 0013
2375 0014
2375 0015
2375 0016
2375 0017
2375 0018
2375 0019
2375 0020
2377 0000
2377 0001
2377 0002
2377 0003
2377 0004
2377 0005
2377 0006
2377 0007
2377 0008
2377 0009
2377 0010
2377 0011
2377 0012
2377 0013
2377 0014
2377 0015
2377 0016
2377 0017
2377 0018
2377 0019
2377 0020
2377 0021
2377 0022
2377 0023
2377 0024
2377 0025
2377 0026
2377 0027
2377 0028
2388 0000
2388 0001
2388 0002
2388 0003
2388 0004
2388 0005
2388 0006
2388 0007
2388 0008
2388 0009
2388 0010
2388 0011
2388 0012
2388 0013
2388 0014
2388 0015
2388 0016
2388 0017
2388 0018
2388 0019
2388 0020
2388 0021
2388 0022
2388 0023
2388 0024
2388 0025
2388 0026
2388 0027
2404 0000
2404 0001
2404 0002
2404 0003
2404 0004
2404 0005
2404 0006
2404 0007
2404 0008
2404 0009
2404 0010
2404 0011
2404 0012
2404 0013
2404 0014
2404 0015
2404 0016
2404 0017
2404 0018
2404 0019
2404 0020
2404 0021
2404 0022
2404 0023
2404 0024
2407 0000
2407 0001
2407 0002
2407 0003
2407 0004
2407 0005
2407 0006
2407 0007
2407 0008
2407 0009
2407 0010
2407 0011
2407 0012
2407 0013
2407 0014
2407 0015
2407 0016
2407 0017
2407 0018
2407 0019
2407 0020
2407 0021
2407 0022
2407 0023
2407 0024
2407 0025
2408 0000
2408 0001
2408 0002
2408 0003
2408 0004
2408 0005
2408 0006
2408 0007
2408 0008
2408 0009
2408 0010
2408 0011
2408 0012
2408 0013
2408 0014
2411 0000
2411 0001
2411 0002
2411 0003
2411 0004
2411 0005
2411 0006
2411 0007
2411 0008
2411 0009
2411 0010
2411 0011
2411 0012
2411 0013
2411 0014
2411 0015
2411 0016
2411 0017
2411 0018
2411 0019
2411 0020
2411 0021
2411 0022
2411 0023
2411 0024
2411 0025
2413 0000
2413 0001
2413 0002
2413 0003
2413 0004
2413 0005
2413 0006
2413 0007
2413 0008
2413 0009
2413 0010
2413 0011
2413 0012
2413 0013
2413 0014
2413 0015
2413 0016
2413 0017
2413 0018
2413 0019
2413 0020
2413 0021
2413 0022
2413 0023
2413 0024
2413 0025
2413 0026
2413 0027
2417 0000
2417 0001
2417 0002
2417 0003
2417 0004
2417 0005
2417 0006
2417 0007
2417 0008
2417 0009
2417 0010
2417 0011
2417 0012
2417 0013
2417 0014
2417 0015
2417 0016
2417 0017
2417 0018
2417 0019
2417 0020
2418 0000
2418 0001
2418 0002
2418 0003
2418 0004
2418 0005
2418 0006
2418 0007
2418 0008
2418 0009
2418 0010
2418 0011
2418 0012
2418 0013
2418 0014
2418 0015
2418 0016
2418 0017
2418 0018
2418 0019
2418 0020
2418 0021
2421 0000
2421 0001
2421 0002
2421 0003
2421 0004
2421 0005
2421 0006
2421 0007
2421 0008
2421 0009
2421 0010
2421 0011
2421 0012
2421 0013
2421 0014
2421 0015
2421 0016
2421 0017
2421 0018
2421 0019
2421 0020
2421 0021
2421 0022
2421 0023
2423 0000
2423 0001
2423 0002
2423 0003
2423 0004
2423 0005
2423 0006
2423 0007
2423 0008
2423 0009
2423 0010
2423 0011
2423 0012
2423 0013
2423 0014
2423 0015
2423 0016
2423 0017
2423 0018
2423 0019
2423 0020
2423 0021
2425 0000
2425 0001
2425 0002
2425 0003
2425 0004
2425 0005
2425 0006
2425 0007
2425 0008
2425 0009
2425 0010
2425 0011
2425 0012
2425 0013
2425 0014
2425 0015
2425 0016
2425 0017
2425 0018
2425 0019
2425 0020
2426 0000
2426 0001
2426 0002
2426 0003
2426 0004
2426 0005
2426 0006
2426 0007
2426 0008
2426 0009
2426 0010
2426 0011
2426 0012
2426 0013
2426 0014
2426 0015
2426 0016
2432 0000
2432 0001
2432 0002
2432 0003
2432 0004
2432 0005
2432 0006
2432 0007
2432 0008
2432 0009
2432 0010
2432 0011
2432 0012
2432 0013
2432 0014
2432 0015
2432 0016
2432 0017
2432 0018
2432 0019
2432 0020
2434 0000
2434 0001
2434 0002
2434 0003
2434 0004
2434 0005
2434 0006
2434 0007
2434 0008
2434 0009
2434 0010
2434 0011
2434 0012
2434 0013
2434 0014
2434 0015
2434 0016
2434 0017
2434 0018
2434 0019
2434 0020
2434 0021
2434 0022
2434 0023
2434 0024
2434 0025
2434 0026
2434 0027
2434 0028
2434 0029
2434 0030
2434 0031
2444 0000
2444 0001
2444 0002
2444 0003
2444 0004
2444 0005
2444 0006
2444 0007
2444 0008
2444 0009
2444 0010
2444 0011
2444 0012
2444 0013
2444 0014
2444 0015
2444 0016
2444 0017
2444 0018
2444 0019
2444 0020
2448 0000
2448 0001
2448 0002
2448 0003
2448 0004
2448 0005
2448 0006
2448 0007
2448 0008
2448 0009
2448 0010
2448 0011
2448 0012
2448 0013
2448 0014
2448 0015
2448 0016
2448 0017
2448 0018
2448 0019
2448 0020
2448 0021
2448 0022
2448 0023
2448 0024
2448 0025
2448 0026
2459 0000
2459 0001
2459 0002
2459 0003
2459 0004
2459 0005
2459 0006
2459 0007
2459 0008
2459 0009
2459 0010
2459 0011
2459 0012
2459 0013
2459 0014
2459 0015
2459 0016
2459 0017
2459 0018
2459 0019
2459 0020
2459 0021
2459 0022
2459 0023
2459 0024
2459 0025
2459 0026
2466 0000
2466 0001
2466 0002
2466 0003
2466 0004
2466 0005
2466 0006
2466 0007
2466 0008
2466 0009
2466 0010
2466 0011
2466 0012
2466 0013
2466 0014
2466 0015
2466 0016
2466 0017
2466 0018
2466 0019
2466 0020
2466 0021
2466 0022
2466 0023
2466 0024
2474 0000
2474 0001
2474 0002
2474 0003
2474 0004
2474 0005
2474 0006
2474 0007
2474 0008
2474 0009
2474 0010
2474 0011
2474 0012
2474 0013
2474 0014
2474 0015
2474 0016
2474 0017
2476 0000
2476 0001
2476 0002
2476 0003
2476 0004
2476 0005
2476 0006
2476 0007
2476 0008
2476 0009
2476 0010
2476 0011
2476 0012
2476 0013
2476 0014
2476 0015
2476 0016
2476 0017
2476 0018
2476 0019
2476 0020
2476 0021
2476 0022
2476 0023
2476 0024
2476 0025
2480 0000
2480 0001
2480 0002
2480 0003
2480 0004
2480 0005
2480 0006
2480 0007
2480 0008
2480 0009
2480 0010
2480 0011
2480 0012
2480 0013
2480 0014
2480 0015
2480 0016
2494 0000
2494 0001
2494 0002
2494 0003
2494 0004
2494 0005
2494 0006
2494 0007
2494 0008
2494 0009
2494 0010
2494 0011
2494 0012
2494 0013
2494 0014
2494 0015
2494 0016
2494 0017
2494 0018
2494 0019
2494 0020
2494 0021
2494 0022
2494 0023
2494 0024
2494 0025
2494 0026
2494 0027
2494 0028
2494 0029
2494 0030
2497 0000
2497 0001
2497 0002
2497 0003
2497 0004
2497 0005
2497 0006
2497 0007
2497 0008
2497 0009
2497 0010
2497 0011
2497 0012
2497 0013
2497 0014
2497 0015
2497 0016
2497 0017
2497 0018
2497 0019
2497 0020
2497 0021
2497 0022
2497 0023
2497 0024
2497 0025
2497 0026
2497 0027
2497 0028
2497 0029
2497 0030
2497 0031
2497 0032
2497 0033
2498 0000
2498 0001
2498 0002
2498 0003
2498 0004
2498 0005
2498 0006
2498 0007
2498 0008
2498 0009
2498 0010
2498 0011
2498 0012
2498 0013
2498 0014
2498 0015
2498 0016
2498 0017
2505 0000
2505 0001
2505 0002
2505 0003
2505 0004
2505 0005
2505 0006
2505 0007
2505 0008
2505 0009
2505 0010
2505 0011
2505 0012
2505 0013
2505 0014
2505 0015
2505 0016
2505 0017
2505 0018
2505 0019
2505 0020
2505 0021
2505 0022
2505 0023
2505 0024
2505 0025
2505 0026
2509 0000
2509 0001
2509 0002
2509 0003
2509 0004
2509 0005
2509 0006
2509 0007
2509 0008
2509 0009
2509 0010
2509 0011
2509 0012
2509 0013
2509 0014
2509 0015
2509 0016
2509 0017
2509 0018
2509 0019
2509 0020
2509 0021
2509 0022
2509 0023
2509 0024
2509 0025
2509 0026
2509 0027
2510 0000
2510 0001
2510 0002
2510 0003
2510 0004
2510 0005
2510 0006
2510 0007
2510 0008
2510 0009
2510 0010
2510 0011
2510 0012
2510 0013
2510 0014
2510 0015
2510 0016
2510 0017
2510 0018
2510 0019
2510 0020
2510 0021
2510 0022
2510 0023
2510 0024
2510 0025
2510 0026
2510 0027
2510 0028
2510 0029
2514 0000
2514 0001
2514 0002
2514 0003
2514 0004
2514 0005
2514 0006
2514 0007
2514 0008
2514 0009
2514 0010
2514 0011
2514 0012
2514 0013
2516 0000
2516 0001
2516 0002
2516 0003
2516 0004
2516 0005
2516 0006
2516 0007
2516 0008
2516 0009
2516 0010
2516 0011
2516 0012
2516 0013
2516 0014
2516 0015
2516 0016
2516 0017
2516 0018
2516 0019
2516 0020
2516 0021
2516 0022
2516 0023
2516 0024
2517 0000
2517 0001
2517 0002
2517 0003
2517 0004
2517 0005
2517 0006
2517 0007
2517 0008
2517 0009
2517 0010
2517 0011
2517 0012
2517 0013
2517 0014
2517 0015
2517 0016
2517 0017
2517 0018
2517 0019
2517 0020
2517 0021
2517 0022
2517 0023
2517 0024
2517 0025
2517 0026
2517 0027
2517 0028
2517 0029
2517 0030
2517 0031
2517 0032
2517 0033
2519 0000
2519 0001
2519 0002
2519 0003
2519 0004
2519 0005
2519 0006
2519 0007
2519 0008
2519 0009
2519 0010
2519 0011
2519 0012
2519 0013
2519 0014
2519 0015
2519 0016
2519 0017
2519 0018
2519 0019
2519 0020
2519 0021
2519 0022
2519 0023
2519 0024
2519 0025
2519 0026
2519 0027
2519 0028
2521 0000
2521 0001
2521 0002
2521 0003
2521 0004
2521 0005
2521 0006
2521 0007
2521 0008
2521 0009
2521 0010
2521 0011
2521 0012
2521 0013
2521 0014
2521 0015
2521 0016
2521 0017
2521 0018
2521 0019
2521 0020
2521 0021
2521 0022
2523 0000
2523 0001
2523 0002
2523 0003
2523 0004
2523 0005
2523 0006
2523 0007
2523 0008
2523 0009
2523 0010
2523 0011
2523 0012
2523 0013
2523 0014
2523 0015
2523 0016
2523 0017
2531 0000
2531 0001
2531 0002
2531 0003
2531 0004
2531 0005
2531 0006
2531 0007
2531 0008
2531 0009
2531 0010
2531 0011
2531 0012
2531 0013
2531 0014
2531 0015
2531 0016
2531 0017
2531 0018
2531 0019
2531 0020
2531 0021
2531 0022
2531 0023
2531 0024
2531 0025
2531 0026
2532 0000
2532 0001
2532 0002
2532 0003
2532 0004
2532 0005
2532 0006
2532 0007
2532 0008
2532 0009
2532 0010
2532 0011
2532 0012
2532 0013
2532 0014
2532 0015
2532 0016
2532 0017
2532 0018
2532 0019
2532 0020
2532 0021
2532 0022
2547 0000
2547 0001
2547 0002
2547 0003
2547 0004
2547 0005
2547 0006
2547 0007
2547 0008
2547 0009
2547 0010
2547 0011
2547 0012
2547 0013
2547 0014
2547 0015
2547 0016
2547 0017
2547 0018
2547 0019
2547 0020
2547 0021
2547 0022
2547 0023
2547 0024
2547 0025
2547 0026
2547 0027
2547 0028
2547 0029
2547 0030
2550 0000
2550 0001
2550 0002
2550 0003
2550 0004
2550 0005
2550 0006
2550 0007
2550 0008
2550 0009
2550 0010
2550 0011
2550 0012
2550 0013
2550 0014
2550 0015
2550 0016
2550 0017
2550 0018
2550 0019
2552 0000
2552 0001
2552 0002
2552 0003
2552 0004
2552 0005
2552 0006
2552 0007
2552 0008
2552 0009
2552 0010
2552 0011
2552 0012
2552 0013
2552 0014
2552 0015
2552 0016
2552 0017
2552 0018
2552 0019
2552 0020
2552 0021
2552 0022
2561 0000
2561 0001
2561 0002
2561 0003
2561 0004
2561 0005
2561 0006
2561 0007
2561 0008
2561 0009
2561 0010
2561 0011
2561 0012
2561 0013
2561 0014
2561 0015
2561 0016
2561 0017
2561 0018
2561 0019
2561 0020
2561 0021
2565 0000
2565 0001
2565 0002
2565 0003
2565 0004
2565 0005
2565 0006
2565 0007
2565 0008
2565 0009
2565 0010
2565 0011
2565 0012
2565 0013
2565 0014
2565 0015
2570 0000
2570 0001
2570 0002
2570 0003
2570 0004
2570 0005
2570 0006
2570 0007
2570 0008
2570 0009
2570 0010
2570 0011
2570 0012
2570 0013
2570 0014
2570 0015
2570 0016
2570 0017
2570 0018
2570 0019
2570 0020
2570 0021
2570 0022
2570 0023
2570 0024
2570 0025
2570 0026
2570 0027
2580 0000
2580 0001
2580 0002
2580 0003
2580 0004
2580 0005
2580 0006
2580 0007
2580 0008
2580 0009
2580 0010
2580 0011
2580 0012
2580 0013
2580 0014
2580 0015
2587 0000
2587 0001
2587 0002
2587 0003
2587 0004
2587 0005
2587 0006
2587 0007
2587 0008
2587 0009
2587 0010
2587 0011
2587 0012
2587 0013
2587 0014
2587 0015
2587 0016
2587 0017
2587 0018
2587 0019
2587 0020
2587 0021
2587 0022
2587 0023
2587 0024
2587 0025
2587 0026
2587 0027
2587 0028
2587 0029
2587 0030
2589 0000
2589 0001
2589 0002
2589 0003
2589 0004
2589 0005
2589 0006
2589 0007
2589 0008
2589 0009
2589 0010
2589 0011
2589 0012
2589 0013
2589 0014
2589 0015
2589 0016
2589 0017
2589 0018
2589 0019
2589 0020
2589 0021
2589 0022
2589 0023
2589 0024
2597 0000
2597 0001
2597 0002
2597 0003
2597 0004
2597 0005
2597 0006
2597 0007
2597 0008
2597 0009
2597 0010
2597 0011
2597 0012
2597 0013
2597 0014
2597 0015
2597 0016
2597 0017
2597 0018
2597 0019
2597 0020
2597 0021
2597 0022
2599 0000
2599 0001
2599 0002
2599 0003
2599 0004
2599 0005
2599 0006
2599 0007
2599 0008
2599 0009
2599 0010
2599 0011
2599 0012
2599 0013
2599 0014
2599 0015
2599 0016
2599 0017
2599 0018
2599 0019
2599 0020
2599 0021
2599 0022
2599 0023
2599 0024
2599 0025
2599 0026
2599 0027
2599 0028
2599 0029
2599 0030
2599 0031
2599 0032
2602 0000
2602 0001
2602 0002
2602 0003
2602 0004
2602 0005
2602 0006
2602 0007
2602 0008
2602 0009
2602 0010
2602 0011
2602 0012
2602 0013
2602 0014
2602 0015
2602 0016
2602 0017
2602 0018
2602 0019
2602 0020
2602 0021
2602 0022
2602 0023
2602 0024
2602 0025
2602 0026
2602 0027
2602 0028
2605 0000
2605 0001
2605 0002
2605 0003
2605 0004
2605 0005
2605 0006
2605 0007
2605 0008
2605 0009
2605 0010
2605 0011
2605 0012
2605 0013
2605 0014
2605 0015
2605 0016
2605 0017
2605 0018
2605 0019
2607 0000
2607 0001
2607 0002
2607 0003
2607 0004
2607 0005
2607 0006
2607 0007
2607 0008
2607 0009
2607 0010
2607 0011
2607 0012
2607 0013
2607 0014
2607 0015
2607 0016
2607 0017
2607 0018
2607 0019
2607 0020
2607 0021
2607 0022
2607 0023
2607 0024
2607 0025
2607 0026
2607 0027
2607 0028
2608 0000
2608 0001
2608 0002
2608 0003
2608 0004
2608 0005
2608 0006
2608 0007
2608 0008
2608 0009
2608 0010
2608 0011
2608 0012
2608 0013
2608 0014
2608 0015
2608 0016
2608 0017
2608 0018
2608 0019
2610 0000
2610 0001
2610 0002
2610 0003
2610 0004
2610 0005
2610 0006
2610 0007
2610 0008
2610 0009
2610 0010
2610 0011
2610 0012
2610 0013
2610 0014
2610 0015
2610 0016
2610 0017
2610 0018
2610 0019
2610 0020
2610 0021
2610 0022
2610 0023
2610 0024
2610 0025
2610 0026
2610 0027
2610 0028
2610 0029
2610 0030
2610 0031
2613 0000
2613 0001
2613 0002
2613 0003
2613 0004
2613 0005
2613 0006
2613 0007
2613 0008
2613 0009
2613 0010
2613 0011
2613 0012
2613 0013
2613 0014
2613 0015
2613 0016
2613 0017
2613 0018
2613 0019
2619 0000
2619 0001
2619 0002
2619 0003
2619 0004
2619 0005
2619 0006
2619 0007
2619 0008
2619 0009
2619 0010
2619 0011
2619 0012
2619 0013
2619 0014
2619 0015
2619 0016
2619 0017
2619 0018
2619 0019
2619 0020
2619 0021
2619 0022
2624 0000
2624 0001
2624 0002
2624 0003
2624 0004
2624 0005
2624 0006
2624 0007
2624 0008
2624 0009
2624 0010
2624 0011
2624 0012
2624 0013
2624 0014
2624 0015
2624 0016
2624 0017
2624 0018
2624 0019
2624 0020
2624 0021
2624 0022
2624 0023
2624 0024
2624 0025
2624 0026
2624 0027
2629 0000
2629 0001
2629 0002
2629 0003
2629 0004
2629 0005
2629 0006
2629 0007
2629 0008
2629 0009
2629 0010
2629 0011
2629 0012
2629 0013
2629 0014
2630 0000
2630 0001
2630 0002
2630 0003
2630 0004
2630 0005
2630 0006
2630 0007
2630 0008
2630 0009
2630 0010
2630 0011
2630 0012
2630 0013
2630 0014
2630 0015
2630 0016
2630 0017
2630 0018
2630 0019
2630 0020
2630 0021
2630 0022
2631 0000
2631 0001
2631 0002
2631 0003
2631 0004
2631 0005
2631 0006
2631 0007
2631 0008
2631 0009
2631 0010
2631 0011
2631 0012
2631 0013
2631 0014
2631 0015
2631 0016
2631 0017
2631 0018
2631 0019
2631 0020
2631 0021
2631 0022
2631 0023
2631 0024
2631 0025
2631 0026
2631 0027
2631 0028
2632 0000
2632 0001
2632 0002
2632 0003
2632 0004
2632 0005
2632 0006
2632 0007
2632 0008
2632 0009
2632 0010
2632 0011
2632 0012
2632 0013
2632 0014
2632 0015
2632 0016
2632 0017
2632 0018
2632 0019
2632 0020
2632 0021
2645 0000
2645 0001
2645 0002
2645 0003
2645 0004
2645 0005
2645 0006
2645 0007
2645 0008
2645 0009
2645 0010
2645 0011
2645 0012
2645 0013
2645 0014
2645 0015
2645 0016
2645 0017
2645 0018
2645 0019
2645 0020
2645 0021
2645 0022
2645 0023
2645 0024
2647 0000
2647 0001
2647 0002
2647 0003
2647 0004
2647 0005
2647 0006
2647 0007
2647 0008
2647 0009
2647 0010
2647 0011
2647 0012
2647 0013
2647 0014
2647 0015
2652 0000
2652 0001
2652 0002
2652 0003
2652 0004
2652 0005
2652 0006
2652 0007
2652 0008
2652 0009
2652 0010
2652 0011
2652 0012
2652 0013
2652 0014
2652 0015
2652 0016
2652 0017
2652 0018
2652 0019
2652 0020
2657 0000
2657 0001
2657 0002
2657 0003
2657 0004
2657 0005
2657 0006
2657 0007
2657 0008
2657 0009
2657 0010
2657 0011
2657 0012
2657 0013
2657 0014
2657 0015
2657 0016
2657 0017
2657 0018
2657 0019
2657 0020
2657 0021
2657 0022
2657 0023
2657 0024
2657 0025
2657 0026
2657 0027
2657 0028
2657 0029
2657 0030
2657 0031
2660 0000
2660 0001
2660 0002
2660 0003
2660 0004
2660 0005
2660 0006
2660 0007
2660 0008
2660 0009
2660 0010
2660 0011
2660 0012
2660 0013
2660 0014
2660 0015
2660 0016
2660 0017
2660 0018
2660 0019
2660 0020
2660 0021
2660 0022
2660 0023
2660 0024
2660 0025
2660 0026
2660 0027
2660 0028
2660 0029
2660 0030
2661 0000
2661 0001
2661 0002
2661 0003
2661 0004
2661 0005
2661 0006
2661 0007
2661 0008
2661 0009
2661 0010
2661 0011
2661 0012
2661 0013
2661 0014
2661 0015
2661 0016
2661 0017
2661 0018
2661 0019
2661 0020
2661 0021
2661 0022
2661 0023
2663 0000
2663 0001
2663 0002
2663 0003
2663 0004
2663 0005
2663 0006
2663 0007
2663 0008
2663 0009
2663 0010
2663 0011
2663 0012
2663 0013
2663 0014
2663 0015
2663 0016
2663 0017
2663 0018
2663 0019
2663 0020
2663 0021
2668 0000
2668 0001
2668 0002
2668 0003
2668 0004
2668 0005
2668 0006
2668 0007
2668 0008
2668 0009
2668 0010
2668 0011
2668 0012
2668 0013
2668 0014
2668 0015
2668 0016
2668 0017
2668 0018
2669 0000
2669 0001
2669 0002
2669 0003
2669 0004
2669 0005
2669 0006
2669 0007
2669 0008
2669 0009
2669 0010
2669 0011
2669 0012
2669 0013
2669 0014
2669 0015
2669 0016
2669 0017
2669 0018
2669 0019
2671 0000
2671 0001
2671 0002
2671 0003
2671 0004
2671 0005
2671 0006
2671 0007
2671 0008
2671 0009
2671 0010
2671 0011
2671 0012
2671 0013
2671 0014
2671 0015
2671 0016
2671 0017
2671 0018
2671 0019
2671 0020
2671 0021
2671 0022
2671 0023
2671 0024
2671 0025
2671 0026
2671 0027
2674 0000
2674 0001
2674 0002
2674 0003
2674 0004
2674 0005
2674 0006
2674 0007
2674 0008
2674 0009
2674 0010
2674 0011
2674 0012
2674 0013
2674 0014
2674 0015
2674 0016
2679 0000
2679 0001
2679 0002
2679 0003
2679 0004
2679 0005
2679 0006
2679 0007
2679 0008
2679 0009
2679 0010
2679 0011
2679 0012
2679 0013
2679 0014
2679 0015
2679 0016
2679 0017
2679 0018
2679 0019
2679 0020
2679 0021
2679 0022
2688 0000
2688 0001
2688 0002
2688 0003
2688 0004
2688 0005
2688 0006
2688 0007
2688 0008
2688 0009
2688 0010
2688 0011
2688 0012
2688 0013
2688 0014
2688 0015
2688 0016
2688 0017
2688 0018
2688 0019
2688 0020
2688 0021
2688 0022
2688 0023
2690 0000
2690 0001
2690 0002
2690 0003
2690 0004
2690 0005
2690 0006
2690 0007
2690 0008
2690 0009
2690 0010
2690 0011
2690 0012
2690 0013
2690 0014
2690 0015
2690 0016
2690 0017
2690 0018
2690 0019
2690 0020
2691 0000
2691 0001
2691 0002
2691 0003
2691 0004
2691 0005
2691 0006
2691 0007
2691 0008
2691 0009
2691 0010
2691 0011
2691 0012
2691 0013
2691 0014
2691 0015
2691 0016
2691 0017
2691 0018
2691 0019
2691 0020
2691 0021
2691 0022
2691 0023
2691 0024
2695 0000
2695 0001
2695 0002
2695 0003
2695 0004
2695 0005
2695 0006
2695 0007
2695 0008
2695 0009
2695 0010
2695 0011
2695 0012
2695 0013
2695 0014
2695 0015
2695 0016
2695 0017
2695 0018
2695 0019
2695 0020
2695 0021
2695 0022
2696 0000
2696 0001
2696 0002
2696 0003
2696 0004
2696 0005
2696 0006
2696 0007
2696 0008
2696 0009
2696 0010
2696 0011
2696 0012
2696 0013
2696 0014
2696 0015
2696 0016
2699 0000
2699 0001
2699 0002
2699 0003
2699 0004
2699 0005
2699 0006
2699 0007
2699 0008
2699 0009
2699 0010
2699 0011
2699 0012
2699 0013
2699 0014
2699 0015
2699 0016
2699 0017
2699 0018
2699 0019
2699 0020
2699 0021
2699 0022
2699 0023
2699 0024
2699 0025
2699 0026
2699 0027
2699 0028
2699 0029
2705 0000
2705 0001
2705 0002
2705 0003
2705 0004
2705 0005
2705 0006
2705 0007
2705 0008
2705 0009
2705 0010
2705 0011
2705 0012
2705 0013
2705 0014
2705 0015
2705 0016
2707 0000
2707 0001
2707 0002
2707 0003
2707 0004
2707 0005
2707 0006
2707 0007
2707 0008
2707 0009
2707 0010
2707 0011
2707 0012
2707 0013
2707 0014
2707 0015
2715 0000
2715 0001
2715 0002
2715 0003
2715 0004
2715 0005
2715 0006
2715 0007
2715 0008
2715 0009
2715 0010
2715 0011
2715 0012
2715 0013
2715 0014
2715 0015
2715 0016
2715 0017
2715 0018
2716 0000
2716 0001
2716 0002
2716 0003
2716 0004
2716 0005
2716 0006
2716 0007
2716 0008
2716 0009
2716 0010
2716 0011
2716 0012
2716 0013
2716 0014
2716 0015
2716 0016
2716 0017
2716 0018
2716 0019
2716 0020
2723 0000
2723 0001
2723 0002
2723 0003
2723 0004
2723 0005
2723 0006
2723 0007
2723 0008
2723 0009
2723 0010
2723 0011
2723 0012
2723 0013
2723 0014
2723 0015
2723 0016
2723 0017
2723 0018
2723 0019
2723 0020
2723 0021
2723 0022
2723 0023
2723 0024
2723 0025
2723 0026
2723 0027
2723 0028
2723 0029
2723 0030
2723 0031
2725 0000
2725 0001
2725 0002
2725 0003
2725 0004
2725 0005
2725 0006
2725 0007
2725 0008
2725 0009
2725 0010
2725 0011
2725 0012
2725 0013
2725 0014
2725 0015
2725 0016
2725 0017
2725 0018
2725 0019
2725 0020
2729 0000
2729 0001
2729 0002
2729 0003
2729 0004
2729 0005
2729 0006
2729 0007
2729 0008
2729 0009
2729 0010
2729 0011
2729 0012
2729 0013
2729 0014
2729 0015
2729 0016
2729 0017
2729 0018
2729 0019
2729 0020
2729 0021
2729 0022
2729 0023
2729 0024
2729 0025
2729 0026
2729 0027
2729 0028
2730 0000
2730 0001
2730 0002
2730 0003
2730 0004
2730 0005
2730 0006
2730 0007
2730 0008
2730 0009
2730 0010
2730 0011
2730 0012
2730 0013
2730 0014
2730 0015
2730 0016
2730 0017
2731 0000
2731 0001
2731 0002
2731 0003
2731 0004
2731 0005
2731 0006
2731 0007
2731 0008
2731 0009
2731 0010
2731 0011
2731 0012
2731 0013
2731 0014
2731 0015
2731 0016
2734 0000
2734 0001
2734 0002
2734 0003
2734 0004
2734 0005
2734 0006
2734 0007
2734 0008
2734 0009
2734 0010
2734 0011
2734 0012
2734 0013
2734 0014
2734 0015
2734 0016
2734 0017
2734 0018
2734 0019
2734 0020
2734 0021
2734 0022
2734 0023
2734 0024
2734 0025
2739 0000
2739 0001
2739 0002
2739 0003
2739 0004
2739 0005
2739 0006
2739 0007
2739 0008
2739 0009
2739 0010
2739 0011
2739 0012
2739 0013
2739 0014
2739 0015
2739 0016
2739 0017
2739 0018
2739 0019
2739 0020
2739 0021
2739 0022
2742 0000
2742 0001
2742 0002
2742 0003
2742 0004
2742 0005
2742 0006
2742 0007
2742 0008
2742 0009
2742 0010
2742 0011
2742 0012
2742 0013
2742 0014
2742 0015
2742 0016
2742 0017
2742 0018
2742 0019
2742 0020
2747 0000
2747 0001
2747 0002
2747 0003
2747 0004
2747 0005
2747 0006
2747 0007
2747 0008
2747 0009
2747 0010
2747 0011
2747 0012
2747 0013
2747 0014
2747 0015
2747 0016
2747 0017
2747 0018
2747 0019
2747 0020
2747 0021
2747 0022
2747 0023
2747 0024
2747 0025
2749 0000
2749 0001
2749 0002
2749 0003
2749 0004
2749 0005
2749 0006
2749 0007
2749 0008
2749 0009
2749 0010
2749 0011
2749 0012
2749 0013
2749 0014
2749 0015
2749 0016
2749 0017
2749 0018
2749 0019
2749 0020
2749 0021
2749 0022
2749 0023
2749 0024
2749 0025
2749 0026
2749 0027
2749 0028
2751 0000
2751 0001
2751 0002
2751 0003
2751 0004
2751 0005
2751 0006
2751 0007
2751 0008
2751 0009
2751 0010
2751 0011
2751 0012
2751 0013
2751 0014
2751 0015
2751 0016
2751 0017
2751 0018
2751 0019
2751 0020
2751 0021
2751 0022
2752 0000
2752 0001
2752 0002
2752 0003
2752 0004
2752 0005
2752 0006
2752 0007
2752 0008
2752 0009
2752 0010
2752 0011
2752 0012
2752 0013
2756 0000
2756 0001
2756 0002
2756 0003
2756 0004
2756 0005
2756 0006
2756 0007
2756 0008
2756 0009
2756 0010
2756 0011
2756 0012
2756 0013
2756 0014
2756 0015
2756 0016
2756 0017
2756 0018
2756 0019
2756 0020
2756 0021
2756 0022
2756 0023
2758 0000
2758 0001
2758 0002
2758 0003
2758 0004
2758 0005
2758 0006
2758 0007
2758 0008
2758 0009
2758 0010
2758 0011
2758 0012
2758 0013
2758 0014
2758 0015
2758 0016
2758 0017
2758 0018
2758 0019
2758 0020
2758 0021
2758 0022
2758 0023
2758 0024
2759 0000
2759 0001
2759 0002
2759 0003
2759 0004
2759 0005
2759 0006
2759 0007
2759 0008
2759 0009
2759 0010
2759 0011
2759 0012
2759 0013
2759 0014
2759 0015
2759 0016
2759 0017
2759 0018
2759 0019
2759 0020
2759 0021
2759 0022
2759 0023
2759 0024
2763 0000
2763 0001
2763 0002
2763 0003
2763 0004
2763 0005
2763 0006
2763 0007
2763 0008
2763 0009
2763 0010
2763 0011
2763 0012
2763 0013
2763 0014
2763 0015
2763 0016
2763 0017
2763 0018
2763 0019
2763 0020
2763 0021
2763 0022
2763 0023
2763 0024
2763 0025
2763 0026
2763 0027
2763 0028
2763 0029
2763 0030
2764 0000
2764 0001
2764 0002
2764 0003
2764 0004
2764 0005
2764 0006
2764 0007
2764 0008
2764 0009
2764 0010
2764 0011
2764 0012
2764 0013
2764 0014
2764 0015
2764 0016
2764 0017
2764 0018
2764 0019
2764 0020
2764 0021
2764 0022
2764 0023
2764 0024
2764 0025
2764 0026
2767 0000
2767 0001
2767 0002
2767 0003
2767 0004
2767 0005
2767 0006
2767 0007
2767 0008
2767 0009
2767 0010
2767 0011
2767 0012
2767 0013
2767 0014
2767 0015
2767 0016
2767 0017
2767 0018
2767 0019
2767 0020
2767 0021
2767 0022
2767 0023
2767 0024
2767 0025
2767 0026
2767 0027
2768 0000
2768 0001
2768 0002
2768 0003
2768 0004
2768 0005
2768 0006
2768 0007
2768 0008
2768 0009
2768 0010
2768 0011
2768 0012
2768 0013
2768 0014
2768 0015
2768 0016
2768 0017
2768 0018
2768 0019
2768 0020
2768 0021
2768 0022
2768 0023
2768 0024
2768 0025
2768 0026
2768 0027
2768 0028
2768 0029
2773 0000
2773 0001
2773 0002
2773 0003
2773 0004
2773 0005
2773 0006
2773 0007
2773 0008
2773 0009
2773 0010
2773 0011
2773 0012
2773 0013
2773 0014
2773 0015
2773 0016
2773 0017
2773 0018
2773 0019
2773 0020
2773 0021
2773 0022
2773 0023
2773 0024
2773 0025
2773 0026
2773 0027
2774 0000
2774 0001
2774 0002
2774 0003
2774 0004
2774 0005
2774 0006
2774 0007
2774 0008
2774 0009
2774 0010
2774 0011
2774 0012
2774 0013
2774 0014
2774 0015
2774 0016
2774 0017
2774 0018
2774 0019
2774 0020
2774 0021
2774 0022
2774 0023
2774 0024
2774 0025
2774 0026
2774 0027
2776 0000
2776 0001
2776 0002
2776 0003
2776 0004
2776 0005
2776 0006
2776 0007
2776 0008
2776 0009
2776 0010
2776 0011
2776 0012
2776 0013
2776 0014
2776 0015
2776 0016
2776 0017
2776 0018
2776 0019
2776 0020
2776 0021
2776 0022
2786 0000
2786 0001
2786 0002
2786 0003
2786 0004
2786 0005
2786 0006
2786 0007
2786 0008
2786 0009
2786 0010
2786 0011
2786 0012
2786 0013
2786 0014
2786 0015
2786 0016
2786 0017
2786 0018
2786 0019
2786 0020
2786 0021
2786 0022
2786 0023
2786 0024
2786 0025
2800 0000
2800 0001
2800 0002
2800 0003
2800 0004
2800 0005
2800 0006
2800 0007
2800 0008
2800 0009
2800 0010
2800 0011
2800 0012
2800 0013
2803 0000
2803 0001
2803 0002
2803 0003
2803 0004
2803 0005
2803 0006
2803 0007
2803 0008
2803 0009
2803 0010
2803 0011
2803 0012
2803 0013
2803 0014
2803 0015
2803 0016
2803 0017
2803 0018
2803 0019
2803 0020
2803 0021
2808 0000
2808 0001
2808 0002
2808 0003
2808 0004
2808 0005
2808 0006
2808 0007
2808 0008
2808 0009
2808 0010
2808 0011
2808 0012
2808 0013
2808 0014
2808 0015
2808 0016
2808 0017
2811 0000
2811 0001
2811 0002
2811 0003
2811 0004
2811 0005
2811 0006
2811 0007
2811 0008
2811 0009
2811 0010
2811 0011
2811 0012
2811 0013
2811 0014
2811 0015
2811 0016
2811 0017
2820 0000
2820 0001
2820 0002
2820 0003
2820 0004
2820 0005
2820 0006
2820 0007
2820 0008
2820 0009
2820 0010
2820 0011
2820 0012
2820 0013
2820 0014
2820 0015
2820 0016
2820 0017
2820 0018
2820 0019
2820 0020
2832 0000
2832 0001
2832 0002
2832 0003
2832 0004
2832 0005
2832 0006
2832 0007
2832 0008
2832 0009
2832 0010
2832 0011
2832 0012
2832 0013
2832 0014
2832 0015
2832 0016
2832 0017
2837 0000
2837 0001
2837 0002
2837 0003
2837 0004
2837 0005
2837 0006
2837 0007
2837 0008
2837 0009
2837 0010
2837 0011
2837 0012
2837 0013
2837 0014
2837 0015
2837 0016
2839 0000
2839 0001
2839 0002
2839 0003
2839 0004
2839 0005
2839 0006
2839 0007
2839 0008
2839 0009
2839 0010
2839 0011
2839 0012
2839 0013
2839 0014
2839 0015
2839 0016
2839 0017
2839 0018
2839 0019
2839 0020
2840 0000
2840 0001
2840 0002
2840 0003
2840 0004
2840 0005
2840 0006
2840 0007
2840 0008
2840 0009
2840 0010
2840 0011
2840 0012
2840 0013
2840 0014
2840 0015
2840 0016
2840 0017
2840 0018
2840 0019
2840 0020
2842 0000
2842 0001
2842 0002
2842 0003
2842 0004
2842 0005
2842 0006
2842 0007
2842 0008
2842 0009
2842 0010
2842 0011
2842 0012
2842 0013
2842 0014
2842 0015
2842 0016
2842 0017
2842 0018
2842 0019
2842 0020
2842 0021
2842 0022
2842 0023
2842 0024
2843 0000
2843 0001
2843 0002
2843 0003
2843 0004
2843 0005
2843 0006
2843 0007
2843 0008
2843 0009
2843 0010
2843 0011
2843 0012
2843 0013
2843 0014
2843 0015
2843 0016
2843 0017
2843 0018
2843 0019
2843 0020
2843 0021
2843 0022
2843 0023
2843 0024
2843 0025
2843 0026
2843 0027
2843 0028
2843 0029
2846 0000
2846 0001
2846 0002
2846 0003
2846 0004
2846 0005
2846 0006
2846 0007
2846 0008
2846 0009
2846 0010
2846 0011
2846 0012
2846 0013
2846 0014
2846 0015
2846 0016
2846 0017
2846 0018
2846 0019
2846 0020
2846 0021
2846 0022
2854 0000
2854 0001
2854 0002
2854 0003
2854 0004
2854 0005
2854 0006
2854 0007
2854 0008
2854 0009
2854 0010
2854 0011
2854 0012
2854 0013
2854 0014
2854 0015
2854 0016
2854 0017
2854 0018
2854 0019
2854 0020
2854 0021
2854 0022
2854 0023
2854 0024
2861 0000
2861 0001
2861 0002
2861 0003
2861 0004
2861 0005
2861 0006
2861 0007
2861 0008
2861 0009
2861 0010
2861 0011
2861 0012
2861 0013
2861 0014
2861 0015
2861 0016
2861 0017
2861 0018
2861 0019
2861 0020
2861 0021
2861 0022
2861 0023
2862 0000
2862 0001
2862 0002
2862 0003
2862 0004
2862 0005
2862 0006
2862 0007
2862 0008
2862 0009
2862 0010
2862 0011
2862 0012
2862 0013
2862 0014
2862 0015
2862 0016
2862 0017
2862 0018
2862 0019
2862 0020
2862 0021
2867 0000
2867 0001
2867 0002
2867 0003
2867 0004
2867 0005
2867 0006
2867 0007
2867 0008
2867 0009
2867 0010
2867 0011
2867 0012
2867 0013
2867 0014
2867 0015
2867 0016
2867 0017
2867 0018
2867 0019
2867 0020
2867 0021
2867 0022
2869 0000
2869 0001
2869 0002
2869 0003
2869 0004
2869 0005
2869 0006
2869 0007
2869 0008
2869 0009
2869 0010
2869 0011
2869 0012
2869 0013
2869 0014
2869 0015
2869 0016
2869 0017
2869 0018
2869 0019
2872 0000
2872 0001
2872 0002
2872 0003
2872 0004
2872 0005
2872 0006
2872 0007
2872 0008
2872 0009
2872 0010
2872 0011
2872 0012
2872 0013
2872 0014
2872 0015
2872 0016
2872 0017
2872 0018
2872 0019
2872 0020
2872 0021
2872 0022
2872 0023
2872 0024
2872 0025
2872 0026
2872 0027
2873 0000
2873 0001
2873 0002
2873 0003
2873 0004
2873 0005
2873 0006
2873 0007
2873 0008
2873 0009
2873 0010
2873 0011
2873 0012
2873 0013
2873 0014
2873 0015
2873 0016
2873 0017
2873 0018
2873 0019
2873 0020
2874 0000
2874 0001
2874 0002
2874 0003
2874 0004
2874 0005
2874 0006
2874 0007
2874 0008
2874 0009
2874 0010
2874 0011
2874 0012
2874 0013
2874 0014
2874 0015
2874 0016
2874 0017
2874 0018
2877 0000
2877 0001
2877 0002
2877 0003
2877 0004
2877 0005
2877 0006
2877 0007
2877 0008
2877 0009
2877 0010
2877 0011
2877 0012
2877 0013
2877 0014
2877 0015
2877 0016
2877 0017
2877 0018
2877 0019
2877 0020
2877 0021
2877 0022
2877 0023
2877 0024
2877 0025
2877 0026
2877 0027
2877 0028
2877 0029
2878 0000
2878 0001
2878 0002
2878 0003
2878 0004
2878 0005
2878 0006
2878 0007
2878 0008
2878 0009
2878 0010
2878 0011
2878 0012
2878 0013
2878 0014
2878 0015
2878 0016
2878 0017
2878 0018
2878 0019
2878 0020
2878 0021
2878 0022
2878 0023
2878 0024
2878 0025
2881 0000
2881 0001
2881 0002
2881 0003
2881 0004
2881 0005
2881 0006
2881 0007
2881 0008
2881 0009
2881 0010
2881 0011
2881 0012
2881 0013
2881 0014
2881 0015
2881 0016
2881 0017
2881 0018
2881 0019
2881 0020
2881 0021
2881 0022
2881 0023
2881 0024
2881 0025
2881 0026
2881 0027
2881 0028
2881 0029
2881 0030
2884 0000
2884 0001
2884 0002
2884 0003
2884 0004
2884 0005
2884 0006
2884 0007
2884 0008
2884 0009
2884 0010
2884 0011
2884 0012
2884 0013
2884 0014
2884 0015
2884 0016
2885 0000
2885 0001
2885 0002
2885 0003
2885 0004
2885 0005
2885 0006
2885 0007
2885 0008
2885 0009
2885 0010
2885 0011
2885 0012
2885 0013
2885 0014
2885 0015
2885 0016
2885 0017
2885 0018
2885 0019
2885 0020
2885 0021
2885 0022
2886 0000
2886 0001
2886 0002
2886 0003
2886 0004
2886 0005
2886 0006
2886 0007
2886 0008
2886 0009
2886 0010
2886 0011
2886 0012
2886 0013
2886 0014
2886 0015
2886 0016
2886 0017
2886 0018
2886 0019
2886 0020
2886 0021
2886 0022
2894 0000
2894 0001
2894 0002
2894 0003
2894 0004
2894 0005
2894 0006
2894 0007
2894 0008
2894 0009
2894 0010
2894 0011
2894 0012
2894 0013
2894 0014
2894 0015
2894 0016
2894 0017
2894 0018
2894 0019
2894 0020
2894 0021
2894 0022
2894 0023
2894 0024
2894 0025
2894 0026
2894 0027
2894 0028
2894 0029
2894 0030
2894 0031
2894 0032
2894 0033
2895 0000
2895 0001
2895 0002
2895 0003
2895 0004
2895 0005
2895 0006
2895 0007
2895 0008
2895 0009
2895 0010
2895 0011
2895 0012
2895 0013
2904 0000
2904 0001
2904 0002
2904 0003
2904 0004
2904 0005
2904 0006
2904 0007
2904 0008
2904 0009
2904 0010
2904 0011
2904 0012
2904 0013
2904 0014
2904 0015
2904 0016
2904 0017
2904 0018
2904 0019
2904 0020
2904 0021
2904 0022
2904 0023
2904 0024
2904 0025
2904 0026
2904 0027
2904 0028
2904 0029
2904 0030
2904 0031
2904 0032
2906 0000
2906 0001
2906 0002
2906 0003
2906 0004
2906 0005
2906 0006
2906 0007
2906 0008
2906 0009
2906 0010
2906 0011
2906 0012
2906 0013
2906 0014
2906 0015
2906 0016
2906 0017
2911 0000
2911 0001
2911 0002
2911 0003
2911 0004
2911 0005
2911 0006
2911 0007
2911 0008
2911 0009
2911 0010
2911 0011
2911 0012
2911 0013
2911 0014
2911 0015
2911 0016
2911 0017
2911 0018
2911 0019
2911 0020
2911 0021
2911 0022
2911 0023
2911 0024
2911 0025
2911 0026
2913 0000
2913 0001
2913 0002
2913 0003
2913 0004
2913 0005
2913 0006
2913 0007
2913 0008
2913 0009
2913 0010
2913 0011
2913 0012
2913 0013
2913 0014
2913 0015
2913 0016
2913 0017
2917 0000
2917 0001
2917 0002
2917 0003
2917 0004
2917 0005
2917 0006
2917 0007
2917 0008
2917 0009
2917 0010
2917 0011
2917 0012
2917 0013
2917 0014
2917 0015
2917 0016
2917 0017
2917 0018
2917 0019
2917 0020
2917 0021
2917 0022
2917 0023
2917 0024
2917 0025
2917 0026
2917 0027
2917 0028
2918 0000
2918 0001
2918 0002
2918 0003
2918 0004
2918 0005
2918 0006
2918 0007
2918 0008
2918 0009
2918 0010
2918 0011
2918 0012
2918 0013
2918 0014
2918 0015
2918 0016
2918 0017
2918 0018
2918 0019
2918 0020
2918 0021
2918 0022
2923 0000
2923 0001
2923 0002
2923 0003
2923 0004
2923 0005
2923 0006
2923 0007
2923 0008
2923 0009
2923 0010
2923 0011
2923 0012
2923 0013
2923 0014
2923 0015
2923 0016
2923 0017
2923 0018
2923 0019
2926 0000
2926 0001
2926 0002
2926 0003
2926 0004
2926 0005
2926 0006
2926 0007
2926 0008
2926 0009
2926 0010
2926 0011
2926 0012
2926 0013
2926 0014
2926 0015
2926 0016
2926 0017
2926 0018
2926 0019
2928 0000
2928 0001
2928 0002
2928 0003
2928 0004
2928 0005
2928 0006
2928 0007
2928 0008
2928 0009
2928 0010
2928 0011
2928 0012
2928 0013
2928 0014
2928 0015
2928 0016
2928 0017
2928 0018
2928 0019
2928 0020
2928 0021
2928 0022
2928 0023
2928 0024
2934 0000
2934 0001
2934 0002
2934 0003
2934 0004
2934 0005
2934 0006
2934 0007
2934 0008
2934 0009
2934 0010
2934 0011
2934 0012
2934 0013
2934 0014
2934 0015
2934 0016
2934 0017
2934 0018
2934 0019
2934 0020
2934 0021
2934 0022
2934 0023
2935 0000
2935 0001
2935 0002
2935 0003
2935 0004
2935 0005
2935 0006
2935 0007
2935 0008
2935 0009
2935 0010
2935 0011
2935 0012
2935 0013
2935 0014
2935 0015
2935 0016
2935 0017
2935 0018
2938 0000
2938 0001
2938 0002
2938 0003
2938 0004
2938 0005
2938 0006
2938 0007
2938 0008
2938 0009
2938 0010
2938 0011
2938 0012
2938 0013
2938 0014
2938 0015
2938 0016
2938 0017
2938 0018
2938 0019
2938 0020
2938 0021
2939 0000
2939 0001
2939 0002
2939 0003
2939 0004
2939 0005
2939 0006
2939 0007
2939 0008
2939 0009
2939 0010
2939 0011
2939 0012
2939 0013
2939 0014
2939 0015
2939 0016
2939 0017
2939 0018
2940 0000
2940 0001
2940 0002
2940 0003
2940 0004
2940 0005
2940 0006
2940 0007
2940 0008
2940 0009
2940 0010
2940 0011
2940 0012
2940 0013
2940 0014
2940 0015
2940 0016
2940 0017
2940 0018
2940 0019
2940 0020
2940 0021
2941 0000
2941 0001
2941 0002
2941 0003
2941 0004
2941 0005
2941 0006
2941 0007
2941 0008
2941 0009
2941 0010
2941 0011
2941 0012
2941 0013
2941 0014
2941 0015
2941 0016
2941 0017
2941 0018
2941 0019
2941 0020
2941 0021
2941 0022
2941 0023
2941 0024
2941 0025
2941 0026
2941 0027
2941 0028
2941 0029
2948 0000
2948 0001
2948 0002
2948 0003
2948 0004
2948 0005
2948 0006
2948 0007
2948 0008
2948 0009
2948 0010
2948 0011
2948 0012
2948 0013
2948 0014
2948 0015
2948 0016
2948 0017
2948 0018
2948 0019
2948 0020
2948 0021
2948 0022
2948 0023
2948 0024
2948 0025
2948 0026
2949 0000
2949 0001
2949 0002
2949 0003
2949 0004
2949 0005
2949 0006
2949 0007
2949 0008
2949 0009
2949 0010
2949 0011
2949 0012
2949 0013
2949 0014
2949 0015
2949 0016
2949 0017
2949 0018
2949 0019
2949 0020
2949 0021
2949 0022
2949 0023
2949 0024
2949 0025
2949 0026
2949 0027
2949 0028
2949 0029
2949 0030
2949 0031
2949 0032
2958 0000
2958 0001
2958 0002
2958 0003
2958 0004
2958 0005
2958 0006
2958 0007
2958 0008
2958 0009
2958 0010
2958 0011
2958 0012
2958 0013
2958 0014
2958 0015
2958 0016
2958 0017
2958 0018
2958 0019
2958 0020
2958 0021
2958 0022
2958 0023
2958 0024
2958 0025
2958 0026
2958 0027
2960 0000
2960 0001
2960 0002
2960 0003
2960 0004
2960 0005
2960 0006
2960 0007
2960 0008
2960 0009
2960 0010
2960 0011
2960 0012
2960 0013
2960 0014
2960 0015
2960 0016
2960 0017
2960 0018
2960 0019
2960 0020
2960 0021
2960 0022
2968 0000
2968 0001
2968 0002
2968 0003
2968 0004
2968 0005
2968 0006
2968 0007
2968 0008
2968 0009
2968 0010
2968 0011
2968 0012
2968 0013
2968 0014
2968 0015
2968 0016
2968 0017
2968 0018
2968 0019
2969 0000
2969 0001
2969 0002
2969 0003
2969 0004
2969 0005
2969 0006
2969 0007
2969 0008
2969 0009
2969 0010
2969 0011
2969 0012
2969 0013
2969 0014
2969 0015
2969 0016
2977 0000
2977 0001
2977 0002
2977 0003
2977 0004
2977 0005
2977 0006
2977 0007
2977 0008
2977 0009
2977 0010
2977 0011
2977 0012
2977 0013
2977 0014
2977 0015
2977 0016
2977 0017
2977 0018
2977 0019
2977 0020
2977 0021
2980 0000
2980 0001
2980 0002
2980 0003
2980 0004
2980 0005
2980 0006
2980 0007
2980 0008
2980 0009
2980 0010
2980 0011
2980 0012
2980 0013
2980 0014
2980 0015
2980 0016
2980 0017
2980 0018
2980 0019
2980 0020
2980 0021
2991 0000
2991 0001
2991 0002
2991 0003
2991 0004
2991 0005
2991 0006
2991 0007
2991 0008
2991 0009
2991 0010
2991 0011
2991 0012
2991 0013
2991 0014
2991 0015
2991 0016
2991 0017
2991 0018
2991 0019
2991 0020
2993 0000
2993 0001
2993 0002
2993 0003
2993 0004
2993 0005
2993 0006
2993 0007
2993 0008
2993 0009
2993 0010
2993 0011
2993 0012
2993 0013
2993 0014
2993 0015
2993 0016
2993 0017
2993 0018
2993 0019
2993 0020
2993 0021
2993 0022
2993 0023
2993 0024
2993 0025
2993 0026
2994 0000
2994 0001
2994 0002
2994 0003
2994 0004
2994 0005
2994 0006
2994 0007
2994 0008
2994 0009
2994 0010
2994 0011
2994 0012
2994 0013
2994 0014
2994 0015
2994 0016
2994 0017
2994 0018
2994 0019
2994 0020
2994 0021
2994 0022
2994 0023
2994 0024
2994 0025
2994 0026
2994 0027
3005 0000
3005 0001
3005 0002
3005 0003
3005 0004
3005 0005
3005 0006
3005 0007
3005 0008
3005 0009
3005 0010
3005 0011
3005 0012
3005 0013
3005 0014
3005 0015
3005 0016
3005 0017
3010 0000
3010 0001
3010 0002
3010 0003
3010 0004
3010 0005
3010 0006
3010 0007
3010 0008
3010 0009
3010 0010
3010 0011
3010 0012
3010 0013
3010 0014
3010 0015
3010 0016
3010 0017
3010 0018
3010 0019
3010 0020
3011 0000
3011 0001
3011 0002
3011 0003
3011 0004
3011 0005
3011 0006
3011 0007
3011 0008
3011 0009
3011 0010
3011 0011
3011 0012
3011 0013
3011 0014
3011 0015
3011 0016
3011 0017
3011 0018
3011 0019
3011 0020
3011 0021
3014 0000
3014 0001
3014 0002
3014 0003
3014 0004
3014 0005
3014 0006
3014 0007
3014 0008
3014 0009
3014 0010
3014 0011
3014 0012
3014 0013
3014 0014
3014 0015
3014 0016
3014 0017
3014 0018
3014 0019
3018 0000
3018 0001
3018 0002
3018 0003
3018 0004
3018 0005
3018 0006
3018 0007
3018 0008
3018 0009
3018 0010
3018 0011
3018 0012
3018 0013
3018 0014
3018 0015
3018 0016
3018 0017
3018 0018
3018 0019
3018 0020
3018 0021
3018 0022
3020 0000
3020 0001
3020 0002
3020 0003
3020 0004
3020 0005
3020 0006
3020 0007
3020 0008
3020 0009
3020 0010
3020 0011
3020 0012
3020 0013
3020 0014
3020 0015
3020 0016
3020 0017
3020 0018
3020 0019
3020 0020
3020 0021
3024 0000
3024 0001
3024 0002
3024 0003
3024 0004
3024 0005
3024 0006
3024 0007
3024 0008
3024 0009
3024 0010
3024 0011
3024 0012
3024 0013
3024 0014
3024 0015
3024 0016
3024 0017
3026 0000
3026 0001
3026 0002
3026 0003
3026 0004
3026 0005
3026 0006
3026 0007
3026 0008
3026 0009
3026 0010
3026 0011
3026 0012
3026 0013
3026 0014
3026 0015
3026 0016
3026 0017
3026 0018
3026 0019
3026 0020
3026 0021
3026 0022
3026 0023
3029 0000
3029 0001
3029 0002
3029 0003
3029 0004
3029 0005
3029 0006
3029 0007
3029 0008
3029 0009
3029 0010
3029 0011
3029 0012
3029 0013
3029 0014
3029 0015
3029 0016
3029 0017
3029 0018
3029 0019
3029 0020
3029 0021
3030 0000
3030 0001
3030 0002
3030 0003
3030 0004
3030 0005
3030 0006
3030 0007
3030 0008
3030 0009
3030 0010
3030 0011
3030 0012
3030 0013
3030 0014
3030 0015
3030 0016
3030 0017
3030 0018
3030 0019
3030 0020
3030 0021
3030 0022
3030 0023
3030 0024
3033 0000
3033 0001
3033 0002
3033 0003
3033 0004
3033 0005
3033 0006
3033 0007
3033 0008
3033 0009
3033 0010
3033 0011
3033 0012
3033 0013
3033 0014
3033 0015
3033 0016
3033 0017
3033 0018
3033 0019
3033 0020
3033 0021
3033 0022
3033 0023
3033 0024
3033 0025
3040 0000
3040 0001
3040 0002
3040 0003
3040 0004
3040 0005
3040 0006
3040 0007
3040 0008
3040 0009
3040 0010
3040 0011
3040 0012
3040 0013
3040 0014
3040 0015
3040 0016
3040 0017
3040 0018
3040 0019
3040 0020
3040 0021
3040 0022
3040 0023
3041 0000
3041 0001
3041 0002
3041 0003
3041 0004
3041 0005
3041 0006
3041 0007
3041 0008
3041 0009
3041 0010
3041 0011
3041 0012
3041 0013
3041 0014
3041 0015
3041 0016
3041 0017
3041 0018
3041 0019
3041 0020
3041 0021
3041 0022
3041 0023
3041 0024
3041 0025
3041 0026
3041 0027
3041 0028
3041 0029
3041 0030
3052 0000
3052 0001
3052 0002
3052 0003
3052 0004
3052 0005
3052 0006
3052 0007
3052 0008
3052 0009
3052 0010
3052 0011
3052 0012
3052 0013
3052 0014
3052 0015
3052 0016
3052 0017
3052 0018
3052 0019
3052 0020
3052 0021
3052 0022
3052 0023
3052 0024
3052 0025
3056 0000
3056 0001
3056 0002
3056 0003
3056 0004
3056 0005
3056 0006
3056 0007
3056 0008
3056 0009
3056 0010
3056 0011
3056 0012
3056 0013
3056 0014
3056 0015
3058 0000
3058 0001
3058 0002
3058 0003
3058 0004
3058 0005
3058 0006
3058 0007
3058 0008
3058 0009
3058 0010
3058 0011
3058 0012
3058 0013
3058 0014
3058 0015
3058 0016
3058 0017
3058 0018
3058 0019
3058 0020
3058 0021
3064 0000
3064 0001
3064 0002
3064 0003
3064 0004
3064 0005
3064 0006
3064 0007
3064 0008
3064 0009
3064 0010
3064 0011
3064 0012
3064 0013
3064 0014
3064 0015
3064 0016
3064 0017
3064 0018
3065 0000
3065 0001
3065 0002
3065 0003
3065 0004
3065 0005
3065 0006
3065 0007
3065 0008
3065 0009
3065 0010
3065 0011
3065 0012
3065 0013
3065 0014
3065 0015
3065 0016
3065 0017
3065 0018
3065 0019
3066 0000
3066 0001
3066 0002
3066 0003
3066 0004
3066 0005
3066 0006
3066 0007
3066 0008
3066 0009
3066 0010
3066 0011
3066 0012
3066 0013
3066 0014
3066 0015
3066 0016
3066 0017
3068 0000
3068 0001
3068 0002
3068 0003
3068 0004
3068 0005
3068 0006
3068 0007
3068 0008
3068 0009
3068 0010
3068 0011
3068 0012
3068 0013
3068 0014
3068 0015
3068 0016
3068 0017
3068 0018
3068 0019
3068 0020
3068 0021
3068 0022
3068 0023
3068 0024
3068 0025
3068 0026
3068 0027
3068 0028
3073 0000
3073 0001
3073 0002
3073 0003
3073 0004
3073 0005
3073 0006
3073 0007
3073 0008
3073 0009
3073 0010
3073 0011
3073 0012
3073 0013
3073 0014
3073 0015
3073 0016
3073 0017
3073 0018
3073 0019
3073 0020
3073 0021
3073 0022
3073 0023
3073 0024
3073 0025
3073 0026
3073 0027
3073 0028
3073 0029
3078 0000
3078 0001
3078 0002
3078 0003
3078 0004
3078 0005
3078 0006
3078 0007
3078 0008
3078 0009
3078 0010
3078 0011
3078 0012
3078 0013
3078 0014
3078 0015
3078 0016
3078 0017
3078 0018
3078 0019
3078 0020
3078 0021
3079 0000
3079 0001
3079 0002
3079 0003
3079 0004
3079 0005
3079 0006
3079 0007
3079 0008
3079 0009
3079 0010
3079 0011
3079 0012
3079 0013
3079 0014
3079 0015
3079 0016
3079 0017
3079 0018
3079 0019
3079 0020
3079 0021
3079 0022
3079 0023
3079 0024
3079 0025
3079 0026
3079 0027
3082 0000
3082 0001
3082 0002
3082 0003
3082 0004
3082 0005
3082 0006
3082 0007
3082 0008
3082 0009
3082 0010
3082 0011
3082 0012
3082 0013
3082 0014
3082 0015
3082 0016
3082 0017
3082 0018
3082 0019
3082 0020
3082 0021
3082 0022
3082 0023
3082 0024
3082 0025
3082 0026
3082 0027
3082 0028
3087 0000
3087 0001
3087 0002
3087 0003
3087 0004
3087 0005
3087 0006
3087 0007
3087 0008
3087 0009
3087 0010
3087 0011
3087 0012
3087 0013
3087 0014
3087 0015
3087 0016
3087 0017
3087 0018
3087 0019
3087 0020
3087 0021
3087 0022
3087 0023
3087 0024
3097 0000
3097 0001
3097 0002
3097 0003
3097 0004
3097 0005
3097 0006
3097 0007
3097 0008
3097 0009
3097 0010
3097 0011
3097 0012
3097 0013
3097 0014
3097 0015
3097 0016
3105 0000
3105 0001
3105 0002
3105 0003
3105 0004
3105 0005
3105 0006
3105 0007
3105 0008
3105 0009
3105 0010
3105 0011
3105 0012
3105 0013
3106 0000
3106 0001
3106 0002
3106 0003
3106 0004
3106 0005
3106 0006
3106 0007
3106 0008
3106 0009
3106 0010
3106 0011
3106 0012
3106 0013
3106 0014
3106 0015
3106 0016
3106 0017
3106 0018
3106 0019
3106 0020
3106 0021
3106 0022
3106 0023
3106 0024
3114 0000
3114 0001
3114 0002
3114 0003
3114 0004
3114 0005
3114 0006
3114 0007
3114 0008
3114 0009
3114 0010
3114 0011
3114 0012
3114 0013
3114 0014
3114 0015
3114 0016
3114 0017
3114 0018
3114 0019
3114 0020
3120 0000
3120 0001
3120 0002
3120 0003
3120 0004
3120 0005
3120 0006
3120 0007
3120 0008
3120 0009
3120 0010
3120 0011
3120 0012
3120 0013
3120 0014
3120 0015
3120 0016
3120 0017
3120 0018
3120 0019
3120 0020
3120 0021
3120 0022
3120 0023
3120 0024
3122 0000
3122 0001
3122 0002
3122 0003
3122 0004
3122 0005
3122 0006
3122 0007
3122 0008
3122 0009
3122 0010
3122 0011
3122 0012
3122 0013
3122 0014
3122 0015
3122 0016
3122 0017
3129 0000
3129 0001
3129 0002
3129 0003
3129 0004
3129 0005
3129 0006
3129 0007
3129 0008
3129 0009
3129 0010
3129 0011
3131 0000
3131 0001
3131 0002
3131 0003
3131 0004
3131 0005
3131 0006
3131 0007
3131 0008
3131 0009
3131 0010
3131 0011
3131 0012
3131 0013
3131 0014
3131 0015
3131 0016
3131 0017
3131 0018
3131 0019
3131 0020
3131 0021
3131 0022
3131 0023
3135 0000
3135 0001
3135 0002
3135 0003
3135 0004
3135 0005
3135 0006
3135 0007
3135 0008
3135 0009
3135 0010
3135 0011
3135 0012
3135 0013
3135 0014
3135 0015
3135 0016
3135 0017
3135 0018
3137 0000
3137 0001
3137 0002
3137 0003
3137 0004
3137 0005
3137 0006
3137 0007
3137 0008
3137 0009
3137 0010
3137 0011
3137 0012
3137 0013
3137 0014
3137 0015
3137 0016
3137 0017
3137 0018
3137 0019
3139 0000
3139 0001
3139 0002
3139 0003
3139 0004
3139 0005
3139 0006
3139 0007
3139 0008
3139 0009
3139 0010
3139 0011
3139 0012
3139 0013
3139 0014
3139 0015
3140 0000
3140 0001
3140 0002
3140 0003
3140 0004
3140 0005
3140 0006
3140 0007
3140 0008
3140 0009
3140 0010
3140 0011
3140 0012
3140 0013
3140 0014
3140 0015
3140 0016
3140 0017
3140 0018
3140 0019
3140 0020
3140 0021
3140 0022
3140 0023
3140 0024
3148 0000
3148 0001
3148 0002
3148 0003
3148 0004
3148 0005
3148 0006
3148 0007
3148 0008
3148 0009
3148 0010
3148 0011
3148 0012
3148 0013
3148 0014
3148 0015
3148 0016
3149 0000
3149 0001
3149 0002
3149 0003
3149 0004
3149 0005
3149 0006
3149 0007
3149 0008
3149 0009
3149 0010
3149 0011
3149 0012
3149 0013
3149 0014
3149 0015
3149 0016
3149 0017
3149 0018
3149 0019
3149 0020
3149 0021
3149 0022
3149 0023
3149 0024
3149 0025
3149 0026
3155 0000
3155 0001
3155 0002
3155 0003
3155 0004
3155 0005
3155 0006
3155 0007
3155 0008
3155 0009
3155 0010
3155 0011
3155 0012
3155 0013
3155 0014
3155 0015
3155 0016
3155 0017
3155 0018
3155 0019
3155 0020
3156 0000
3156 0001
3156 0002
3156 0003
3156 0004
3156 0005
3156 0006
3156 0007
3156 0008
3156 0009
3156 0010
3156 0011
3156 0012
3156 0013
3156 0014
3156 0015
3156 0016
3156 0017
3156 0018
3156 0019
3156 0020
3156 0021
3156 0022
3156 0023
3156 0024
3156 0025
3156 0026
3156 0027
3156 0028
3156 0029
3157 0000
3157 0001
3157 0002
3157 0003
3157 0004
3157 0005
3157 0006
3157 0007
3157 0008
3157 0009
3157 0010
3157 0011
3157 0012
3157 0013
3157 0014
3157 0015
3157 0016
3157 0017
3157 0018
3157 0019
3157 0020
3157 0021
3157 0022
3157 0023
3157 0024
3158 0000
3158 0001
3158 0002
3158 0003
3158 0004
3158 0005
3158 0006
3158 0007
3158 0008
3158 0009
3158 0010
3158 0011
3158 0012
3158 0013
3158 0014
3158 0015
3158 0016
3158 0017
3158 0018
3158 0019
3158 0020
3158 0021
3158 0022
3158 0023
3158 0024
3158 0025
3161 0000
3161 0001
3161 0002
3161 0003
3161 0004
3161 0005
3161 0006
3161 0007
3161 0008
3161 0009
3161 0010
3161 0011
3161 0012
3161 0013
3161 0014
3161 0015
3161 0016
3161 0017
3161 0018
3161 0019
3161 0020
3161 0021
3162 0000
3162 0001
3162 0002
3162 0003
3162 0004
3162 0005
3162 0006
3162 0007
3162 0008
3162 0009
3162 0010
3162 0011
3162 0012
3162 0013
3162 0014
3162 0015
3162 0016
3162 0017
3162 0018
3162 0019
3162 0020
3162 0021
3162 0022
3162 0023
3162 0024
3164 0000
3164 0001
3164 0002
3164 0003
3164 0004
3164 0005
3164 0006
3164 0007
3164 0008
3164 0009
3164 0010
3164 0011
3164 0012
3164 0013
3164 0014
3164 0015
3164 0016
3174 0000
3174 0001
3174 0002
3174 0003
3174 0004
3174 0005
3174 0006
3174 0007
3174 0008
3174 0009
3174 0010
3174 0011
3174 0012
3174 0013
3174 0014
3174 0015
3174 0016
3174 0017
3174 0018
3174 0019
3174 0020
3179 0000
3179 0001
3179 0002
3179 0003
3179 0004
3179 0005
3179 0006
3179 0007
3179 0008
3179 0009
3179 0010
3179 0011
3179 0012
3179 0013
3179 0014
3179 0015
3179 0016
3179 0017
3179 0018
3179 0019
3179 0020
3179 0021
3179 0022
3179 0023
3179 0024
3179 0025
3185 0000
3185 0001
3185 0002
3185 0003
3185 0004
3185 0005
3185 0006
3185 0007
3185 0008
3185 0009
3185 0010
3185 0011
3185 0012
3185 0013
3185 0014
3185 0015
3185 0016
3185 0017
3185 0018
3185 0019
3185 0020
3190 0000
3190 0001
3190 0002
3190 0003
3190 0004
3190 0005
3190 0006
3190 0007
3190 0008
3190 0009
3190 0010
3190 0011
3190 0012
3190 0013
3190 0014
3190 0015
3190 0016
3190 0017
3190 0018
3190 0019
3190 0020
3190 0021
3190 0022
3190 0023
3190 0024
3190 0025
3191 0000
3191 0001
3191 0002
3191 0003
3191 0004
3191 0005
3191 0006
3191 0007
3191 0008
3191 0009
3191 0010
3191 0011
3191 0012
3191 0013
3191 0014
3191 0015
3191 0016
3191 0017
3202 0000
3202 0001
3202 0002
3202 0003
3202 0004
3202 0005
3202 0006
3202 0007
3202 0008
3202 0009
3202 0010
3202 0011
3202 0012
3202 0013
3205 0000
3205 0001
3205 0002
3205 0003
3205 0004
3205 0005
3205 0006
3205 0007
3205 0008
3205 0009
3205 0010
3205 0011
3205 0012
3205 0013
3205 0014
3205 0015
3205 0016
3205 0017
3213 0000
3213 0001
3213 0002
3213 0003
3213 0004
3213 0005
3213 0006
3213 0007
3213 0008
3213 0009
3213 0010
3213 0011
3213 0012
3213 0013
3213 0014
3213 0015
3213 0016
3213 0017
3213 0018
3213 0019
3213 0020
3213 0021
3213 0022
3214 0000
3214 0001
3214 0002
3214 0003
3214 0004
3214 0005
3214 0006
3214 0007
3214 0008
3214 0009
3214 0010
3214 0011
3214 0012
3214 0013
3214 0014
3214 0015
3214 0016
3214 0017
3214 0018
3214 0019
3214 0020
3214 0021
3214 0022
3214 0023
3214 0024
3214 0025
3214 0026
3214 0027
3214 0028
3215 0000
3215 0001
3215 0002
3215 0003
3215 0004
3215 0005
3215 0006
3215 0007
3215 0008
3215 0009
3215 0010
3215 0011
3215 0012
3215 0013
3215 0014
3215 0015
3215 0016
3215 0017
3215 0018
3215 0019
3215 0020
3215 0021
3215 0022
3215 0023
3215 0024
3215 0025
3215 0026
3215 0027
3221 0000
3221 0001
3221 0002
3221 0003
3221 0004
3221 0005
3221 0006
3221 0007
3221 0008
3221 0009
3221 0010
3221 0011
3221 0012
3221 0013
3221 0014
3221 0015
3221 0016
3221 0017
3221 0018
3222 0000
3222 0001
3222 0002
3222 0003
3222 0004
3222 0005
3222 0006
3222 0007
3222 0008
3222 0009
3222 0010
3222 0011
3222 0012
3222 0013
3222 0014
3222 0015
3222 0016
3222 0017
3222 0018
3222 0019
3222 0020
3222 0021
3222 0022
3222 0023
3222 0024
3222 0025
3222 0026
3222 0027
3222 0028
3222 0029
3222 0030
3222 0031
3223 0000
3223 0001
3223 0002
3223 0003
3223 0004
3223 0005
3223 0006
3223 0007
3223 0008
3223 0009
3223 0010
3223 0011
3223 0012
3223 0013
3223 0014
3223 0015
3223 0016
3223 0017
3223 0018
3224 0000
3224 0001
3224 0002
3224 0003
3224 0004
3224 0005
3224 0006
3224 0007
3224 0008
3224 0009
3224 0010
3224 0011
3224 0012
3224 0013
3224 0014
3224 0015
3224 0016
3224 0017
3224 0018
3224 0019
3224 0020
3224 0021
3224 0022
3224 0023
3236 0000
3236 0001
3236 0002
3236 0003
3236 0004
3236 0005
3236 0006
3236 0007
3236 0008
3236 0009
3236 0010
3236 0011
3245 0000
3245 0001
3245 0002
3245 0003
3245 0004
3245 0005
3245 0006
3245 0007
3245 0008
3245 0009
3245 0010
3245 0011
3245 0012
3245 0013
3245 0014
3245 0015
3245 0016
3245 0017
3245 0018
3245 0019
3245 0020
3246 0000
3246 0001
3246 0002
3246 0003
3246 0004
3246 0005
3246 0006
3246 0007
3246 0008
3246 0009
3246 0010
3246 0011
3246 0012
3246 0013
3246 0014
3246 0015
3246 0016
3246 0017
3246 0018
3246 0019
3246 0020
3246 0021
3248 0000
3248 0001
3248 0002
3248 0003
3248 0004
3248 0005
3248 0006
3248 0007
3248 0008
3248 0009
3248 0010
3248 0011
3248 0012
3248 0013
3248 0014
3248 0015
3248 0016
3248 0017
3248 0018
3248 0019
3249 0000
3249 0001
3249 0002
3249 0003
3249 0004
3249 0005
3249 0006
3249 0007
3249 0008
3249 0009
3249 0010
3249 0011
3249 0012
3249 0013
3249 0014
3249 0015
3249 0016
3249 0017
3249 0018
3249 0019
3249 0020
3249 0021
3249 0022
3249 0023
3249 0024
3249 0025
3249 0026
3249 0027
3252 0000
3252 0001
3252 0002
3252 0003
3252 0004
3252 0005
3252 0006
3252 0007
3252 0008
3252 0009
3252 0010
3252 0011
3252 0012
3252 0013
3252 0014
3252 0015
3252 0016
3252 0017
3252 0018
3252 0019
3252 0020
3252 0021
3252 0022
3252 0023
3252 0024
3256 0000
3256 0001
3256 0002
3256 0003
3256 0004
3256 0005
3256 0006
3256 0007
3256 0008
3256 0009
3256 0010
3256 0011
3256 0012
3256 0013
3256 0014
3256 0015
3256 0016
3256 0017
3256 0018
3256 0019
3256 0020
3256 0021
3256 0022
3256 0023
3256 0024
3260 0000
3260 0001
3260 0002
3260 0003
3260 0004
3260 0005
3260 0006
3260 0007
3260 0008
3260 0009
3260 0010
3260 0011
3260 0012
3260 0013
3260 0014
3260 0015
3260 0016
3262 0000
3262 0001
3262 0002
3262 0003
3262 0004
3262 0005
3262 0006
3262 0007
3262 0008
3262 0009
3262 0010
3262 0011
3262 0012
3262 0013
3262 0014
3262 0015
3262 0016
3262 0017
3262 0018
3262 0019
3262 0020
3262 0021
3263 0000
3263 0001
3263 0002
3263 0003
3263 0004
3263 0005
3263 0006
3263 0007
3263 0008
3263 0009
3263 0010
3263 0011
3263 0012
3263 0013
3263 0014
3263 0015
3263 0016
3263 0017
3263 0018
3263 0019
3263 0020
3263 0021
3265 0000
3265 0001
3265 0002
3265 0003
3265 0004
3265 0005
3265 0006
3265 0007
3265 0008
3265 0009
3265 0010
3265 0011
3265 0012
3265 0013
3265 0014
3265 0015
3265 0016
3265 0017
3265 0018
3265 0019
3265 0020
3265 0021
3265 0022
3265 0023
3265 0024
3265 0025
3265 0026
3265 0027
3271 0000
3271 0001
3271 0002
3271 0003
3271 0004
3271 0005
3271 0006
3271 0007
3271 0008
3271 0009
3271 0010
3271 0011
3271 0012
3271 0013
3271 0014
3271 0015
3271 0016
3271 0017
3271 0018
3271 0019
3271 0020
3271 0021
3271 0022
3271 0023
3271 0024
3271 0025
3271 0026
3271 0027
3271 0028
3275 0000
3275 0001
3275 0002
3275 0003
3275 0004
3275 0005
3275 0006
3275 0007
3275 0008
3275 0009
3275 0010
3275 0011
3275 0012
3275 0013
3275 0014
3275 0015
3275 0016
3275 0017
3275 0018
3275 0019
3275 0020
3275 0021
3275 0022
3275 0023
3275 0024
3275 0025
3279 0000
3279 0001
3279 0002
3279 0003
3279 0004
3279 0005
3279 0006
3279 0007
3279 0008
3279 0009
3279 0010
3279 0011
3279 0012
3279 0013
3279 0014
3282 0000
3282 0001
3282 0002
3282 0003
3282 0004
3282 0005
3282 0006
3282 0007
3282 0008
3282 0009
3282 0010
3282 0011
3282 0012
3282 0013
3282 0014
3282 0015
3282 0016
3282 0017
3282 0018
3282 0019
3282 0020
3282 0021
3282 0022
3282 0023
3282 0024
3282 0025
3283 0000
3283 0001
3283 0002
3283 0003
3283 0004
3283 0005
3283 0006
3283 0007
3283 0008
3283 0009
3283 0010
3283 0011
3283 0012
3283 0013
3283 0014
3284 0000
3284 0001
3284 0002
3284 0003
3284 0004
3284 0005
3284 0006
3284 0007
3284 0008
3284 0009
3284 0010
3284 0011
3284 0012
3284 0013
3284 0014
3284 0015
3284 0016
3284 0017
3284 0018
3284 0019
3284 0020
3284 0021
3284 0022
3284 0023
3284 0024
3284 0025
3284 0026
3284 0027
3284 0028
3284 0029
3284 0030
3284 0031
3284 0032
3284 0033
3285 0000
3285 0001
3285 0002
3285 0003
3285 0004
3285 0005
3285 0006
3285 0007
3285 0008
3285 0009
3285 0010
3285 0011
3285 0012
3285 0013
3285 0014
3285 0015
3285 0016
3285 0017
3285 0018
3285 0019
3285 0020
3285 0021
3285 0022
3285 0023
3285 0024
3291 0000
3291 0001
3291 0002
3291 0003
3291 0004
3291 0005
3291 0006
3291 0007
3291 0008
3291 0009
3291 0010
3291 0011
3291 0012
3291 0013
3291 0014
3291 0015
3291 0016
3293 0000
3293 0001
3293 0002
3293 0003
3293 0004
3293 0005
3293 0006
3293 0007
3293 0008
3293 0009
3293 0010
3293 0011
3293 0012
3293 0013
3293 0014
3293 0015
3293 0016
3293 0017
3293 0018
3293 0019
3293 0020
3293 0021
3293 0022
3293 0023
3293 0024
3293 0025
3293 0026
3293 0027
3293 0028
3294 0000
3294 0001
3294 0002
3294 0003
3294 0004
3294 0005
3294 0006
3294 0007
3294 0008
3294 0009
3294 0010
3294 0011
3294 0012
3294 0013
3294 0014
3294 0015
3294 0016
3294 0017
3294 0018
3294 0019
3294 0020
3294 0021
3294 0022
3296 0000
3296 0001
3296 0002
3296 0003
3296 0004
3296 0005
3296 0006
3296 0007
3296 0008
3296 0009
3296 0010
3296 0011
3296 0012
3296 0013
3296 0014
3296 0015
3296 0016
3296 0017
3296 0018
3296 0019
3296 0020
3296 0021
3296 0022
3296 0023
3297 0000
3297 0001
3297 0002
3297 0003
3297 0004
3297 0005
3297 0006
3297 0007
3297 0008
3297 0009
3297 0010
3297 0011
3297 0012
3297 0013
3297 0014
3297 0015
3297 0016
3297 0017
3297 0018
3307 0000
3307 0001
3307 0002
3307 0003
3307 0004
3307 0005
3307 0006
3307 0007
3307 0008
3307 0009
3307 0010
3307 0011
3307 0012
3307 0013
3307 0014
3307 0015
3307 0016
3307 0017
3307 0018
3317 0000
3317 0001
3317 0002
3317 0003
3317 0004
3317 0005
3317 0006
3317 0007
3317 0008
3317 0009
3317 0010
3317 0011
3317 0012
3317 0013
3317 0014
3317 0015
3317 0016
3317 0017
3317 0018
3317 0019
3317 0020
3317 0021
3317 0022
3321 0000
3321 0001
3321 0002
3321 0003
3321 0004
3321 0005
3321 0006
3321 0007
3321 0008
3321 0009
3321 0010
3321 0011
3321 0012
3321 0013
3321 0014
3321 0015
3321 0016
3321 0017
3321 0018
3321 0019
3321 0020
3323 0000
3323 0001
3323 0002
3323 0003
3323 0004
3323 0005
3323 0006
3323 0007
3323 0008
3323 0009
3323 0010
3323 0011
3323 0012
3323 0013
3323 0014
3323 0015
3323 0016
3323 0017
3327 0000
3327 0001
3327 0002
3327 0003
3327 0004
3327 0005
3327 0006
3327 0007
3327 0008
3327 0009
3327 0010
3327 0011
3327 0012
3327 0013
3327 0014
3327 0015
3327 0016
3327 0017
3327 0018
3327 0019
3327 0020
3327 0021
3328 0000
3328 0001
3328 0002
3328 0003
3328 0004
3328 0005
3328 0006
3328 0007
3328 0008
3328 0009
3328 0010
3328 0011
3328 0012
3328 0013
3328 0014
3328 0015
3328 0016
3328 0017
3328 0018
3328 0019
3328 0020
3328 0021
3328 0022
3328 0023
3328 0024
3328 0025
3328 0026
3329 0000
3329 0001
3329 0002
3329 0003
3329 0004
3329 0005
3329 0006
3329 0007
3329 0008
3329 0009
3329 0010
3329 0011
3329 0012
3329 0013
3329 0014
3329 0015
3329 0016
3329 0017
3329 0018
3329 0019
3329 0020
3331 0000
3331 0001
3331 0002
3331 0003
3331 0004
3331 0005
3331 0006
3331 0007
3331 0008
3331 0009
3331 0010
3331 0011
3331 0012
3331 0013
3331 0014
3331 0015
3331 0016
3331 0017
3331 0018
3331 0019
3331 0020
3339 0000
3339 0001
3339 0002
3339 0003
3339 0004
3339 0005
3339 0006
3339 0007
3339 0008
3339 0009
3339 0010
3339 0011
3339 0012
3339 0013
3339 0014
3339 0015
3339 0016
3339 0017
3339 0018
3339 0019
3339 0020
3339 0021
3339 0022
3346 0000
3346 0001
3346 0002
3346 0003
3346 0004
3346 0005
3346 0006
3346 0007
3346 0008
3346 0009
3346 0010
3346 0011
3346 0012
3346 0013
3347 0000
3347 0001
3347 0002
3347 0003
3347 0004
3347 0005
3347 0006
3347 0007
3347 0008
3347 0009
3347 0010
3347 0011
3347 0012
3347 0013
3347 0014
3347 0015
3347 0016
3347 0017
3347 0018
3347 0019
3352 0000
3352 0001
3352 0002
3352 0003
3352 0004
3352 0005
3352 0006
3352 0007
3352 0008
3352 0009
3352 0010
3352 0011
3352 0012
3352 0013
3352 0014
3352 0015
3352 0016
3352 0017
3352 0018
3352 0019
3352 0020
3352 0021
3352 0022
3352 0023
3354 0000
3354 0001
3354 0002
3354 0003
3354 0004
3354 0005
3354 0006
3354 0007
3354 0008
3354 0009
3354 0010
3354 0011
3354 0012
3354 0013
3354 0014
3354 0015
3354 0016
3354 0017
3354 0018
3360 0000
3360 0001
3360 0002
3360 0003
3360 0004
3360 0005
3360 0006
3360 0007
3360 0008
3360 0009
3360 0010
3360 0011
3364 0000
3364 0001
3364 0002
3364 0003
3364 0004
3364 0005
3364 0006
3364 0007
3364 0008
3364 0009
3364 0010
3364 0011
3364 0012
3364 0013
3364 0014
3364 0015
3364 0016
3364 0017
3364 0018
3364 0019
3365 0000
3365 0001
3365 0002
3365 0003
3365 0004
3365 0005
3365 0006
3365 0007
3365 0008
3365 0009
3365 0010
3365 0011
3365 0012
3365 0013
3365 0014
3365 0015
3365 0016
3365 0017
3365 0018
3365 0019
3365 0020
3365 0021
3365 0022
3370 0000
3370 0001
3370 0002
3370 0003
3370 0004
3370 0005
3370 0006
3370 0007
3370 0008
3370 0009
3370 0010
3370 0011
3370 0012
3370 0013
3370 0014
3370 0015
3370 0016
3370 0017
3370 0018
3370 0019
3370 0020
3370 0021
3370 0022
3388 0000
3388 0001
3388 0002
3388 0003
3388 0004
3388 0005
3388 0006
3388 0007
3388 0008
3388 0009
3388 0010
3388 0011
3388 0012
3388 0013
3388 0014
3388 0015
3388 0016
3388 0017
3388 0018
3388 0019
3388 0020
3391 0000
3391 0001
3391 0002
3391 0003
3391 0004
3391 0005
3391 0006
3391 0007
3391 0008
3391 0009
3391 0010
3391 0011
3391 0012
3391 0013
3391 0014
3391 0015
3391 0016
3397 0000
3397 0001
3397 0002
3397 0003
3397 0004
3397 0005
3397 0006
3397 0007
3397 0008
3397 0009
3397 0010
3397 0011
3397 0012
3397 0013
3397 0014
3398 0000
3398 0001
3398 0002
3398 0003
3398 0004
3398 0005
3398 0006
3398 0007
3398 0008
3398 0009
3398 0010
3398 0011
3398 0012
3402 0000
3402 0001
3402 0002
3402 0003
3402 0004
3402 0005
3402 0006
3402 0007
3402 0008
3402 0009
3402 0010
3402 0011
3402 0012
3402 0013
3402 0014
3402 0015
3402 0016
3402 0017
3402 0018
3402 0019
3402 0020
3402 0021
3402 0022
3402 0023
3402 0024
3402 0025
3402 0026
3406 0000
3406 0001
3406 0002
3406 0003
3406 0004
3406 0005
3406 0006
3406 0007
3406 0008
3406 0009
3406 0010
3406 0011
3406 0012
3406 0013
3406 0014
3406 0015
3406 0016
3406 0017
3406 0018
3406 0019
3408 0000
3408 0001
3408 0002
3408 0003
3408 0004
3408 0005
3408 0006
3408 0007
3408 0008
3408 0009
3408 0010
3408 0011
3408 0012
3408 0013
3408 0014
3408 0015
3408 0016
3408 0017
3408 0018
3408 0019
3408 0020
3408 0021
3408 0022
3408 0023
3408 0024
3408 0025
3408 0026
3408 0027
3410 0000
3410 0001
3410 0002
3410 0003
3410 0004
3410 0005
3410 0006
3410 0007
3410 0008
3410 0009
3410 0010
3410 0011
3410 0012
3410 0013
3410 0014
3410 0015
3410 0016
3410 0017
3410 0018
3410 0019
3410 0020
3410 0021
3410 0022
3410 0023
3410 0024
3410 0025
3410 0026
3410 0027
3410 0028
3410 0029
3411 0000
3411 0001
3411 0002
3411 0003
3411 0004
3411 0005
3411 0006
3411 0007
3411 0008
3411 0009
3411 0010
3411 0011
3411 0012
3411 0013
3411 0014
3411 0015
3411 0016
3411 0017
3411 0018
3411 0019
3411 0020
3411 0021
3411 0022
3411 0023
3412 0000
3412 0001
3412 0002
3412 0003
3412 0004
3412 0005
3412 0006
3412 0007
3412 0008
3412 0009
3412 0010
3412 0011
3412 0012
3412 0013
3412 0014
3412 0015
3412 0016
3412 0017
3412 0018
3412 0019
3412 0020
3412 0021
3412 0022
3412 0023
3412 0024
3412 0025
3412 0026
3412 0027
3413 0000
3413 0001
3413 0002
3413 0003
3413 0004
3413 0005
3413 0006
3413 0007
3413 0008
3413 0009
3413 0010
3413 0011
3413 0012
3413 0013
3413 0014
3416 0000
3416 0001
3416 0002
3416 0003
3416 0004
3416 0005
3416 0006
3416 0007
3416 0008
3416 0009
3416 0010
3416 0011
3416 0012
3416 0013
3416 0014
3416 0015
3420 0000
3420 0001
3420 0002
3420 0003
3420 0004
3420 0005
3420 0006
3420 0007
3420 0008
3420 0009
3420 0010
3420 0011
3420 0012
3420 0013
3420 0014
3420 0015
3420 0016
3420 0017
3420 0018
3420 0019
3420 0020
3428 0000
3428 0001
3428 0002
3428 0003
3428 0004
3428 0005
3428 0006
3428 0007
3428 0008
3428 0009
3428 0010
3428 0011
3428 0012
3428 0013
3428 0014
3428 0015
3428 0016
3428 0017
3428 0018
3428 0019
3428 0020
3428 0021
3436 0000
3436 0001
3436 0002
3436 0003
3436 0004
3436 0005
3436 0006
3436 0007
3436 0008
3436 0009
3436 0010
3436 0011
3436 0012
3436 0013
3436 0014
3436 0015
3436 0016
3436 0017
3436 0018
3436 0019
3436 0020
3437 0000
3437 0001
3437 0002
3437 0003
3437 0004
3437 0005
3437 0006
3437 0007
3437 0008
3437 0009
3437 0010
3437 0011
3437 0012
3437 0013
3437 0014
3437 0015
3437 0016
3437 0017
3437 0018
3437 0019
3437 0020
3437 0021
3437 0022
3437 0023
3437 0024
3437 0025
3437 0026
3437 0027
3437 0028
3437 0029
3437 0030
3437 0031
3439 0000
3439 0001
3439 0002
3439 0003
3439 0004
3439 0005
3439 0006
3439 0007
3439 0008
3439 0009
3439 0010
3439 0011
3439 0012
3439 0013
3439 0014
3439 0015
3439 0016
3439 0017
3441 0000
3441 0001
3441 0002
3441 0003
3441 0004
3441 0005
3441 0006
3441 0007
3441 0008
3441 0009
3441 0010
3441 0011
3441 0012
3441 0013
3441 0014
3441 0015
3441 0016
3441 0017
3441 0018
3441 0019
3446 0000
3446 0001
3446 0002
3446 0003
3446 0004
3446 0005
3446 0006
3446 0007
3446 0008
3446 0009
3446 0010
3446 0011
3446 0012
3446 0013
3446 0014
3446 0015
3447 0000
3447 0001
3447 0002
3447 0003
3447 0004
3447 0005
3447 0006
3447 0007
3447 0008
3447 0009
3447 0010
3447 0011
3447 0012
3447 0013
3447 0014
3447 0015
3447 0016
3447 0017
3447 0018
3447 0019
3447 0020
3447 0021
3447 0022
3447 0023
3447 0024
3447 0025
3449 0000
3449 0001
3449 0002
3449 0003
3449 0004
3449 0005
3449 0006
3449 0007
3449 0008
3449 0009
3449 0010
3449 0011
3449 0012
3449 0013
3449 0014
3449 0015
3449 0016
3449 0017
3450 0000
3450 0001
3450 0002
3450 0003
3450 0004
3450 0005
3450 0006
3450 0007
3450 0008
3450 0009
3450 0010
3450 0011
3450 0012
3450 0013
3450 0014
3450 0015
3450 0016
3450 0017
3450 0018
3450 0019
3450 0020
3450 0021
3450 0022
3450 0023
3450 0024
3450 0025
3450 0026
3450 0027
3451 0000
3451 0001
3451 0002
3451 0003
3451 0004
3451 0005
3451 0006
3451 0007
3451 0008
3451 0009
3451 0010
3451 0011
3451 0012
3451 0013
3451 0014
3451 0015
3451 0016
3451 0017
3451 0018
3453 0000
3453 0001
3453 0002
3453 0003
3453 0004
3453 0005
3453 0006
3453 0007
3453 0008
3453 0009
3453 0010
3453 0011
3453 0012
3453 0013
3453 0014
3453 0015
3453 0016
3453 0017
3453 0018
3453 0019
3453 0020
3453 0021
3453 0022
3453 0023
3453 0024
3453 0025
3467 0000
3467 0001
3467 0002
3467 0003
3467 0004
3467 0005
3467 0006
3467 0007
3467 0008
3467 0009
3467 0010
3467 0011
3467 0012
3467 0013
3467 0014
3467 0015
3467 0016
3467 0017
3467 0018
3471 0000
3471 0001
3471 0002
3471 0003
3471 0004
3471 0005
3471 0006
3471 0007
3471 0008
3471 0009
3471 0010
3471 0011
3471 0012
3471 0013
3471 0014
3471 0015
3471 0016
3471 0017
3471 0018
3471 0019
3471 0020
3471 0021
3471 0022
3471 0023
3472 0000
3472 0001
3472 0002
3472 0003
3472 0004
3472 0005
3472 0006
3472 0007
3472 0008
3472 0009
3472 0010
3472 0011
3472 0012
3472 0013
3472 0014
3472 0015
3472 0016
3472 0017
3472 0018
3472 0019
3472 0020
3472 0021
3475 0000
3475 0001
3475 0002
3475 0003
3475 0004
3475 0005
3475 0006
3475 0007
3475 0008
3475 0009
3475 0010
3475 0011
3475 0012
3475 0013
3475 0014
3475 0015
3475 0016
3475 0017
3476 0000
3476 0001
3476 0002
3476 0003
3476 0004
3476 0005
3476 0006
3476 0007
3476 0008
3476 0009
3476 0010
3476 0011
3476 0012
3476 0013
3476 0014
3476 0015
3476 0016
3476 0017
3476 0018
3476 0019
3476 0020
3476 0021
3476 0022
3476 0023
3476 0024
3476 0025
3476 0026
3476 0027
3476 0028
3480 0000
3480 0001
3480 0002
3480 0003
3480 0004
3480 0005
3480 0006
3480 0007
3480 0008
3480 0009
3480 0010
3480 0011
3480 0012
3480 0013
3480 0014
3480 0015
3480 0016
3480 0017
3480 0018
3480 0019
3480 0020
3480 0021
3481 0000
3481 0001
3481 0002
3481 0003
3481 0004
3481 0005
3481 0006
3481 0007
3481 0008
3481 0009
3481 0010
3481 0011
3481 0012
3481 0013
3481 0014
3481 0015
3481 0016
3481 0017
3481 0018
3481 0019
3481 0020
3481 0021
3481 0022
3481 0023
3481 0024
3481 0025
3481 0026
3483 0000
3483 0001
3483 0002
3483 0003
3483 0004
3483 0005
3483 0006
3483 0007
3483 0008
3483 0009
3483 0010
3483 0011
3483 0012
3483 0013
3483 0014
3483 0015
3483 0016
3483 0017
3483 0018
3483 0019
3483 0020
3483 0021
3483 0022
3483 0023
3484 0000
3484 0001
3484 0002
3484 0003
3484 0004
3484 0005
3484 0006
3484 0007
3484 0008
3484 0009
3484 0010
3484 0011
3484 0012
3484 0013
3484 0014
3484 0015
3484 0016
3484 0017
3484 0018
3484 0019
3484 0020
3484 0021
3484 0022
3484 0023
3484 0024
3491 0000
3491 0001
3491 0002
3491 0003
3491 0004
3491 0005
3491 0006
3491 0007
3491 0008
3491 0009
3491 0010
3491 0011
3491 0012
3491 0013
3491 0014
3491 0015
3491 0016
3491 0017
3491 0018
3491 0019
3491 0020
3491 0021
3491 0022
3491 0023
3491 0024
3491 0025
3491 0026
3493 0000
3493 0001
3493 0002
3493 0003
3493 0004
3493 0005
3493 0006
3493 0007
3493 0008
3493 0009
3493 0010
3493 0011
3493 0012
3493 0013
3493 0014
3493 0015
3493 0016
3493 0017
3493 0018
3493 0019
3496 0000
3496 0001
3496 0002
3496 0003
3496 0004
3496 0005
3496 0006
3496 0007
3496 0008
3496 0009
3496 0010
3496 0011
3496 0012
3496 0013
3496 0014
3496 0015
3496 0016
3496 0017
3496 0018
3496 0019
3496 0020
3498 0000
3498 0001
3498 0002
3498 0003
3498 0004
3498 0005
3498 0006
3498 0007
3498 0008
3498 0009
3498 0010
3498 0011
3498 0012
3498 0013
3498 0014
3498 0015
3498 0016
3498 0017
3498 0018
3507 0000
3507 0001
3507 0002
3507 0003
3507 0004
3507 0005
3507 0006
3507 0007
3507 0008
3507 0009
3507 0010
3507 0011
3507 0012
3507 0013
3507 0014
3507 0015
3507 0016
3507 0017
3507 0018
3507 0019
3507 0020
3507 0021
3507 0022
3507 0023
3507 0024
3507 0025
3517 0000
3517 0001
3517 0002
3517 0003
3517 0004
3517 0005
3517 0006
3517 0007
3517 0008
3517 0009
3517 0010
3517 0011
3517 0012
3517 0013
3517 0014
3517 0015
3517 0016
3517 0017
3517 0018
3535 0000
3535 0001
3535 0002
3535 0003
3535 0004
3535 0005
3535 0006
3535 0007
3535 0008
3535 0009
3535 0010
3535 0011
3535 0012
3535 0013
3535 0014
3535 0015
3535 0016
3535 0017
3535 0018
3535 0019
3535 0020
3535 0021
3538 0000
3538 0001
3538 0002
3538 0003
3538 0004
3538 0005
3538 0006
3538 0007
3538 0008
3538 0009
3538 0010
3538 0011
3538 0012
3538 0013
3538 0014
3538 0015
3538 0016
3538 0017
3538 0018
3538 0019
3538 0020
3538 0021
3538 0022
3538 0023
3538 0024
3538 0025
3538 0026
3538 0027
3538 0028
3547 0000
3547 0001
3547 0002
3547 0003
3547 0004
3547 0005
3547 0006
3547 0007
3547 0008
3547 0009
3547 0010
3547 0011
3547 0012
3547 0013
3547 0014
3547 0015
3547 0016
3547 0017
3547 0018
3547 0019
3547 0020
3547 0021
3547 0022
3547 0023
3547 0024
3547 0025
3547 0026
3547 0027
3547 0028
3547 0029
3553 0000
3553 0001
3553 0002
3553 0003
3553 0004
3553 0005
3553 0006
3553 0007
3553 0008
3553 0009
3553 0010
3553 0011
3553 0012
3553 0013
3553 0014
3553 0015
3553 0016
3553 0017
3553 0018
3556 0000
3556 0001
3556 0002
3556 0003
3556 0004
3556 0005
3556 0006
3556 0007
3556 0008
3556 0009
3556 0010
3556 0011
3556 0012
3556 0013
3556 0014
3556 0015
3564 0000
3564 0001
3564 0002
3564 0003
3564 0004
3564 0005
3564 0006
3564 0007
3564 0008
3564 0009
3564 0010
3564 0011
3564 0012
3564 0013
3564 0014
3564 0015
3564 0016
3564 0017
3564 0018
3564 0019
3564 0020
3567 0000
3567 0001
3567 0002
3567 0003
3567 0004
3567 0005
3567 0006
3567 0007
3567 0008
3567 0009
3567 0010
3567 0011
3567 0012
3567 0013
3567 0014
3567 0015
3567 0016
3567 0017
3567 0018
3567 0019
3567 0020
3567 0021
3567 0022
3568 0000
3568 0001
3568 0002
3568 0003
3568 0004
3568 0005
3568 0006
3568 0007
3568 0008
3568 0009
3568 0010
3568 0011
3568 0012
3568 0013
3568 0014
3568 0015
3568 0016
3568 0017
3568 0018
3568 0019
3572 0000
3572 0001
3572 0002
3572 0003
3572 0004
3572 0005
3572 0006
3572 0007
3572 0008
3572 0009
3572 0010
3572 0011
3572 0012
3572 0013
3572 0014
3572 0015
3572 0016
3572 0017
3572 0018
3572 0019
3572 0020
3572 0021
3572 0022
3572 0023
3572 0024
3572 0025
3573 0000
3573 0001
3573 0002
3573 0003
3573 0004
3573 0005
3573 0006
3573 0007
3573 0008
3573 0009
3573 0010
3573 0011
3573 0012
3573 0013
3573 0014
3573 0015
3573 0016
3573 0017
3573 0018
3573 0019
3573 0020
3573 0021
3573 0022
3573 0023
3574 0000
3574 0001
3574 0002
3574 0003
3574 0004
3574 0005
3574 0006
3574 0007
3574 0008
3574 0009
3574 0010
3574 0011
3574 0012
3574 0013
3574 0014
3574 0015
3575 0000
3575 0001
3575 0002
3575 0003
3575 0004
3575 0005
3575 0006
3575 0007
3575 0008
3575 0009
3575 0010
3575 0011
3575 0012
3575 0013
3575 0014
3575 0015
3576 0000
3576 0001
3576 0002
3576 0003
3576 0004
3576 0005
3576 0006
3576 0007
3576 0008
3576 0009
3576 0010
3576 0011
3576 0012
3576 0013
3576 0014
3576 0015
3581 0000
3581 0001
3581 0002
3581 0003
3581 0004
3581 0005
3581 0006
3581 0007
3581 0008
3581 0009
3581 0010
3581 0011
3581 0012
3581 0013
3581 0014
3581 0015
3581 0016
3581 0017
3581 0018
3581 0019
3581 0020
3581 0021
3581 0022
3581 0023
3581 0024
3581 0025
3581 0026
3581 0027
3581 0028
3581 0029
3581 0030
3581 0031
3582 0000
3582 0001
3582 0002
3582 0003
3582 0004
3582 0005
3582 0006
3582 0007
3582 0008
3582 0009
3582 0010
3582 0011
3582 0012
3582 0013
3582 0014
3582 0015
3582 0016
3582 0017
3582 0018
3582 0019
3591 0000
3591 0001
3591 0002
3591 0003
3591 0004
3591 0005
3591 0006
3591 0007
3591 0008
3591 0009
3591 0010
3591 0011
3591 0012
3591 0013
3591 0014
3591 0015
3591 0016
3591 0017
3591 0018
3591 0019
3591 0020
3591 0021
3591 0022
3591 0023
3593 0000
3593 0001
3593 0002
3593 0003
3593 0004
3593 0005
3593 0006
3593 0007
3593 0008
3593 0009
3593 0010
3593 0011
3593 0012
3593 0013
3593 0014
3593 0015
3593 0016
3593 0017
3593 0018
3593 0019
3593 0020
3593 0021
3593 0022
3593 0023
3593 0024
3593 0025
3593 0026
3593 0027
3593 0028
3594 0000
3594 0001
3594 0002
3594 0003
3594 0004
3594 0005
3594 0006
3594 0007
3594 0008
3594 0009
3594 0010
3594 0011
3594 0012
3594 0013
3594 0014
3594 0015
3594 0016
3594 0017
3594 0018
3594 0019
3594 0020
3594 0021
3595 0000
3595 0001
3595 0002
3595 0003
3595 0004
3595 0005
3595 0006
3595 0007
3595 0008
3595 0009
3595 0010
3595 0011
3595 0012
3595 0013
3595 0014
3595 0015
3595 0016
3595 0017
3595 0018
3595 0019
3605 0000
3605 0001
3605 0002
3605 0003
3605 0004
3605 0005
3605 0006
3605 0007
3605 0008
3605 0009
3605 0010
3605 0011
3605 0012
3605 0013
3605 0014
3605 0015
3605 0016
3605 0017
3605 0018
3605 0019
3605 0020
3605 0021
3606 0000
3606 0001
3606 0002
3606 0003
3606 0004
3606 0005
3606 0006
3606 0007
3606 0008
3606 0009
3606 0010
3606 0011
3606 0012
3606 0013
3606 0014
3606 0015
3606 0016
3606 0017
3606 0018
3606 0019
3606 0020
3606 0021
3606 0022
3606 0023
3606 0024
3606 0025
3622 0000
3622 0001
3622 0002
3622 0003
3622 0004
3622 0005
3622 0006
3622 0007
3622 0008
3622 0009
3622 0010
3622 0011
3622 0012
3622 0013
3622 0014
3622 0015
3622 0016
3622 0017
3622 0018
3622 0019
3622 0020
3622 0021
3622 0022
3622 0023
3622 0024
3622 0025
3622 0026
3622 0027
3622 0028
3634 0000
3634 0001
3634 0002
3634 0003
3634 0004
3634 0005
3634 0006
3634 0007
3634 0008
3634 0009
3634 0010
3634 0011
3634 0012
3634 0013
3634 0014
3634 0015
3634 0016
3634 0017
3636 0000
3636 0001
3636 0002
3636 0003
3636 0004
3636 0005
3636 0006
3636 0007
3636 0008
3636 0009
3636 0010
3636 0011
3636 0012
3636 0013
3636 0014
3637 0000
3637 0001
3637 0002
3637 0003
3637 0004
3637 0005
3637 0006
3637 0007
3637 0008
3637 0009
3637 0010
3637 0011
3637 0012
3637 0013
3637 0014
3637 0015
3637 0016
3637 0017
3637 0018
3637 0019
3637 0020
3637 0021
3637 0022
3640 0000
3640 0001
3640 0002
3640 0003
3640 0004
3640 0005
3640 0006
3640 0007
3640 0008
3640 0009
3640 0010
3640 0011
3640 0012
3640 0013
3640 0014
3640 0015
3641 0000
3641 0001
3641 0002
3641 0003
3641 0004
3641 0005
3641 0006
3641 0007
3641 0008
3641 0009
3641 0010
3641 0011
3641 0012
3641 0013
3641 0014
3641 0015
3641 0016
3641 0017
3641 0018
3641 0019
3641 0020
3641 0021
3641 0022
3654 0000
3654 0001
3654 0002
3654 0003
3654 0004
3654 0005
3654 0006
3654 0007
3654 0008
3654 0009
3654 0010
3654 0011
3654 0012
3654 0013
3654 0014
3654 0015
3654 0016
3661 0000
3661 0001
3661 0002
3661 0003
3661 0004
3661 0005
3661 0006
3661 0007
3661 0008
3661 0009
3661 0010
3661 0011
3661 0012
3661 0013
3661 0014
3661 0015
3661 0016
3661 0017
3661 0018
3661 0019
3661 0020
3661 0021
3661 0022
3661 0023
3661 0024
3662 0000
3662 0001
3662 0002
3662 0003
3662 0004
3662 0005
3662 0006
3662 0007
3662 0008
3662 0009
3662 0010
3662 0011
3662 0012
3662 0013
3662 0014
3662 0015
3662 0016
3662 0017
3662 0018
3662 0019
3662 0020
3662 0021
3662 0022
3670 0000
3670 0001
3670 0002
3670 0003
3670 0004
3670 0005
3670 0006
3670 0007
3670 0008
3670 0009
3670 0010
3670 0011
3670 0012
3670 0013
3670 0014
3670 0015
3670 0016
3670 0017
3670 0018
3670 0019
3670 0020
3671 0000
3671 0001
3671 0002
3671 0003
3671 0004
3671 0005
3671 0006
3671 0007
3671 0008
3671 0009
3671 0010
3671 0011
3671 0012
3671 0013
3671 0014
3671 0015
3672 0000
3672 0001
3672 0002
3672 0003
3672 0004
3672 0005
3672 0006
3672 0007
3672 0008
3672 0009
3672 0010
3672 0011
3672 0012
3672 0013
3672 0014
3675 0000
3675 0001
3675 0002
3675 0003
3675 0004
3675 0005
3675 0006
3675 0007
3675 0008
3675 0009
3675 0010
3675 0011
3675 0012
3675 0013
3675 0014
3675 0015
3675 0016
3675 0017
3677 0000
3677 0001
3677 0002
3677 0003
3677 0004
3677 0005
3677 0006
3677 0007
3677 0008
3677 0009
3677 0010
3677 0011
3677 0012
3677 0013
3677 0014
3677 0015
3677 0016
3677 0017
3677 0018
3677 0019
3677 0020
3677 0021
3680 0000
3680 0001
3680 0002
3680 0003
3680 0004
3680 0005
3680 0006
3680 0007
3680 0008
3680 0009
3680 0010
3680 0011
3680 0012
3680 0013
3680 0014
3680 0015
3680 0016
3680 0017
3680 0018
3680 0019
3680 0020
3680 0021
3680 0022
3680 0023
3680 0024
3680 0025
3680 0026
3680 0027
3680 0028
3684 0000
3684 0001
3684 0002
3684 0003
3684 0004
3684 0005
3684 0006
3684 0007
3684 0008
3684 0009
3684 0010
3684 0011
3684 0012
3684 0013
3684 0014
3684 0015
3684 0016
3684 0017
3691 0000
3691 0001
3691 0002
3691 0003
3691 0004
3691 0005
3691 0006
3691 0007
3691 0008
3691 0009
3691 0010
3691 0011
3691 0012
3700 0000
3700 0001
3700 0002
3700 0003
3700 0004
3700 0005
3700 0006
3700 0007
3700 0008
3700 0009
3700 0010
3700 0011
3700 0012
3700 0013
3700 0014
3700 0015
3702 0000
3702 0001
3702 0002
3702 0003
3702 0004
3702 0005
3702 0006
3702 0007
3702 0008
3702 0009
3702 0010
3702 0011
3702 0012
3702 0013
3702 0014
3702 0015
3702 0016
3702 0017
3702 0018
3702 0019
3702 0020
3702 0021
3702 0022
3702 0023
3714 0000
3714 0001
3714 0002
3714 0003
3714 0004
3714 0005
3714 0006
3714 0007
3714 0008
3714 0009
3714 0010
3714 0011
3714 0012
3714 0013
3714 0014
3714 0015
3714 0016
3714 0017
3714 0018
3714 0019
3714 0020
3714 0021
3714 0022
3714 0023
3714 0024
3714 0025
3715 0000
3715 0001
3715 0002
3715 0003
3715 0004
3715 0005
3715 0006
3715 0007
3715 0008
3715 0009
3715 0010
3715 0011
3715 0012
3715 0013
3715 0014
3715 0015
3715 0016
3715 0017
3715 0018
3715 0019
3715 0020
3715 0021
3715 0022
3715 0023
3715 0024
3715 0025
3715 0026
3715 0027
3715 0028
3718 0000
3718 0001
3718 0002
3718 0003
3718 0004
3718 0005
3718 0006
3718 0007
3718 0008
3718 0009
3718 0010
3718 0011
3718 0012
3718 0013
3718 0014
3718 0015
3718 0016
3725 0000
3725 0001
3725 0002
3725 0003
3725 0004
3725 0005
3725 0006
3725 0007
3725 0008
3725 0009
3725 0010
3725 0011
3725 0012
3725 0013
3725 0014
3725 0015
3725 0016
3725 0017
3725 0018
3725 0019
3725 0020
3725 0021
3725 0022
3727 0000
3727 0001
3727 0002
3727 0003
3727 0004
3727 0005
3727 0006
3727 0007
3727 0008
3727 0009
3727 0010
3727 0011
3727 0012
3727 0013
3727 0014
3727 0015
3727 0016
3727 0017
3727 0018
3727 0019
3727 0020
3727 0021
3727 0022
3727 0023
3727 0024
3727 0025
3727 0026
3727 0027
3728 0000
3728 0001
3728 0002
3728 0003
3728 0004
3728 0005
3728 0006
3728 0007
3728 0008
3728 0009
3728 0010
3728 0011
3728 0012
3728 0013
3728 0014
3728 0015
3728 0016
3728 0017
3728 0018
3728 0019
3728 0020
3728 0021
3728 0022
3728 0023
3728 0024
3728 0025
3729 0000
3729 0001
3729 0002
3729 0003
3729 0004
3729 0005
3729 0006
3729 0007
3729 0008
3729 0009
3729 0010
3729 0011
3729 0012
3729 0013
3729 0014
3729 0015
3729 0016
3729 0017
3729 0018
3729 0019
3729 0020
3729 0021
3730 0000
3730 0001
3730 0002
3730 0003
3730 0004
3730 0005
3730 0006
3730 0007
3730 0008
3730 0009
3730 0010
3730 0011
3730 0012
3730 0013
3730 0014
3730 0015
3730 0016
3730 0017
3730 0018
3730 0019
3730 0020
3730 0021
3730 0022
3732 0000
3732 0001
3732 0002
3732 0003
3732 0004
3732 0005
3732 0006
3732 0007
3732 0008
3732 0009
3732 0010
3732 0011
3732 0012
3732 0013
3732 0014
3732 0015
3732 0016
3732 0017
3732 0018
3753 0000
3753 0001
3753 0002
3753 0003
3753 0004
3753 0005
3753 0006
3753 0007
3753 0008
3753 0009
3753 0010
3753 0011
3753 0012
3753 0013
3753 0014
3753 0015
3753 0016
3753 0017
3753 0018
3753 0019
3753 0020
3753 0021
3753 0022
3753 0023
3753 0024
3753 0025
3753 0026
3756 0000
3756 0001
3756 0002
3756 0003
3756 0004
3756 0005
3756 0006
3756 0007
3756 0008
3756 0009
3756 0010
3756 0011
3756 0012
3756 0013
3756 0014
3756 0015
3756 0016
3756 0017
3756 0018
3756 0019
3756 0020
3756 0021
3758 0000
3758 0001
3758 0002
3758 0003
3758 0004
3758 0005
3758 0006
3758 0007
3758 0008
3758 0009
3758 0010
3758 0011
3758 0012
3758 0013
3758 0014
3758 0015
3758 0016
3758 0017
3758 0018
3758 0019
3758 0020
3758 0021
3758 0022
3758 0023
3759 0000
3759 0001
3759 0002
3759 0003
3759 0004
3759 0005
3759 0006
3759 0007
3759 0008
3759 0009
3759 0010
3759 0011
3759 0012
3759 0013
3759 0014
3759 0015
3759 0016
3759 0017
3759 0018
3759 0019
3760 0000
3760 0001
3760 0002
3760 0003
3760 0004
3760 0005
3760 0006
3760 0007
3760 0008
3760 0009
3760 0010
3760 0011
3760 0012
3760 0013
3760 0014
3760 0015
3760 0016
3760 0017
3760 0018
3760 0019
3760 0020
3760 0021
3760 0022
3762 0000
3762 0001
3762 0002
3762 0003
3762 0004
3762 0005
3762 0006
3762 0007
3762 0008
3762 0009
3762 0010
3762 0011
3762 0012
3762 0013
3762 0014
3762 0015
3762 0016
3762 0017
3762 0018
3762 0019
3762 0020
3762 0021
3762 0022
3762 0023
3762 0024
3762 0025
3762 0026
3762 0027
3762 0028
3762 0029
3762 0030
3762 0031
3762 0032
3764 0000
3764 0001
3764 0002
3764 0003
3764 0004
3764 0005
3764 0006
3764 0007
3764 0008
3764 0009
3764 0010
3764 0011
3764 0012
3764 0013
3764 0014
3764 0015
3764 0016
3764 0017
3764 0018
3766 0000
3766 0001
3766 0002
3766 0003
3766 0004
3766 0005
3766 0006
3766 0007
3766 0008
3766 0009
3766 0010
3766 0011
3766 0012
3766 0013
3766 0014
3766 0015
3766 0016
3766 0017
3766 0018
3766 0019
3766 0020
3766 0021
3766 0022
3766 0023
3766 0024
3773 0000
3773 0001
3773 0002
3773 0003
3773 0004
3773 0005
3773 0006
3773 0007
3773 0008
3773 0009
3773 0010
3773 0011
3773 0012
3773 0013
3773 0014
3773 0015
3773 0016
3773 0017
3773 0018
3773 0019
3773 0020
3773 0021
3773 0022
3773 0023
3773 0024
3773 0025
3773 0026
3773 0027
3774 0000
3774 0001
3774 0002
3774 0003
3774 0004
3774 0005
3774 0006
3774 0007
3774 0008
3774 0009
3774 0010
3774 0011
3774 0012
3774 0013
3774 0014
3774 0015
3774 0016
3774 0017
3774 0018
3774 0019
3774 0020
3774 0021
3774 0022
3774 0023
3774 0024
3774 0025
3774 0026
3775 0000
3775 0001
3775 0002
3775 0003
3775 0004
3775 0005
3775 0006
3775 0007
3775 0008
3775 0009
3775 0010
3775 0011
3775 0012
3775 0013
3775 0014
3775 0015
3775 0016
3775 0017
3775 0018
3775 0019
3775 0020
3775 0021
3775 0022
3775 0023
3775 0024
3775 0025
3775 0026
3778 0000
3778 0001
3778 0002
3778 0003
3778 0004
3778 0005
3778 0006
3778 0007
3778 0008
3778 0009
3778 0010
3778 0011
3778 0012
3778 0013
3778 0014
3778 0015
3778 0016
3778 0017
3778 0018
3778 0019
3778 0020
3778 0021
3778 0022
3778 0023
3778 0024
3778 0025
3778 0026
3778 0027
3781 0000
3781 0001
3781 0002
3781 0003
3781 0004
3781 0005
3781 0006
3781 0007
3781 0008
3781 0009
3781 0010
3781 0011
3781 0012
3781 0013
3781 0014
3781 0015
3781 0016
3781 0017
3781 0018
3781 0019
3781 0020
3781 0021
3781 0022
3781 0023
3781 0024
3782 0000
3782 0001
3782 0002
3782 0003
3782 0004
3782 0005
3782 0006
3782 0007
3782 0008
3782 0009
3782 0010
3782 0011
3782 0012
3782 0013
3782 0014
3782 0015
3782 0016
3782 0017
3782 0018
3782 0019
3782 0020
3782 0021
3782 0022
3784 0000
3784 0001
3784 0002
3784 0003
3784 0004
3784 0005
3784 0006
3784 0007
3784 0008
3784 0009
3784 0010
3784 0011
3784 0012
3784 0013
3784 0014
3784 0015
3784 0016
3785 0000
3785 0001
3785 0002
3785 0003
3785 0004
3785 0005
3785 0006
3785 0007
3785 0008
3785 0009
3785 0010
3785 0011
3785 0012
3787 0000
3787 0001
3787 0002
3787 0003
3787 0004
3787 0005
3787 0006
3787 0007
3787 0008
3787 0009
3787 0010
3787 0011
3787 0012
3787 0013
3787 0014
3791 0000
3791 0001
3791 0002
3791 0003
3791 0004
3791 0005
3791 0006
3791 0007
3791 0008
3791 0009
3791 0010
3791 0011
3791 0012
3791 0013
3791 0014
3791 0015
3791 0016
3791 0017
3791 0018
3791 0019
3791 0020
3791 0021
3791 0022
3791 0023
3791 0024
3791 0025
3791 0026
3791 0027
3791 0028
3791 0029
3792 0000
3792 0001
3792 0002
3792 0003
3792 0004
3792 0005
3792 0006
3792 0007
3792 0008
3792 0009
3792 0010
3792 0011
3792 0012
3792 0013
3792 0014
3792 0015
3796 0000
3796 0001
3796 0002
3796 0003
3796 0004
3796 0005
3796 0006
3796 0007
3796 0008
3796 0009
3796 0010
3796 0011
3796 0012
3796 0013
3796 0014
3796 0015
3796 0016
3796 0017
3800 0000
3800 0001
3800 0002
3800 0003
3800 0004
3800 0005
3800 0006
3800 0007
3800 0008
3800 0009
3800 0010
3800 0011
3800 0012
3800 0013
3800 0014
3800 0015
3800 0016
3800 0017
3800 0018
3800 0019
3800 0020
3800 0021
3800 0022
3800 0023
3800 0024
3800 0025
3805 0000
3805 0001
3805 0002
3805 0003
3805 0004
3805 0005
3805 0006
3805 0007
3805 0008
3805 0009
3805 0010
3805 0011
3805 0012
3805 0013
3805 0014
3805 0015
3805 0016
3805 0017
3805 0018
3805 0019
3806 0000
3806 0001
3806 0002
3806 0003
3806 0004
3806 0005
3806 0006
3806 0007
3806 0008
3806 0009
3806 0010
3806 0011
3806 0012
3806 0013
3806 0014
3806 0015
3806 0016
3807 0000
3807 0001
3807 0002
3807 0003
3807 0004
3807 0005
3807 0006
3807 0007
3807 0008
3807 0009
3807 0010
3807 0011
3815 0000
3815 0001
3815 0002
3815 0003
3815 0004
3815 0005
3815 0006
3815 0007
3815 0008
3815 0009
3815 0010
3815 0011
3815 0012
3815 0013
3815 0014
3815 0015
3815 0016
3815 0017
3815 0018
3820 0000
3820 0001
3820 0002
3820 0003
3820 0004
3820 0005
3820 0006
3820 0007
3820 0008
3820 0009
3820 0010
3820 0011
3820 0012
3820 0013
3820 0014
3820 0015
3822 0000
3822 0001
3822 0002
3822 0003
3822 0004
3822 0005
3822 0006
3822 0007
3822 0008
3822 0009
3822 0010
3822 0011
3822 0012
3822 0013
3822 0014
3822 0015
3822 0016
3822 0017
3822 0018
3822 0019
3822 0020
3823 0000
3823 0001
3823 0002
3823 0003
3823 0004
3823 0005
3823 0006
3823 0007
3823 0008
3823 0009
3823 0010
3823 0011
3823 0012
3823 0013
3823 0014
3823 0015
3823 0016
3823 0017
3823 0018
3823 0019
3823 0020
3823 0021
3823 0022
3823 0023
3823 0024
3823 0025
3823 0026
3823 0027
3823 0028
3823 0029
3823 0030
3827 0000
3827 0001
3827 0002
3827 0003
3827 0004
3827 0005
3827 0006
3827 0007
3827 0008
3827 0009
3827 0010
3827 0011
3827 0012
3827 0013
3827 0014
3827 0015
3827 0016
3827 0017
3827 0018
3827 0019
3827 0020
3827 0021
3827 0022
3827 0023
3827 0024
3833 0000
3833 0001
3833 0002
3833 0003
3833 0004
3833 0005
3833 0006
3833 0007
3833 0008
3833 0009
3833 0010
3833 0011
3833 0012
3833 0013
3833 0014
3833 0015
3833 0016
3833 0017
3833 0018
3833 0019
3833 0020
3833 0021
3833 0022
3833 0023
3847 0000
3847 0001
3847 0002
3847 0003
3847 0004
3847 0005
3847 0006
3847 0007
3847 0008
3847 0009
3847 0010
3847 0011
3847 0012
3847 0013
3847 0014
3847 0015
3847 0016
3847 0017
3847 0018
3847 0019
3847 0020
3847 0021
3847 0022
3847 0023
3847 0024
3847 0025
3847 0026
3847 0027
3851 0000
3851 0001
3851 0002
3851 0003
3851 0004
3851 0005
3851 0006
3851 0007
3851 0008
3851 0009
3851 0010
3851 0011
3851 0012
3851 0013
3851 0014
3851 0015
3852 0000
3852 0001
3852 0002
3852 0003
3852 0004
3852 0005
3852 0006
3852 0007
3852 0008
3852 0009
3852 0010
3852 0011
3852 0012
3852 0013
3852 0014
3852 0015
3852 0016
3852 0017
3852 0018
3852 0019
3852 0020
3852 0021
3852 0022
3852 0023
3852 0024
3852 0025
3859 0000
3859 0001
3859 0002
3859 0003
3859 0004
3859 0005
3859 0006
3859 0007
3859 0008
3859 0009
3859 0010
3859 0011
3859 0012
3859 0013
3859 0014
3859 0015
3859 0016
3859 0017
3859 0018
3859 0019
3859 0020
3859 0021
3859 0022
3859 0023
3859 0024
3859 0025
3859 0026
3859 0027
3859 0028
3859 0029
3859 0030
3865 0000
3865 0001
3865 0002
3865 0003
3865 0004
3865 0005
3865 0006
3865 0007
3865 0008
3865 0009
3865 0010
3865 0011
3865 0012
3865 0013
3865 0014
3865 0015
3865 0016
3865 0017
3865 0018
3865 0019
3865 0020
3865 0021
3865 0022
3865 0023
3865 0024
3866 0000
3866 0001
3866 0002
3866 0003
3866 0004
3866 0005
3866 0006
3866 0007
3866 0008
3866 0009
3866 0010
3866 0011
3866 0012
3866 0013
3866 0014
3866 0015
3867 0000
3867 0001
3867 0002
3867 0003
3867 0004
3867 0005
3867 0006
3867 0007
3867 0008
3867 0009
3867 0010
3867 0011
3867 0012
3867 0013
3867 0014
3867 0015
3867 0016
3867 0017
3867 0018
3867 0019
3867 0020
3867 0021
3867 0022
3867 0023
3867 0024
3867 0025
3867 0026
3867 0027
3869 0000
3869 0001
3869 0002
3869 0003
3869 0004
3869 0005
3869 0006
3869 0007
3869 0008
3869 0009
3869 0010
3869 0011
3869 0012
3869 0013
3869 0014
3876 0000
3876 0001
3876 0002
3876 0003
3876 0004
3876 0005
3876 0006
3876 0007
3876 0008
3876 0009
3876 0010
3876 0011
3876 0012
3876 0013
3876 0014
3876 0015
3876 0016
3876 0017
3876 0018
3876 0019
3876 0020
3876 0021
3876 0022
3876 0023
3877 0000
3877 0001
3877 0002
3877 0003
3877 0004
3877 0005
3877 0006
3877 0007
3877 0008
3877 0009
3877 0010
3877 0011
3877 0012
3877 0013
3877 0014
3877 0015
3877 0016
3877 0017
3877 0018
3877 0019
3877 0020
3877 0021
3877 0022
3877 0023
3877 0024
3877 0025
3877 0026
3877 0027
3882 0000
3882 0001
3882 0002
3882 0003
3882 0004
3882 0005
3882 0006
3882 0007
3882 0008
3882 0009
3882 0010
3882 0011
3882 0012
3882 0013
3882 0014
3882 0015
3882 0016
3882 0017
3882 0018
3882 0019
3882 0020
3882 0021
3882 0022
3882 0023
3882 0024
3882 0025
3882 0026
3882 0027
3882 0028
3882 0029
3882 0030
3884 0000
3884 0001
3884 0002
3884 0003
3884 0004
3884 0005
3884 0006
3884 0007
3884 0008
3884 0009
3884 0010
3884 0011
3884 0012
3884 0013
3884 0014
3884 0015
3884 0016
3884 0017
3884 0018
3884 0019
3884 0020
3884 0021
3884 0022
3884 0023
3887 0000
3887 0001
3887 0002
3887 0003
3887 0004
3887 0005
3887 0006
3887 0007
3887 0008
3887 0009
3887 0010
3887 0011
3887 0012
3887 0013
3887 0014
3887 0015
3887 0016
3887 0017
3887 0018
3887 0019
3887 0020
3887 0021
3887 0022
3887 0023
3887 0024
3887 0025
3889 0000
3889 0001
3889 0002
3889 0003
3889 0004
3889 0005
3889 0006
3889 0007
3889 0008
3889 0009
3889 0010
3889 0011
3889 0012
3889 0013
3889 0014
3889 0015
3889 0016
3889 0017
3889 0018
3889 0019
3889 0020
3889 0021
3889 0022
3889 0023
3890 0000
3890 0001
3890 0002
3890 0003
3890 0004
3890 0005
3890 0006
3890 0007
3890 0008
3890 0009
3890 0010
3890 0011
3890 0012
3890 0013
3890 0014
3890 0015
3890 0016
3890 0017
3890 0018
3890 0019
3890 0020
3890 0021
3890 0022
3890 0023
3890 0024
3899 0000
3899 0001
3899 0002
3899 0003
3899 0004
3899 0005
3899 0006
3899 0007
3899 0008
3899 0009
3899 0010
3899 0011
3899 0012
3899 0013
3899 0014
3899 0015
3899 0016
3899 0017
3901 0000
3901 0001
3901 0002
3901 0003
3901 0004
3901 0005
3901 0006
3901 0007
3901 0008
3901 0009
3901 0010
3901 0011
3901 0012
3901 0013
3901 0014
3901 0015
3901 0016
3906 0000
3906 0001
3906 0002
3906 0003
3906 0004
3906 0005
3906 0006
3906 0007
3906 0008
3906 0009
3906 0010
3906 0011
3906 0012
3906 0013
3906 0014
3906 0015
3906 0016
3906 0017
3906 0018
3906 0019
3906 0020
3906 0021
3906 0022
3906 0023
3915 0000
3915 0001
3915 0002
3915 0003
3915 0004
3915 0005
3915 0006
3915 0007
3915 0008
3915 0009
3915 0010
3915 0011
3915 0012
3915 0013
3915 0014
3915 0015
3915 0016
3915 0017
3916 0000
3916 0001
3916 0002
3916 0003
3916 0004
3916 0005
3916 0006
3916 0007
3916 0008
3916 0009
3916 0010
3916 0011
3916 0012
3916 0013
3916 0014
3916 0015
3916 0016
3916 0017
3916 0018
3916 0019
3919 0000
3919 0001
3919 0002
3919 0003
3919 0004
3919 0005
3919 0006
3919 0007
3919 0008
3919 0009
3919 0010
3919 0011
3919 0012
3919 0013
3919 0014
3919 0015
3919 0016
3919 0017
3920 0000
3920 0001
3920 0002
3920 0003
3920 0004
3920 0005
3920 0006
3920 0007
3920 0008
3920 0009
3920 0010
3920 0011
3920 0012
3920 0013
3920 0014
3920 0015
3920 0016
3920 0017
3920 0018
3920 0019
3920 0020
3920 0021
3920 0022
3920 0023
3920 0024
3920 0025
3922 0000
3922 0001
3922 0002
3922 0003
3922 0004
3922 0005
3922 0006
3922 0007
3922 0008
3922 0009
3922 0010
3922 0011
3922 0012
3922 0013
3922 0014
3922 0015
3922 0016
3922 0017
3922 0018
3922 0019
3922 0020
3922 0021
3922 0022
3922 0023
3922 0024
3922 0025
3927 0000
3927 0001
3927 0002
3927 0003
3927 0004
3927 0005
3927 0006
3927 0007
3927 0008
3927 0009
3927 0010
3927 0011
3927 0012
3927 0013
3927 0014
3931 0000
3931 0001
3931 0002
3931 0003
3931 0004
3931 0005
3931 0006
3931 0007
3931 0008
3931 0009
3931 0010
3931 0011
3931 0012
3931 0013
3931 0014
3931 0015
3931 0016
3931 0017
3931 0018
3931 0019
3932 0000
3932 0001
3932 0002
3932 0003
3932 0004
3932 0005
3932 0006
3932 0007
3932 0008
3932 0009
3932 0010
3932 0011
3932 0012
3932 0013
3932 0014
3932 0015
3932 0016
3932 0017
3932 0018
3932 0019
3932 0020
3932 0021
3932 0022
3932 0023
3932 0024
3932 0025
3932 0026
3932 0027
3932 0028
3932 0029
3932 0030
3933 0000
3933 0001
3933 0002
3933 0003
3933 0004
3933 0005
3933 0006
3933 0007
3933 0008
3933 0009
3933 0010
3933 0011
3933 0012
3933 0013
3933 0014
3933 0015
3933 0016
3933 0017
3933 0018
3933 0019
3937 0000
3937 0001
3937 0002
3937 0003
3937 0004
3937 0005
3937 0006
3937 0007
3937 0008
3937 0009
3937 0010
3937 0011
3937 0012
3937 0013
3937 0014
3937 0015
3937 0016
3937 0017
3937 0018
3937 0019
3937 0020
3937 0021
3937 0022
3937 0023
3937 0024
3937 0025
3937 0026
3937 0027
3938 0000
3938 0001
3938 0002
3938 0003
3938 0004
3938 0005
3938 0006
3938 0007
3938 0008
3938 0009
3938 0010
3938 0011
3938 0012
3950 0000
3950 0001
3950 0002
3950 0003
3950 0004
3950 0005
3950 0006
3950 0007
3950 0008
3950 0009
3950 0010
3950 0011
3950 0012
3950 0013
3950 0014
3950 0015
3950 0016
3950 0017
3950 0018
3950 0019
3950 0020
3950 0021
3950 0022
3950 0023
3950 0024
3950 0025
3950 0026
3955 0000
3955 0001
3955 0002
3955 0003
3955 0004
3955 0005
3955 0006
3955 0007
3955 0008
3955 0009
3955 0010
3955 0011
3955 0012
3955 0013
3955 0014
3955 0015
3955 0016
3955 0017
3955 0018
3955 0019
3955 0020
3955 0021
3955 0022
3955 0023
3955 0024
3955 0025
3959 0000
3959 0001
3959 0002
3959 0003
3959 0004
3959 0005
3959 0006
3959 0007
3959 0008
3959 0009
3959 0010
3959 0011
3959 0012
3959 0013
3959 0014
3959 0015
3959 0016
3959 0017
3959 0018
3959 0019
3959 0020
3959 0021
3959 0022
3959 0023
3962 0000
3962 0001
3962 0002
3962 0003
3962 0004
3962 0005
3962 0006
3962 0007
3962 0008
3962 0009
3962 0010
3962 0011
3962 0012
3962 0013
3962 0014
3962 0015
3962 0016
3962 0017
3962 0018
3962 0019
3962 0020
3962 0021
3962 0022
3962 0023
3962 0024
3962 0025
3962 0026
3962 0027
3962 0028
3962 0029
3962 0030
3962 0031
3962 0032
3962 0033
3970 0000
3970 0001
3970 0002
3970 0003
3970 0004
3970 0005
3970 0006
3970 0007
3970 0008
3970 0009
3970 0010
3970 0011
3970 0012
3970 0013
3970 0014
3970 0015
3970 0016
3970 0017
3970 0018
3970 0019
3970 0020
3970 0021
3970 0022
3970 0023
3970 0024
3970 0025
3970 0026
3970 0027
3970 0028
3970 0029
3970 0030
3974 0000
3974 0001
3974 0002
3974 0003
3974 0004
3974 0005
3974 0006
3974 0007
3974 0008
3974 0009
3974 0010
3974 0011
3974 0012
3974 0013
3974 0014
3974 0015
3974 0016
3974 0017
3974 0018
3975 0000
3975 0001
3975 0002
3975 0003
3975 0004
3975 0005
3975 0006
3975 0007
3975 0008
3975 0009
3975 0010
3975 0011
3975 0012
3975 0013
3975 0014
3975 0015
3975 0016
3975 0017
3975 0018
3975 0019
3975 0020
3975 0021
3975 0022
3975 0023
3980 0000
3980 0001
3980 0002
3980 0003
3980 0004
3980 0005
3980 0006
3980 0007
3980 0008
3980 0009
3980 0010
3980 0011
3980 0012
3980 0013
3980 0014
3980 0015
3980 0016
3980 0017
3980 0018
3980 0019
3980 0020
3980 0021
3980 0022
3980 0023
3980 0024
3980 0025
3980 0026
3980 0027
3980 0028
3984 0000
3984 0001
3984 0002
3984 0003
3984 0004
3984 0005
3984 0006
3984 0007
3984 0008
3984 0009
3984 0010
3984 0011
3984 0012
3984 0013
3984 0014
3984 0015
3984 0016
3984 0017
3984 0018
3984 0019
3984 0020
3984 0021
3984 0022
3984 0023
3984 0024
3984 0025
3984 0026
3984 0027
3990 0000
3990 0001
3990 0002
3990 0003
3990 0004
3990 0005
3990 0006
3990 0007
3990 0008
3990 0009
3990 0010
3990 0011
3990 0012
3990 0013
3990 0014
3990 0015
3990 0016
3990 0017
3990 0018
3990 0019
3990 0020
3990 0021
3991 0000
3991 0001
3991 0002
3991 0003
3991 0004
3991 0005
3991 0006
3991 0007
3991 0008
3991 0009
3991 0010
3991 0011
3991 0012
3991 0013
3991 0014
3991 0015
3991 0016
3991 0017
3991 0018
3991 0019
3991 0020
3991 0021
3991 0022
3991 0023
3991 0024
3998 0000
3998 0001
3998 0002
3998 0003
3998 0004
3998 0005
3998 0006
3998 0007
3998 0008
3998 0009
3998 0010
3998 0011
3998 0012
3998 0013
3998 0014
3998 0015
3998 0016
3998 0017
3998 0018
3998 0019
3998 0020
3998 0021
3998 0022
3998 0023
3998 0024
3998 0025
3998 0026
3998 0027
3999 0000
3999 0001
3999 0002
3999 0003
3999 0004
3999 0005
3999 0006
3999 0007
3999 0008
3999 0009
3999 0010
3999 0011
3999 0012
3999 0013
3999 0014
3999 0015
3999 0016
3999 0017
3999 0018
3999 0019
3999 0020
3999 0021
3999 0022
3999 0023
3999 0024
3999 0025
3999 0026
3999 0027
4017 0000
4017 0001
4017 0002
4017 0003
4017 0004
4017 0005
4017 0006
4017 0007
4017 0008
4017 0009
4017 0010
4017 0011
4017 0012
4017 0013
4017 0014
4017 0015
4017 0016
4017 0017
4021 0000
4021 0001
4021 0002
4021 0003
4021 0004
4021 0005
4021 0006
4021 0007
4021 0008
4021 0009
4021 0010
4021 0011
4021 0012
4021 0013
4021 0014
4021 0015
4023 0000
4023 0001
4023 0002
4023 0003
4023 0004
4023 0005
4023 0006
4023 0007
4023 0008
4023 0009
4023 0010
4023 0011
4023 0012
4023 0013
4023 0014
4023 0015
4023 0016
4023 0017
4023 0018
4023 0019
4023 0020
4023 0021
4023 0022
4023 0023
4023 0024
4023 0025
4024 0000
4024 0001
4024 0002
4024 0003
4024 0004
4024 0005
4024 0006
4024 0007
4024 0008
4024 0009
4024 0010
4024 0011
4024 0012
4024 0013
4024 0014
4024 0015
4024 0016
4024 0017
4024 0018
4024 0019
4024 0020
4024 0021
4024 0022
4024 0023
4024 0024
4024 0025
4024 0026
4024 0027
4024 0028
4024 0029
4025 0000
4025 0001
4025 0002
4025 0003
4025 0004
4025 0005
4025 0006
4025 0007
4025 0008
4025 0009
4025 0010
4025 0011
4025 0012
4025 0013
4025 0014
4025 0015
4025 0016
4025 0017
4025 0018
4025 0019
4025 0020
4025 0021
4025 0022
4025 0023
4025 0024
4025 0025
4025 0026
4025 0027
4025 0028
4032 0000
4032 0001
4032 0002
4032 0003
4032 0004
4032 0005
4032 0006
4032 0007
4032 0008
4032 0009
4032 0010
4032 0011
4032 0012
4032 0013
4032 0014
4032 0015
4032 0016
4032 0017
4032 0018
4032 0019
4032 0020
4032 0021
4032 0022
4032 0023
4032 0024
4032 0025
4032 0026
4032 0027
4032 0028
4032 0029
4032 0030
4032 0031
4032 0032
4032 0033
4037 0000
4037 0001
4037 0002
4037 0003
4037 0004
4037 0005
4037 0006
4037 0007
4037 0008
4037 0009
4037 0010
4037 0011
4037 0012
4037 0013
4037 0014
4037 0015
4037 0016
4037 0017
4037 0018
4037 0019
4037 0020
4041 0000
4041 0001
4041 0002
4041 0003
4041 0004
4041 0005
4041 0006
4041 0007
4041 0008
4041 0009
4041 0010
4041 0011
4041 0012
4041 0013
4041 0014
4041 0015
4041 0016
4041 0017
4047 0000
4047 0001
4047 0002
4047 0003
4047 0004
4047 0005
4047 0006
4047 0007
4047 0008
4047 0009
4047 0010
4047 0011
4047 0012
4047 0013
4047 0014
4047 0015
4047 0016
4047 0017
4047 0018
4047 0019
4047 0020
4047 0021
4047 0022
4056 0000
4056 0001
4056 0002
4056 0003
4056 0004
4056 0005
4056 0006
4056 0007
4056 0008
4056 0009
4056 0010
4056 0011
4056 0012
4056 0013
4056 0014
4056 0015
4056 0016
4056 0017
4056 0018
4056 0019
4056 0020
4056 0021
4056 0022
4056 0023
4056 0024
4056 0025
4056 0026
4056 0027
4056 0028
4057 0000
4057 0001
4057 0002
4057 0003
4057 0004
4057 0005
4057 0006
4057 0007
4057 0008
4057 0009
4057 0010
4057 0011
4057 0012
4057 0013
4057 0014
4057 0015
4057 0016
4057 0017
4057 0018
4057 0019
4057 0020
4057 0021
4058 0000
4058 0001
4058 0002
4058 0003
4058 0004
4058 0005
4058 0006
4058 0007
4058 0008
4058 0009
4058 0010
4058 0011
4058 0012
4058 0013
4058 0014
4058 0015
4058 0016
4058 0017
4058 0018
4058 0019
4058 0020
4058 0021
4058 0022
4058 0023
4058 0024
4058 0025
4058 0026
4058 0027
4058 0028
4058 0029
4058 0030
4059 0000
4059 0001
4059 0002
4059 0003
4059 0004
4059 0005
4059 0006
4059 0007
4059 0008
4059 0009
4059 0010
4059 0011
4059 0012
4059 0013
4059 0014
4059 0015
4059 0016
4059 0017
4059 0018
4059 0019
4059 0020
4059 0021
4059 0022
4059 0023
4059 0024
4059 0025
4063 0000
4063 0001
4063 0002
4063 0003
4063 0004
4063 0005
4063 0006
4063 0007
4063 0008
4063 0009
4063 0010
4063 0011
4063 0012
4063 0013
4063 0014
4063 0015
4063 0016
4063 0017
4063 0018
4063 0019
4063 0020
4063 0021
4063 0022
4063 0023
4063 0024
4063 0025
4063 0026
4063 0027
4063 0028
4063 0029
4066 0000
4066 0001
4066 0002
4066 0003
4066 0004
4066 0005
4066 0006
4066 0007
4066 0008
4066 0009
4066 0010
4066 0011
4071 0000
4071 0001
4071 0002
4071 0003
4071 0004
4071 0005
4071 0006
4071 0007
4071 0008
4071 0009
4071 0010
4071 0011
4071 0012
4071 0013
4071 0014
4071 0015
4071 0016
4071 0017
4071 0018
4072 0000
4072 0001
4072 0002
4072 0003
4072 0004
4072 0005
4072 0006
4072 0007
4072 0008
4072 0009
4072 0010
4072 0011
4072 0012
4072 0013
4072 0014
4072 0015
4072 0016
4072 0017
4072 0018
4072 0019
4074 0000
4074 0001
4074 0002
4074 0003
4074 0004
4074 0005
4074 0006
4074 0007
4074 0008
4074 0009
4074 0010
4074 0011
4074 0012
4074 0013
4074 0014
4074 0015
4074 0016
4074 0017
4074 0018
4074 0019
4074 0020
4074 0021
4074 0022
4077 0000
4077 0001
4077 0002
4077 0003
4077 0004
4077 0005
4077 0006
4077 0007
4077 0008
4077 0009
4077 0010
4077 0011
4077 0012
4077 0013
4077 0014
4077 0015
4077 0016
4077 0017
4077 0018
4077 0019
4077 0020
4077 0021
4080 0000
4080 0001
4080 0002
4080 0003
4080 0004
4080 0005
4080 0006
4080 0007
4080 0008
4080 0009
4080 0010
4080 0011
4080 0012
4080 0013
4080 0014
4080 0015
4080 0016
4080 0017
4080 0018
4080 0019
4080 0020
4080 0021
4080 0022
4080 0023
4080 0024
4080 0025
4082 0000
4082 0001
4082 0002
4082 0003
4082 0004
4082 0005
4082 0006
4082 0007
4082 0008
4082 0009
4082 0010
4082 0011
4082 0012
4082 0013
4082 0014
4082 0015
4082 0016
4082 0017
4082 0018
4082 0019
4082 0020
4082 0021
4082 0022
4082 0023
4082 0024
4086 0000
4086 0001
4086 0002
4086 0003
4086 0004
4086 0005
4086 0006
4086 0007
4086 0008
4086 0009
4086 0010
4086 0011
4086 0012
4086 0013
4086 0014
4086 0015
4086 0016
4086 0017
4086 0018
4086 0019
4092 0000
4092 0001
4092 0002
4092 0003
4092 0004
4092 0005
4092 0006
4092 0007
4092 0008
4092 0009
4092 0010
4092 0011
4092 0012
4092 0013
4092 0014
4094 0000
4094 0001
4094 0002
4094 0003
4094 0004
4094 0005
4094 0006
4094 0007
4094 0008
4094 0009
4094 0010
4094 0011
4094 0012
4094 0013
4094 0014
4094 0015
4094 0016
4094 0017
4094 0018
4094 0019
4094 0020
4094 0021
4094 0022
4094 0023
4094 0024
4094 0025
4094 0026
4100 0000
4100 0001
4100 0002
4100 0003
4100 0004
4100 0005
4100 0006
4100 0007
4100 0008
4100 0009
4100 0010
4100 0011
4100 0012
4100 0013
4100 0014
4107 0000
4107 0001
4107 0002
4107 0003
4107 0004
4107 0005
4107 0006
4107 0007
4107 0008
4107 0009
4107 0010
4107 0011
4107 0012
4107 0013
4107 0014
4107 0015
4107 0016
4107 0017
4107 0018
4107 0019
4107 0020
4107 0021
4107 0022
4107 0023
4107 0024
4107 0025
4107 0026
4107 0027
4107 0028
4107 0029
4109 0000
4109 0001
4109 0002
4109 0003
4109 0004
4109 0005
4109 0006
4109 0007
4109 0008
4109 0009
4109 0010
4109 0011
4109 0012
4109 0013
4109 0014
4109 0015
4109 0016
4109 0017
4109 0018
4118 0000
4118 0001
4118 0002
4118 0003
4118 0004
4118 0005
4118 0006
4118 0007
4118 0008
4118 0009
4118 0010
4118 0011
4118 0012
4118 0013
4118 0014
4118 0015
4118 0016
4118 0017
4118 0018
4118 0019
4118 0020
4118 0021
4118 0022
4118 0023
4118 0024
4118 0025
4119 0000
4119 0001
4119 0002
4119 0003
4119 0004
4119 0005
4119 0006
4119 0007
4119 0008
4119 0009
4119 0010
4119 0011
4119 0012
4119 0013
4119 0014
4119 0015
4119 0016
4119 0017
4119 0018
4119 0019
4119 0020
4119 0021
4122 0000
4122 0001
4122 0002
4122 0003
4122 0004
4122 0005
4122 0006
4122 0007
4122 0008
4122 0009
4122 0010
4122 0011
4122 0012
4122 0013
4122 0014
4122 0015
4122 0016
4122 0017
4122 0018
4122 0019
4122 0020
4125 0000
4125 0001
4125 0002
4125 0003
4125 0004
4125 0005
4125 0006
4125 0007
4125 0008
4125 0009
4125 0010
4125 0011
4125 0012
4125 0013
4125 0014
4125 0015
4125 0016
4125 0017
4125 0018
4125 0019
4125 0020
4125 0021
4125 0022
4126 0000
4126 0001
4126 0002
4126 0003
4126 0004
4126 0005
4126 0006
4126 0007
4126 0008
4126 0009
4126 0010
4126 0011
4126 0012
4126 0013
4126 0014
4126 0015
4126 0016
4126 0017
4126 0018
4126 0019
4126 0020
4126 0021
4129 0000
4129 0001
4129 0002
4129 0003
4129 0004
4129 0005
4129 0006
4129 0007
4129 0008
4129 0009
4129 0010
4129 0011
4129 0012
4129 0013
4129 0014
4129 0015
4129 0016
4129 0017
4129 0018
4129 0019
4129 0020
4129 0021
4129 0022
4129 0023
4129 0024
4129 0025
4130 0000
4130 0001
4130 0002
4130 0003
4130 0004
4130 0005
4130 0006
4130 0007
4130 0008
4130 0009
4130 0010
4130 0011
4130 0012
4130 0013
4130 0014
4130 0015
4130 0016
4130 0017
4130 0018
4130 0019
4130 0020
4130 0021
4130 0022
4130 0023
4130 0024
4140 0000
4140 0001
4140 0002
4140 0003
4140 0004
4140 0005
4140 0006
4140 0007
4140 0008
4140 0009
4140 0010
4140 0011
4140 0012
4140 0013
4140 0014
4140 0015
4140 0016
4140 0017
4140 0018
4140 0019
4140 0020
4140 0021
4140 0022
4140 0023
4140 0024
4140 0025
4140 0026
4141 0000
4141 0001
4141 0002
4141 0003
4141 0004
4141 0005
4141 0006
4141 0007
4141 0008
4141 0009
4141 0010
4141 0011
4141 0012
4141 0013
4141 0014
4141 0015
4141 0016
4141 0017
4141 0018
4141 0019
4141 0020
4141 0021
4141 0022
4144 0000
4144 0001
4144 0002
4144 0003
4144 0004
4144 0005
4144 0006
4144 0007
4144 0008
4144 0009
4144 0010
4144 0011
4144 0012
4144 0013
4144 0014
4144 0015
4144 0016
4144 0017
4144 0018
4144 0019
4144 0020
4144 0021
4144 0022
4144 0023
4145 0000
4145 0001
4145 0002
4145 0003
4145 0004
4145 0005
4145 0006
4145 0007
4145 0008
4145 0009
4145 0010
4145 0011
4145 0012
4145 0013
4145 0014
4145 0015
4145 0016
4145 0017
4145 0018
4145 0019
4145 0020
4147 0000
4147 0001
4147 0002
4147 0003
4147 0004
4147 0005
4147 0006
4147 0007
4147 0008
4147 0009
4147 0010
4147 0011
4147 0012
4147 0013
4147 0014
4147 0015
4147 0016
4147 0017
4147 0018
4147 0019
4147 0020
4147 0021
4147 0022
4147 0023
4147 0024
4147 0025
4148 0000
4148 0001
4148 0002
4148 0003
4148 0004
4148 0005
4148 0006
4148 0007
4148 0008
4148 0009
4148 0010
4148 0011
4148 0012
4148 0013
4148 0014
4148 0015
4148 0016
4148 0017
4148 0018
4148 0019
4148 0020
4149 0000
4149 0001
4149 0002
4149 0003
4149 0004
4149 0005
4149 0006
4149 0007
4149 0008
4149 0009
4149 0010
4149 0011
4149 0012
4149 0013
4149 0014
4149 0015
4149 0016
4149 0017
4149 0018
4149 0019
4149 0020
4149 0021
4149 0022
4149 0023
4157 0000
4157 0001
4157 0002
4157 0003
4157 0004
4157 0005
4157 0006
4157 0007
4157 0008
4157 0009
4157 0010
4157 0011
4157 0012
4157 0013
4157 0014
4157 0015
4157 0016
4157 0017
4157 0018
4157 0019
4157 0020
4157 0021
4157 0022
4157 0023
4157 0024
4157 0025
4157 0026
4158 0000
4158 0001
4158 0002
4158 0003
4158 0004
4158 0005
4158 0006
4158 0007
4158 0008
4158 0009
4158 0010
4158 0011
4158 0012
4158 0013
4158 0014
4158 0015
4158 0016
4158 0017
4158 0018
4158 0019
4158 0020
4158 0021
4158 0022
4158 0023
4158 0024
4161 0000
4161 0001
4161 0002
4161 0003
4161 0004
4161 0005
4161 0006
4161 0007
4161 0008
4161 0009
4161 0010
4161 0011
4161 0012
4161 0013
4161 0014
4161 0015
4161 0016
4161 0017
4162 0000
4162 0001
4162 0002
4162 0003
4162 0004
4162 0005
4162 0006
4162 0007
4162 0008
4162 0009
4162 0010
4162 0011
4162 0012
4162 0013
4162 0014
4162 0015
4162 0016
4162 0017
4162 0018
4162 0019
4162 0020
4162 0021
4162 0022
4162 0023
4162 0024
4163 0000
4163 0001
4163 0002
4163 0003
4163 0004
4163 0005
4163 0006
4163 0007
4163 0008
4163 0009
4163 0010
4163 0011
4163 0012
4163 0013
4163 0014
4163 0015
4163 0016
4163 0017
4163 0018
4163 0019
4163 0020
4163 0021
4163 0022
4164 0000
4164 0001
4164 0002
4164 0003
4164 0004
4164 0005
4164 0006
4164 0007
4164 0008
4164 0009
4164 0010
4164 0011
4164 0012
4164 0013
4164 0014
4164 0015
4164 0016
4164 0017
4164 0018
4164 0019
4164 0020
4164 0021
4164 0022
4164 0023
4164 0024
4164 0025
4166 0000
4166 0001
4166 0002
4166 0003
4166 0004
4166 0005
4166 0006
4166 0007
4166 0008
4166 0009
4166 0010
4166 0011
4166 0012
4166 0013
4166 0014
4166 0015
4166 0016
4166 0017
4166 0018
4166 0019
4166 0020
4166 0021
4166 0022
4166 0023
4168 0000
4168 0001
4168 0002
4168 0003
4168 0004
4168 0005
4168 0006
4168 0007
4168 0008
4168 0009
4168 0010
4168 0011
4168 0012
4168 0013
4168 0014
4168 0015
4168 0016
4168 0017
4168 0018
4168 0019
4168 0020
4168 0021
4168 0022
4168 0023
4168 0024
4168 0025
4168 0026
4170 0000
4170 0001
4170 0002
4170 0003
4170 0004
4170 0005
4170 0006
4170 0007
4170 0008
4170 0009
4170 0010
4170 0011
4170 0012
4170 0013
4170 0014
4170 0015
4170 0016
4170 0017
4170 0018
4170 0019
4170 0020
4170 0021
4170 0022
4170 0023
4170 0024
4170 0025
4170 0026
4170 0027
4170 0028
4171 0000
4171 0001
4171 0002
4171 0003
4171 0004
4171 0005
4171 0006
4171 0007
4171 0008
4171 0009
4171 0010
4171 0011
4171 0012
4171 0013
4171 0014
4171 0015
4171 0016
4171 0017
4171 0018
4176 0000
4176 0001
4176 0002
4176 0003
4176 0004
4176 0005
4176 0006
4176 0007
4176 0008
4176 0009
4176 0010
4176 0011
4176 0012
4176 0013
4176 0014
4176 0015
4176 0016
4176 0017
4176 0018
4176 0019
4176 0020
4176 0021
4176 0022
4176 0023
4176 0024
4176 0025
4181 0000
4181 0001
4181 0002
4181 0003
4181 0004
4181 0005
4181 0006
4181 0007
4181 0008
4181 0009
4181 0010
4181 0011
4181 0012
4181 0013
4181 0014
4181 0015
4181 0016
4181 0017
4181 0018
4181 0019
4181 0020
4182 0000
4182 0001
4182 0002
4182 0003
4182 0004
4182 0005
4182 0006
4182 0007
4182 0008
4182 0009
4182 0010
4182 0011
4182 0012
4182 0013
4182 0014
4182 0015
4182 0016
4182 0017
4182 0018
4182 0019
4182 0020
4182 0021
4182 0022
4182 0023
4183 0000
4183 0001
4183 0002
4183 0003
4183 0004
4183 0005
4183 0006
4183 0007
4183 0008
4183 0009
4183 0010
4183 0011
4183 0012
4183 0013
4183 0014
4183 0015
4183 0016
4183 0017
4183 0018
4183 0019
4183 0020
4183 0021
4183 0022
4183 0023
4188 0000
4188 0001
4188 0002
4188 0003
4188 0004
4188 0005
4188 0006
4188 0007
4188 0008
4188 0009
4188 0010
4188 0011
4188 0012
4188 0013
4188 0014
4188 0015
4188 0016
4193 0000
4193 0001
4193 0002
4193 0003
4193 0004
4193 0005
4193 0006
4193 0007
4193 0008
4193 0009
4193 0010
4193 0011
4193 0012
4193 0013
4193 0014
4193 0015
4193 0016
4193 0017
4193 0018
4193 0019
4193 0020
4193 0021
4193 0022
4193 0023
4193 0024
4193 0025
4193 0026
4193 0027
4197 0000
4197 0001
4197 0002
4197 0003
4197 0004
4197 0005
4197 0006
4197 0007
4197 0008
4197 0009
4197 0010
4197 0011
4197 0012
4197 0013
4197 0014
4197 0015
4197 0016
4197 0017
4197 0018
4197 0019
4197 0020
4197 0021
4197 0022
4197 0023
4197 0024
4197 0025
4197 0026
4197 0027
4197 0028
4197 0029
4197 0030
4197 0031
4197 0032
4198 0000
4198 0001
4198 0002
4198 0003
4198 0004
4198 0005
4198 0006
4198 0007
4198 0008
4198 0009
4198 0010
4198 0011
4198 0012
4198 0013
4198 0014
4198 0015
4198 0016
4209 0000
4209 0001
4209 0002
4209 0003
4209 0004
4209 0005
4209 0006
4209 0007
4209 0008
4209 0009
4209 0010
4209 0011
4209 0012
4209 0013
4209 0014
4209 0015
4209 0016
4209 0017
4209 0018
4209 0019
4209 0020
4209 0021
4209 0022
4209 0023
4209 0024
4209 0025
4209 0026
4209 0027
4209 0028
4213 0000
4213 0001
4213 0002
4213 0003
4213 0004
4213 0005
4213 0006
4213 0007
4213 0008
4213 0009
4213 0010
4213 0011
4213 0012
4213 0013
4213 0014
4213 0015
4213 0016
4213 0017
4219 0000
4219 0001
4219 0002
4219 0003
4219 0004
4219 0005
4219 0006
4219 0007
4219 0008
4219 0009
4219 0010
4219 0011
4219 0012
4219 0013
4219 0014
4219 0015
4223 0000
4223 0001
4223 0002
4223 0003
4223 0004
4223 0005
4223 0006
4223 0007
4223 0008
4223 0009
4223 0010
4223 0011
4223 0012
4223 0013
4223 0014
4223 0015
4223 0016
4223 0017
4223 0018
4223 0019
4223 0020
4223 0021
4223 0022
4223 0023
4229 0000
4229 0001
4229 0002
4229 0003
4229 0004
4229 0005
4229 0006
4229 0007
4229 0008
4229 0009
4229 0010
4229 0011
4229 0012
4229 0013
4229 0014
4229 0015
4229 0016
4229 0017
4229 0018
4229 0019
4229 0020
4229 0021
4229 0022
4229 0023
4229 0024
4231 0000
4231 0001
4231 0002
4231 0003
4231 0004
4231 0005
4231 0006
4231 0007
4231 0008
4231 0009
4231 0010
4231 0011
4231 0012
4231 0013
4232 0000
4232 0001
4232 0002
4232 0003
4232 0004
4232 0005
4232 0006
4232 0007
4232 0008
4232 0009
4232 0010
4232 0011
4232 0012
4232 0013
4232 0014
4232 0015
4232 0016
4232 0017
4232 0018
4232 0019
4232 0020
4232 0021
4232 0022
4232 0023
4232 0024
4232 0025
4232 0026
4232 0027
4232 0028
4235 0000
4235 0001
4235 0002
4235 0003
4235 0004
4235 0005
4235 0006
4235 0007
4235 0008
4235 0009
4235 0010
4235 0011
4235 0012
4235 0013
4235 0014
4235 0015
4235 0016
4235 0017
4235 0018
4235 0019
4235 0020
4235 0021
4235 0022
4235 0023
4235 0024
4235 0025
4235 0026
4235 0027
4235 0028
4235 0029
4235 0030
4238 0000
4238 0001
4238 0002
4238 0003
4238 0004
4238 0005
4238 0006
4238 0007
4238 0008
4238 0009
4238 0010
4238 0011
4238 0012
4238 0013
4238 0014
4238 0015
4238 0016
4238 0017
4238 0018
4238 0019
4241 0000
4241 0001
4241 0002
4241 0003
4241 0004
4241 0005
4241 0006
4241 0007
4241 0008
4241 0009
4241 0010
4241 0011
4241 0012
4241 0013
4241 0014
4241 0015
4241 0016
4241 0017
4241 0018
4248 0000
4248 0001
4248 0002
4248 0003
4248 0004
4248 0005
4248 0006
4248 0007
4248 0008
4248 0009
4248 0010
4248 0011
4248 0012
4248 0013
4248 0014
4248 0015
4248 0016
4248 0017
4248 0018
4248 0019
4249 0000
4249 0001
4249 0002
4249 0003
4249 0004
4249 0005
4249 0006
4249 0007
4249 0008
4249 0009
4249 0010
4249 0011
4249 0012
4249 0013
4249 0014
4249 0015
4249 0016
4249 0017
4249 0018
4249 0019
4249 0020
4249 0021
4249 0022
4249 0023
4249 0024
4252 0000
4252 0001
4252 0002
4252 0003
4252 0004
4252 0005
4252 0006
4252 0007
4252 0008
4252 0009
4252 0010
4252 0011
4252 0012
4252 0013
4252 0014
4252 0015
4252 0016
4252 0017
4252 0018
4252 0019
4252 0020
4252 0021
4252 0022
4252 0023
4252 0024
4259 0000
4259 0001
4259 0002
4259 0003
4259 0004
4259 0005
4259 0006
4259 0007
4259 0008
4259 0009
4259 0010
4259 0011
4264 0000
4264 0001
4264 0002
4264 0003
4264 0004
4264 0005
4264 0006
4264 0007
4264 0008
4264 0009
4264 0010
4264 0011
4264 0012
4264 0013
4264 0014
4264 0015
4264 0016
4264 0017
4264 0018
4264 0019
4264 0020
4265 0000
4265 0001
4265 0002
4265 0003
4265 0004
4265 0005
4265 0006
4265 0007
4265 0008
4265 0009
4265 0010
4265 0011
4265 0012
4265 0013
4265 0014
4265 0015
4265 0016
4270 0000
4270 0001
4270 0002
4270 0003
4270 0004
4270 0005
4270 0006
4270 0007
4270 0008
4270 0009
4270 0010
4270 0011
4270 0012
4270 0013
4270 0014
4270 0015
4270 0016
4270 0017
4270 0018
4270 0019
4270 0020
4270 0021
4272 0000
4272 0001
4272 0002
4272 0003
4272 0004
4272 0005
4272 0006
4272 0007
4272 0008
4272 0009
4272 0010
4272 0011
4272 0012
4272 0013
4272 0014
4272 0015
4272 0016
4272 0017
4272 0018
4272 0019
4272 0020
4272 0021
4272 0022
4272 0023
4272 0024
4273 0000
4273 0001
4273 0002
4273 0003
4273 0004
4273 0005
4273 0006
4273 0007
4273 0008
4273 0009
4273 0010
4273 0011
4273 0012
4273 0013
4273 0014
4273 0015
4273 0016
4273 0017
4273 0018
4273 0019
4274 0000
4274 0001
4274 0002
4274 0003
4274 0004
4274 0005
4274 0006
4274 0007
4274 0008
4274 0009
4274 0010
4274 0011
4274 0012
4274 0013
4274 0014
4274 0015
4274 0016
4274 0017
4274 0018
4274 0019
4274 0020
4274 0021
4277 0000
4277 0001
4277 0002
4277 0003
4277 0004
4277 0005
4277 0006
4277 0007
4277 0008
4277 0009
4277 0010
4277 0011
4277 0012
4277 0013
4277 0014
4277 0015
4277 0016
4277 0017
4277 0018
4277 0019
4277 0020
4277 0021
4277 0022
4277 0023
4277 0024
4286 0000
4286 0001
4286 0002
4286 0003
4286 0004
4286 0005
4286 0006
4286 0007
4286 0008
4286 0009
4286 0010
4286 0011
4286 0012
4286 0013
4286 0014
4286 0015
4289 0000
4289 0001
4289 0002
4289 0003
4289 0004
4289 0005
4289 0006
4289 0007
4289 0008
4289 0009
4289 0010
4289 0011
4289 0012
4289 0013
4289 0014
4289 0015
4289 0016
4289 0017
4289 0018
4289 0019
4290 0000
4290 0001
4290 0002
4290 0003
4290 0004
4290 0005
4290 0006
4290 0007
4290 0008
4290 0009
4290 0010
4290 0011
4290 0012
4290 0013
4290 0014
4290 0015
4290 0016
4290 0017
4290 0018
4290 0019
4290 0020
4290 0021
4290 0022
4290 0023
4290 0024
4301 0000
4301 0001
4301 0002
4301 0003
4301 0004
4301 0005
4301 0006
4301 0007
4301 0008
4301 0009
4301 0010
4301 0011
4301 0012
4301 0013
4301 0014
4301 0015
4301 0016
4301 0017
4301 0018
4304 0000
4304 0001
4304 0002
4304 0003
4304 0004
4304 0005
4304 0006
4304 0007
4304 0008
4304 0009
4304 0010
4304 0011
4304 0012
4304 0013
4304 0014
4304 0015
4304 0016
4304 0017
4304 0018
4304 0019
4304 0020
4304 0021
4304 0022
4304 0023
4304 0024
4304 0025
4309 0000
4309 0001
4309 0002
4309 0003
4309 0004
4309 0005
4309 0006
4309 0007
4309 0008
4309 0009
4309 0010
4309 0011
4309 0012
4309 0013
4309 0014
4309 0015
4309 0016
4309 0017
4309 0018
4309 0019
4309 0020
4309 0021
4313 0000
4313 0001
4313 0002
4313 0003
4313 0004
4313 0005
4313 0006
4313 0007
4313 0008
4313 0009
4313 0010
4313 0011
4313 0012
4313 0013
4313 0014
4313 0015
4313 0016
4313 0017
4313 0018
4313 0019
4313 0020
4313 0021
4313 0022
4313 0023
4313 0024
4317 0000
4317 0001
4317 0002
4317 0003
4317 0004
4317 0005
4317 0006
4317 0007
4317 0008
4317 0009
4317 0010
4317 0011
4317 0012
4317 0013
4317 0014
4317 0015
4317 0016
4318 0000
4318 0001
4318 0002
4318 0003
4318 0004
4318 0005
4318 0006
4318 0007
4318 0008
4318 0009
4318 0010
4318 0011
4319 0000
4319 0001
4319 0002
4319 0003
4319 0004
4319 0005
4319 0006
4319 0007
4319 0008
4319 0009
4319 0010
4319 0011
4319 0012
4319 0013
4319 0014
4319 0015
4319 0016
4319 0017
4319 0018
4319 0019
4319 0020
4322 0000
4322 0001
4322 0002
4322 0003
4322 0004
4322 0005
4322 0006
4322 0007
4322 0008
4322 0009
4322 0010
4322 0011
4322 0012
4322 0013
4322 0014
4322 0015
4322 0016
4322 0017
4322 0018
4322 0019
4322 0020
4322 0021
4322 0022
4322 0023
4322 0024
4322 0025
4322 0026
4322 0027
4322 0028
4322 0029
4324 0000
4324 0001
4324 0002
4324 0003
4324 0004
4324 0005
4324 0006
4324 0007
4324 0008
4324 0009
4324 0010
4324 0011
4324 0012
4324 0013
4324 0014
4324 0015
4324 0016
4325 0000
4325 0001
4325 0002
4325 0003
4325 0004
4325 0005
4325 0006
4325 0007
4325 0008
4325 0009
4325 0010
4325 0011
4325 0012
4325 0013
4325 0014
4325 0015
4325 0016
4325 0017
4325 0018
4326 0000
4326 0001
4326 0002
4326 0003
4326 0004
4326 0005
4326 0006
4326 0007
4326 0008
4326 0009
4326 0010
4326 0011
4326 0012
4326 0013
4326 0014
4326 0015
4326 0016
4326 0017
4326 0018
4326 0019
4326 0020
4326 0021
4334 0000
4334 0001
4334 0002
4334 0003
4334 0004
4334 0005
4334 0006
4334 0007
4334 0008
4334 0009
4334 0010
4334 0011
4334 0012
4334 0013
4334 0014
4334 0015
4334 0016
4334 0017
4334 0018
4334 0019
4335 0000
4335 0001
4335 0002
4335 0003
4335 0004
4335 0005
4335 0006
4335 0007
4335 0008
4335 0009
4335 0010
4335 0011
4335 0012
4335 0013
4335 0014
4335 0015
4335 0016
4335 0017
4335 0018
4335 0019
4335 0020
4335 0021
4335 0022
4342 0000
4342 0001
4342 0002
4342 0003
4342 0004
4342 0005
4342 0006
4342 0007
4342 0008
4342 0009
4342 0010
4342 0011
4342 0012
4342 0013
4342 0014
4342 0015
4342 0016
4342 0017
4342 0018
4342 0019
4342 0020
4345 0000
4345 0001
4345 0002
4345 0003
4345 0004
4345 0005
4345 0006
4345 0007
4345 0008
4345 0009
4345 0010
4345 0011
4345 0012
4345 0013
4351 0000
4351 0001
4351 0002
4351 0003
4351 0004
4351 0005
4351 0006
4351 0007
4351 0008
4351 0009
4351 0010
4351 0011
4351 0012
4351 0013
4351 0014
4351 0015
4351 0016
4351 0017
4352 0000
4352 0001
4352 0002
4352 0003
4352 0004
4352 0005
4352 0006
4352 0007
4352 0008
4352 0009
4352 0010
4352 0011
4352 0012
4352 0013
4352 0014
4352 0015
4352 0016
4352 0017
4352 0018
4352 0019
4352 0020
4354 0000
4354 0001
4354 0002
4354 0003
4354 0004
4354 0005
4354 0006
4354 0007
4354 0008
4354 0009
4354 0010
4354 0011
4354 0012
4354 0013
4354 0014
4354 0015
4354 0016
4354 0017
4354 0018
4354 0019
4354 0020
4356 0000
4356 0001
4356 0002
4356 0003
4356 0004
4356 0005
4356 0006
4356 0007
4356 0008
4356 0009
4356 0010
4356 0011
4356 0012
4356 0013
4356 0014
4356 0015
4356 0016
4356 0017
4356 0018
4356 0019
4360 0000
4360 0001
4360 0002
4360 0003
4360 0004
4360 0005
4360 0006
4360 0007
4360 0008
4360 0009
4360 0010
4360 0011
4360 0012
4360 0013
4360 0014
4360 0015
4360 0016
4360 0017
4360 0018
4360 0019
4360 0020
4360 0021
4360 0022
4360 0023
4360 0024
4360 0025
4360 0026
4360 0027
4360 0028
4360 0029
4360 0030
4360 0031
4362 0000
4362 0001
4362 0002
4362 0003
4362 0004
4362 0005
4362 0006
4362 0007
4362 0008
4362 0009
4362 0010
4362 0011
4362 0012
4362 0013
4362 0014
4362 0015
4362 0016
4362 0017
4362 0018
4362 0019
4362 0020
4362 0021
4362 0022
4362 0023
4362 0024
4362 0025
4370 0000
4370 0001
4370 0002
4370 0003
4370 0004
4370 0005
4370 0006
4370 0007
4370 0008
4370 0009
4370 0010
4370 0011
4370 0012
4370 0013
4370 0014
4370 0015
4370 0016
4370 0017
4370 0018
4370 0019
4370 0020
4370 0021
4370 0022
4370 0023
4370 0024
4370 0025
4370 0026
4375 0000
4375 0001
4375 0002
4375 0003
4375 0004
4375 0005
4375 0006
4375 0007
4375 0008
4375 0009
4375 0010
4375 0011
4375 0012
4375 0013
4375 0014
4375 0015
4375 0016
4375 0017
4375 0018
4375 0019
4381 0000
4381 0001
4381 0002
4381 0003
4381 0004
4381 0005
4381 0006
4381 0007
4381 0008
4381 0009
4381 0010
4381 0011
4381 0012
4381 0013
4381 0014
4381 0015
4381 0016
4381 0017
4381 0018
4382 0000
4382 0001
4382 0002
4382 0003
4382 0004
4382 0005
4382 0006
4382 0007
4382 0008
4382 0009
4382 0010
4382 0011
4382 0012
4382 0013
4382 0014
4382 0015
4382 0016
4382 0017
4382 0018
4383 0000
4383 0001
4383 0002
4383 0003
4383 0004
4383 0005
4383 0006
4383 0007
4383 0008
4383 0009
4383 0010
4383 0011
4383 0012
4383 0013
4383 0014
4383 0015
4383 0016
4383 0017
4383 0018
4383 0019
4383 0020
4383 0021
4383 0022
4383 0023
4383 0024
4383 0025
4388 0000
4388 0001
4388 0002
4388 0003
4388 0004
4388 0005
4388 0006
4388 0007
4388 0008
4388 0009
4388 0010
4388 0011
4388 0012
4388 0013
4388 0014
4388 0015
4388 0016
4388 0017
4388 0018
4388 0019
4388 0020
4388 0021
4388 0022
4388 0023
4388 0024
4391 0000
4391 0001
4391 0002
4391 0003
4391 0004
4391 0005
4391 0006
4391 0007
4391 0008
4391 0009
4391 0010
4391 0011
4391 0012
4391 0013
4391 0014
4391 0015
4391 0016
4391 0017
4391 0018
4391 0019
4391 0020
4391 0021
4391 0022
4400 0000
4400 0001
4400 0002
4400 0003
4400 0004
4400 0005
4400 0006
4400 0007
4400 0008
4400 0009
4400 0010
4400 0011
4400 0012
4400 0013
4400 0014
4400 0015
4400 0016
4400 0017
4400 0018
4400 0019
4400 0020
4410 0000
4410 0001
4410 0002
4410 0003
4410 0004
4410 0005
4410 0006
4410 0007
4410 0008
4410 0009
4410 0010
4410 0011
4410 0012
4410 0013
4410 0014
4410 0015
4410 0016
4410 0017
4410 0018
4410 0019
4410 0020
4410 0021
4410 0022
4410 0023
4413 0000
4413 0001
4413 0002
4413 0003
4413 0004
4413 0005
4413 0006
4413 0007
4413 0008
4413 0009
4413 0010
4413 0011
4413 0012
4413 0013
4413 0014
4413 0015
4413 0016
4413 0017
4413 0018
4413 0019
4413 0020
4413 0021
4413 0022
4413 0023
4413 0024
4413 0025
4413 0026
4413 0027
4423 0000
4423 0001
4423 0002
4423 0003
4423 0004
4423 0005
4423 0006
4423 0007
4423 0008
4423 0009
4423 0010
4423 0011
4423 0012
4423 0013
4423 0014
4423 0015
4423 0016
4423 0017
4423 0018
4423 0019
4423 0020
4426 0000
4426 0001
4426 0002
4426 0003
4426 0004
4426 0005
4426 0006
4426 0007
4426 0008
4426 0009
4426 0010
4426 0011
4426 0012
4426 0013
4426 0014
4426 0015
4426 0016
4426 0017
4426 0018
4427 0000
4427 0001
4427 0002
4427 0003
4427 0004
4427 0005
4427 0006
4427 0007
4427 0008
4427 0009
4427 0010
4427 0011
4427 0012
4427 0013
4427 0014
4427 0015
4427 0016
4427 0017
4428 0000
4428 0001
4428 0002
4428 0003
4428 0004
4428 0005
4428 0006
4428 0007
4428 0008
4428 0009
4428 0010
4428 0011
4428 0012
4428 0013
4428 0014
4428 0015
4428 0016
4428 0017
4428 0018
4437 0000
4437 0001
4437 0002
4437 0003
4437 0004
4437 0005
4437 0006
4437 0007
4437 0008
4437 0009
4437 0010
4437 0011
4437 0012
4437 0013
4437 0014
4437 0015
4438 0000
4438 0001
4438 0002
4438 0003
4438 0004
4438 0005
4438 0006
4438 0007
4438 0008
4438 0009
4438 0010
4438 0011
4438 0012
4438 0013
4438 0014
4438 0015
4438 0016
4438 0017
4438 0018
4438 0019
4439 0000
4439 0001
4439 0002
4439 0003
4439 0004
4439 0005
4439 0006
4439 0007
4439 0008
4439 0009
4439 0010
4439 0011
4439 0012
4439 0013
4439 0014
4439 0015
4439 0016
4439 0017
4439 0018
4439 0019
4439 0020
4439 0021
4439 0022
4439 0023
4443 0000
4443 0001
4443 0002
4443 0003
4443 0004
4443 0005
4443 0006
4443 0007
4443 0008
4443 0009
4443 0010
4443 0011
4443 0012
4443 0013
4443 0014
4443 0015
4443 0016
4443 0017
4443 0018
4443 0019
4443 0020
4443 0021
4443 0022
4443 0023
4443 0024
4443 0025
4443 0026
4443 0027
4448 0000
4448 0001
4448 0002
4448 0003
4448 0004
4448 0005
4448 0006
4448 0007
4448 0008
4448 0009
4448 0010
4448 0011
4448 0012
4448 0013
4448 0014
4448 0015
4448 0016
4448 0017
4448 0018
4448 0019
4448 0020
4448 0021
4448 0022
4448 0023
4448 0024
4448 0025
4448 0026
4448 0027
4450 0000
4450 0001
4450 0002
4450 0003
4450 0004
4450 0005
4450 0006
4450 0007
4450 0008
4450 0009
4450 0010
4450 0011
4450 0012
4450 0013
4450 0014
4450 0015
4450 0016
4450 0017
4450 0018
4450 0019
4453 0000
4453 0001
4453 0002
4453 0003
4453 0004
4453 0005
4453 0006
4453 0007
4453 0008
4453 0009
4453 0010
4453 0011
4453 0012
4453 0013
4453 0014
4453 0015
4453 0016
4453 0017
4455 0000
4455 0001
4455 0002
4455 0003
4455 0004
4455 0005
4455 0006
4455 0007
4455 0008
4455 0009
4455 0010
4455 0011
4455 0012
4455 0013
4455 0014
4455 0015
4455 0016
4455 0017
4455 0018
4455 0019
4455 0020
4455 0021
4455 0022
4455 0023
4456 0000
4456 0001
4456 0002
4456 0003
4456 0004
4456 0005
4456 0006
4456 0007
4456 0008
4456 0009
4456 0010
4456 0011
4456 0012
4456 0013
4456 0014
4456 0015
4456 0016
4456 0017
4456 0018
4456 0019
4456 0020
4456 0021
4456 0022
4456 0023
4456 0024
4456 0025
4456 0026
4456 0027
4463 0000
4463 0001
4463 0002
4463 0003
4463 0004
4463 0005
4463 0006
4463 0007
4463 0008
4463 0009
4463 0010
4463 0011
4463 0012
4463 0013
4463 0014
4463 0015
4463 0016
4463 0017
4463 0018
4463 0019
4463 0020
4463 0021
4463 0022
4463 0023
4464 0000
4464 0001
4464 0002
4464 0003
4464 0004
4464 0005
4464 0006
4464 0007
4464 0008
4464 0009
4464 0010
4464 0011
4464 0012
4464 0013
4464 0014
4464 0015
4464 0016
4464 0017
4464 0018
4464 0019
4464 0020
4464 0021
4464 0022
4464 0023
4464 0024
4464 0025
4464 0026
4473 0000
4473 0001
4473 0002
4473 0003
4473 0004
4473 0005
4473 0006
4473 0007
4473 0008
4473 0009
4473 0010
4473 0011
4473 0012
4473 0013
4473 0014
4473 0015
4473 0016
4473 0017
4473 0018
4473 0019
4473 0020
4473 0021
4473 0022
4473 0023
4473 0024
4473 0025
4473 0026
4475 0000
4475 0001
4475 0002
4475 0003
4475 0004
4475 0005
4475 0006
4475 0007
4475 0008
4475 0009
4475 0010
4475 0011
4475 0012
4475 0013
4475 0014
4475 0015
4475 0016
4476 0000
4476 0001
4476 0002
4476 0003
4476 0004
4476 0005
4476 0006
4476 0007
4476 0008
4479 0000
4479 0001
4479 0002
4479 0003
4479 0004
4479 0005
4479 0006
4479 0007
4479 0008
4479 0009
4479 0010
4479 0011
4479 0012
4479 0013
4479 0014
4479 0015
4479 0016
4479 0017
4479 0018
4480 0000
4480 0001
4480 0002
4480 0003
4480 0004
4480 0005
4480 0006
4480 0007
4480 0008
4480 0009
4480 0010
4480 0011
4480 0012
4480 0013
4480 0014
4480 0015
4480 0016
4481 0000
4481 0001
4481 0002
4481 0003
4481 0004
4481 0005
4481 0006
4481 0007
4481 0008
4481 0009
4481 0010
4481 0011
4481 0012
4481 0013
4481 0014
4481 0015
4481 0016
4481 0017
4481 0018
4481 0019
4481 0020
4481 0021
4481 0022
4481 0023
4481 0024
4481 0025
4481 0026
4484 0000
4484 0001
4484 0002
4484 0003
4484 0004
4484 0005
4484 0006
4484 0007
4484 0008
4484 0009
4484 0010
4484 0011
4484 0012
4484 0013
4484 0014
4484 0015
4484 0016
4484 0017
4484 0018
4484 0019
4484 0020
4484 0021
4484 0022
4484 0023
4484 0024
4484 0025
4484 0026
4484 0027
4484 0028
4492 0000
4492 0001
4492 0002
4492 0003
4492 0004
4492 0005
4492 0006
4492 0007
4492 0008
4492 0009
4492 0010
4492 0011
4492 0012
4492 0013
4499 0000
4499 0001
4499 0002
4499 0003
4499 0004
4499 0005
4499 0006
4499 0007
4499 0008
4499 0009
4499 0010
4499 0011
4499 0012
4499 0013
4499 0014
4499 0015
4499 0016
4499 0017
4499 0018
4499 0019
4499 0020
4499 0021
4499 0022
4499 0023
4499 0024
4499 0025
4499 0026
4499 0027
4499 0028
4516 0000
4516 0001
4516 0002
4516 0003
4516 0004
4516 0005
4516 0006
4516 0007
4516 0008
4516 0009
4516 0010
4516 0011
4516 0012
4516 0013
4518 0000
4518 0001
4518 0002
4518 0003
4518 0004
4518 0005
4518 0006
4518 0007
4518 0008
4518 0009
4518 0010
4518 0011
4518 0012
4518 0013
4518 0014
4518 0015
4518 0016
4518 0017
4518 0018
4518 0019
4522 0000
4522 0001
4522 0002
4522 0003
4522 0004
4522 0005
4522 0006
4522 0007
4522 0008
4522 0009
4522 0010
4522 0011
4522 0012
4522 0013
4522 0014
4522 0015
4522 0016
4522 0017
4522 0018
4522 0019
4522 0020
4522 0021
4525 0000
4525 0001
4525 0002
4525 0003
4525 0004
4525 0005
4525 0006
4525 0007
4525 0008
4525 0009
4525 0010
4525 0011
4525 0012
4525 0013
4525 0014
4525 0015
4526 0000
4526 0001
4526 0002
4526 0003
4526 0004
4526 0005
4526 0006
4526 0007
4526 0008
4526 0009
4526 0010
4526 0011
4526 0012
4526 0013
4526 0014
4526 0015
4526 0016
4526 0017
4528 0000
4528 0001
4528 0002
4528 0003
4528 0004
4528 0005
4528 0006
4528 0007
4528 0008
4528 0009
4528 0010
4528 0011
4528 0012
4528 0013
4528 0014
4528 0015
4528 0016
4528 0017
4528 0018
4528 0019
4528 0020
4528 0021
4528 0022
4528 0023
4528 0024
4528 0025
4528 0026
4528 0027
4528 0028
4528 0029
4529 0000
4529 0001
4529 0002
4529 0003
4529 0004
4529 0005
4529 0006
4529 0007
4529 0008
4529 0009
4529 0010
4529 0011
4529 0012
4529 0013
4529 0014
4529 0015
4529 0016
4529 0017
4529 0018
4529 0019
4529 0020
4529 0021
4531 0000
4531 0001
4531 0002
4531 0003
4531 0004
4531 0005
4531 0006
4531 0007
4531 0008
4531 0009
4531 0010
4531 0011
4531 0012
4531 0013
4531 0014
4531 0015
4531 0016
4533 0000
4533 0001
4533 0002
4533 0003
4533 0004
4533 0005
4533 0006
4533 0007
4533 0008
4533 0009
4533 0010
4533 0011
4533 0012
4533 0013
4533 0014
4533 0015
4533 0016
4533 0017
4533 0018
4533 0019
4533 0020
4533 0021
4533 0022
4533 0023
4533 0024
4533 0025
4537 0000
4537 0001
4537 0002
4537 0003
4537 0004
4537 0005
4537 0006
4537 0007
4537 0008
4537 0009
4537 0010
4537 0011
4537 0012
4537 0013
4541 0000
4541 0001
4541 0002
4541 0003
4541 0004
4541 0005
4541 0006
4541 0007
4541 0008
4541 0009
4541 0010
4541 0011
4541 0012
4541 0013
4541 0014
4541 0015
4541 0016
4541 0017
4541 0018
4541 0019
4541 0020
4541 0021
4541 0022
4544 0000
4544 0001
4544 0002
4544 0003
4544 0004
4544 0005
4544 0006
4544 0007
4544 0008
4544 0009
4544 0010
4544 0011
4544 0012
4544 0013
4544 0014
4544 0015
4544 0016
4544 0017
4544 0018
4544 0019
4544 0020
4544 0021
4544 0022
4544 0023
4544 0024
4544 0025
4546 0000
4546 0001
4546 0002
4546 0003
4546 0004
4546 0005
4546 0006
4546 0007
4546 0008
4546 0009
4546 0010
4546 0011
4546 0012
4546 0013
4546 0014
4546 0015
4546 0016
4546 0017
4546 0018
4546 0019
4546 0020
4546 0021
4546 0022
4546 0023
4546 0024
4546 0025
4546 0026
4550 0000
4550 0001
4550 0002
4550 0003
4550 0004
4550 0005
4550 0006
4550 0007
4550 0008
4550 0009
4550 0010
4550 0011
4550 0012
4550 0013
4550 0014
4550 0015
4550 0016
4550 0017
4552 0000
4552 0001
4552 0002
4552 0003
4552 0004
4552 0005
4552 0006
4552 0007
4552 0008
4552 0009
4552 0010
4552 0011
4552 0012
4552 0013
4552 0014
4552 0015
4552 0016
4552 0017
4552 0018
4552 0019
4552 0020
4552 0021
4552 0022
4552 0023
4552 0024
4552 0025
4552 0026
4566 0000
4566 0001
4566 0002
4566 0003
4566 0004
4566 0005
4566 0006
4566 0007
4566 0008
4566 0009
4566 0010
4566 0011
4566 0012
4566 0013
4566 0014
4566 0015
4566 0016
4566 0017
4566 0018
4566 0019
4566 0020
4566 0021
4566 0022
4566 0023
4566 0024
4566 0025
4571 0000
4571 0001
4571 0002
4571 0003
4571 0004
4571 0005
4571 0006
4571 0007
4571 0008
4571 0009
4571 0010
4571 0011
4571 0012
4571 0013
4571 0014
4571 0015
4571 0016
4571 0017
4571 0018
4571 0019
4571 0020
4574 0000
4574 0001
4574 0002
4574 0003
4574 0004
4574 0005
4574 0006
4574 0007
4574 0008
4574 0009
4574 0010
4574 0011
4574 0012
4574 0013
4574 0014
4575 0000
4575 0001
4575 0002
4575 0003
4575 0004
4575 0005
4575 0006
4575 0007
4575 0008
4575 0009
4575 0010
4575 0011
4575 0012
4575 0013
4575 0014
4575 0015
4575 0016
4575 0017
4575 0018
4575 0019
4575 0020
4575 0021
4575 0022
4575 0023
4575 0024
4586 0000
4586 0001
4586 0002
4586 0003
4586 0004
4586 0005
4586 0006
4586 0007
4586 0008
4586 0009
4586 0010
4586 0011
4586 0012
4586 0013
4586 0014
4586 0015
4586 0016
4586 0017
4586 0018
4586 0019
4586 0020
4586 0021
4586 0022
4586 0023
4586 0024
4589 0000
4589 0001
4589 0002
4589 0003
4589 0004
4589 0005
4589 0006
4589 0007
4589 0008
4589 0009
4589 0010
4589 0011
4589 0012
4589 0013
4589 0014
4596 0000
4596 0001
4596 0002
4596 0003
4596 0004
4596 0005
4596 0006
4596 0007
4596 0008
4596 0009
4596 0010
4596 0011
4596 0012
4596 0013
4596 0014
4596 0015
4596 0016
4596 0017
4596 0018
4598 0000
4598 0001
4598 0002
4598 0003
4598 0004
4598 0005
4598 0006
4598 0007
4598 0008
4598 0009
4598 0010
4598 0011
4598 0012
4598 0013
4598 0014
4598 0015
4598 0016
4598 0017
4598 0018
4598 0019
4598 0020
4602 0000
4602 0001
4602 0002
4602 0003
4602 0004
4602 0005
4602 0006
4602 0007
4602 0008
4602 0009
4602 0010
4602 0011
4602 0012
4602 0013
4602 0014
4602 0015
4602 0016
4602 0017
4602 0018
4602 0019
4602 0020
4602 0021
4602 0022
4602 0023
4602 0024
4606 0000
4606 0001
4606 0002
4606 0003
4606 0004
4606 0005
4606 0006
4606 0007
4606 0008
4606 0009
4606 0010
4606 0011
4606 0012
4606 0013
4606 0014
4606 0015
4606 0016
4606 0017
4606 0018
4606 0019
4607 0000
4607 0001
4607 0002
4607 0003
4607 0004
4607 0005
4607 0006
4607 0007
4607 0008
4607 0009
4607 0010
4607 0011
4607 0012
4607 0013
4607 0014
4607 0015
4607 0016
4607 0017
4628 0000
4628 0001
4628 0002
4628 0003
4628 0004
4628 0005
4628 0006
4628 0007
4628 0008
4628 0009
4628 0010
4628 0011
4628 0012
4628 0013
4628 0014
4628 0015
4628 0016
4628 0017
4628 0018
4628 0019
4628 0020
4628 0021
4628 0022
4628 0023
4628 0024
4630 0000
4630 0001
4630 0002
4630 0003
4630 0004
4630 0005
4630 0006
4630 0007
4630 0008
4630 0009
4630 0010
4630 0011
4630 0012
4630 0013
4630 0014
4630 0015
4633 0000
4633 0001
4633 0002
4633 0003
4633 0004
4633 0005
4633 0006
4633 0007
4633 0008
4633 0009
4633 0010
4633 0011
4633 0012
4633 0013
4635 0000
4635 0001
4635 0002
4635 0003
4635 0004
4635 0005
4635 0006
4635 0007
4635 0008
4635 0009
4635 0010
4635 0011
4635 0012
4635 0013
4635 0014
4635 0015
4635 0016
4635 0017
4635 0018
4635 0019
4635 0020
4635 0021
4635 0022
4635 0023
4635 0024
4635 0025
4635 0026
4635 0027
4635 0028
4636 0000
4636 0001
4636 0002
4636 0003
4636 0004
4636 0005
4636 0006
4636 0007
4636 0008
4636 0009
4636 0010
4636 0011
4636 0012
4636 0013
4636 0014
4636 0015
4636 0016
4636 0017
4636 0018
4652 0000
4652 0001
4652 0002
4652 0003
4652 0004
4652 0005
4652 0006
4652 0007
4652 0008
4652 0009
4652 0010
4652 0011
4652 0012
4652 0013
4652 0014
4652 0015
4652 0016
4652 0017
4652 0018
4652 0019
4652 0020
4652 0021
4652 0022
4652 0023
4652 0024
4652 0025
4652 0026
4652 0027
4656 0000
4656 0001
4656 0002
4656 0003
4656 0004
4656 0005
4656 0006
4656 0007
4656 0008
4656 0009
4656 0010
4656 0011
4656 0012
4656 0013
4656 0014
4656 0015
4656 0016
4660 0000
4660 0001
4660 0002
4660 0003
4660 0004
4660 0005
4660 0006
4660 0007
4660 0008
4660 0009
4660 0010
4660 0011
4660 0012
4660 0013
4660 0014
4660 0015
4660 0016
4660 0017
4660 0018
4660 0019
4663 0000
4663 0001
4663 0002
4663 0003
4663 0004
4663 0005
4663 0006
4663 0007
4663 0008
4663 0009
4663 0010
4663 0011
4663 0012
4663 0013
4663 0014
4663 0015
4663 0016
4663 0017
4663 0018
4663 0019
4663 0020
4663 0021
4663 0022
4663 0023
4664 0000
4664 0001
4664 0002
4664 0003
4664 0004
4664 0005
4664 0006
4664 0007
4664 0008
4664 0009
4664 0010
4664 0011
4664 0012
4664 0013
4664 0014
4664 0015
4664 0016
4664 0017
4664 0018
4664 0019
4664 0020
4664 0021
4664 0022
4664 0023
4664 0024
4664 0025
4664 0026
4665 0000
4665 0001
4665 0002
4665 0003
4665 0004
4665 0005
4665 0006
4665 0007
4665 0008
4665 0009
4665 0010
4665 0011
4665 0012
4665 0013
4665 0014
4665 0015
4665 0016
4665 0017
4665 0018
4665 0019
4665 0020
4665 0021
4665 0022
4665 0023
4665 0024
4666 0000
4666 0001
4666 0002
4666 0003
4666 0004
4666 0005
4666 0006
4666 0007
4666 0008
4666 0009
4666 0010
4666 0011
4666 0012
4666 0013
4666 0014
4666 0015
4666 0016
4666 0017
4666 0018
4666 0019
4666 0020
4666 0021
4666 0022
4666 0023
4666 0024
4666 0025
4666 0026
4666 0027
4666 0028
4667 0000
4667 0001
4667 0002
4667 0003
4667 0004
4667 0005
4667 0006
4667 0007
4667 0008
4667 0009
4667 0010
4667 0011
4667 0012
4667 0013
4667 0014
4667 0015
4667 0016
4667 0017
4667 0018
4667 0019
4667 0020
4667 0021
4667 0022
4667 0023
4667 0024
4667 0025
4667 0026
4670 0000
4670 0001
4670 0002
4670 0003
4670 0004
4670 0005
4670 0006
4670 0007
4670 0008
4670 0009
4670 0010
4670 0011
4670 0012
4670 0013
4670 0014
4670 0015
4670 0016
4670 0017
4670 0018
4670 0019
4670 0020
4670 0021
4670 0022
4670 0023
4670 0024
4670 0025
4670 0026
4670 0027
4670 0028
4670 0029
4671 0000
4671 0001
4671 0002
4671 0003
4671 0004
4671 0005
4671 0006
4671 0007
4671 0008
4671 0009
4671 0010
4671 0011
4671 0012
4671 0013
4671 0014
4671 0015
4671 0016
4671 0017
4671 0018
4672 0000
4672 0001
4672 0002
4672 0003
4672 0004
4672 0005
4672 0006
4672 0007
4672 0008
4672 0009
4672 0010
4672 0011
4672 0012
4672 0013
4672 0014
4672 0015
4672 0016
4672 0017
4672 0018
4672 0019
4672 0020
4672 0021
4672 0022
4672 0023
4672 0024
4672 0025
4674 0000
4674 0001
4674 0002
4674 0003
4674 0004
4674 0005
4674 0006
4674 0007
4674 0008
4674 0009
4674 0010
4674 0011
4674 0012
4674 0013
4674 0014
4674 0015
4674 0016
4674 0017
4674 0018
4674 0019
4674 0020
4674 0021
4674 0022
4674 0023
4674 0024
4674 0025
4674 0026
4674 0027
4674 0028
4674 0029
4674 0030
4680 0000
4680 0001
4680 0002
4680 0003
4680 0004
4680 0005
4680 0006
4680 0007
4680 0008
4680 0009
4680 0010
4680 0011
4680 0012
4680 0013
4680 0014
4680 0015
4680 0016
4680 0017
4680 0018
4680 0019
4680 0020
4684 0000
4684 0001
4684 0002
4684 0003
4684 0004
4684 0005
4684 0006
4684 0007
4684 0008
4684 0009
4684 0010
4684 0011
4684 0012
4684 0013
4686 0000
4686 0001
4686 0002
4686 0003
4686 0004
4686 0005
4686 0006
4686 0007
4686 0008
4686 0009
4686 0010
4686 0011
4686 0012
4686 0013
4686 0014
4686 0015
4686 0016
4686 0017
4686 0018
4686 0019
4686 0020
4686 0021
4686 0022
4686 0023
4686 0024
4686 0025
4695 0000
4695 0001
4695 0002
4695 0003
4695 0004
4695 0005
4695 0006
4695 0007
4695 0008
4695 0009
4695 0010
4695 0011
4695 0012
4695 0013
4695 0014
4695 0015
4695 0016
4703 0000
4703 0001
4703 0002
4703 0003
4703 0004
4703 0005
4703 0006
4703 0007
4703 0008
4703 0009
4703 0010
4703 0011
4703 0012
4703 0013
4703 0014
4703 0015
4703 0016
4703 0017
4703 0018
4703 0019
4703 0020
4703 0021
4707 0000
4707 0001
4707 0002
4707 0003
4707 0004
4707 0005
4707 0006
4707 0007
4707 0008
4707 0009
4707 0010
4707 0011
4707 0012
4707 0013
4707 0014
4707 0015
4707 0016
4707 0017
4707 0018
4707 0019
4707 0020
4707 0021
4707 0022
4707 0023
4707 0024
4707 0025
4707 0026
4707 0027
4707 0028
4707 0029
4708 0000
4708 0001
4708 0002
4708 0003
4708 0004
4708 0005
4708 0006
4708 0007
4708 0008
4708 0009
4708 0010
4708 0011
4708 0012
4708 0013
4708 0014
4708 0015
4708 0016
4708 0017
4708 0018
4708 0019
4708 0020
4712 0000
4712 0001
4712 0002
4712 0003
4712 0004
4712 0005
4712 0006
4712 0007
4712 0008
4712 0009
4712 0010
4712 0011
4712 0012
4712 0013
4712 0014
4712 0015
4712 0016
4712 0017
4712 0018
4712 0019
4712 0020
4712 0021
4712 0022
4712 0023
4712 0024
4712 0025
4712 0026
4712 0027
4712 0028
4712 0029
4721 0000
4721 0001
4721 0002
4721 0003
4721 0004
4721 0005
4721 0006
4721 0007
4721 0008
4721 0009
4721 0010
4721 0011
4721 0012
4721 0013
4721 0014
4721 0015
4721 0016
4722 0000
4722 0001
4722 0002
4722 0003
4722 0004
4722 0005
4722 0006
4722 0007
4722 0008
4722 0009
4722 0010
4722 0011
4722 0012
4722 0013
4722 0014
4722 0015
4722 0016
4722 0017
4722 0018
4722 0019
4722 0020
4722 0021
4722 0022
4722 0023
4722 0024
4722 0025
4723 0000
4723 0001
4723 0002
4723 0003
4723 0004
4723 0005
4723 0006
4723 0007
4723 0008
4723 0009
4723 0010
4723 0011
4723 0012
4723 0013
4723 0014
4723 0015
4723 0016
4723 0017
4723 0018
4723 0019
4723 0020
4729 0000
4729 0001
4729 0002
4729 0003
4729 0004
4729 0005
4729 0006
4729 0007
4729 0008
4729 0009
4729 0010
4729 0011
4729 0012
4729 0013
4729 0014
4729 0015
4729 0016
4729 0017
4729 0018
4729 0019
4729 0020
4729 0021
4729 0022
4729 0023
4729 0024
4729 0025
4729 0026
4733 0000
4733 0001
4733 0002
4733 0003
4733 0004
4733 0005
4733 0006
4733 0007
4733 0008
4733 0009
4733 0010
4733 0011
4733 0012
4733 0013
4733 0014
4733 0015
4733 0016
4733 0017
4733 0018
4733 0019
4733 0020
4733 0021
4733 0022
4733 0023
4733 0024
4733 0025
4733 0026
4733 0027
4736 0000
4736 0001
4736 0002
4736 0003
4736 0004
4736 0005
4736 0006
4736 0007
4736 0008
4736 0009
4736 0010
4736 0011
4736 0012
4736 0013
4736 0014
4736 0015
4736 0016
4736 0017
4736 0018
4736 0019
4736 0020
4736 0021
4736 0022
4736 0023
4736 0024
4736 0025
4736 0026
4736 0027
4749 0000
4749 0001
4749 0002
4749 0003
4749 0004
4749 0005
4749 0006
4749 0007
4749 0008
4749 0009
4749 0010
4749 0011
4749 0012
4749 0013
4749 0014
4749 0015
4749 0016
4749 0017
4757 0000
4757 0001
4757 0002
4757 0003
4757 0004
4757 0005
4757 0006
4757 0007
4757 0008
4757 0009
4757 0010
4757 0011
4757 0012
4757 0013
4757 0014
4757 0015
4757 0016
4757 0017
4757 0018
4757 0019
4757 0020
4757 0021
4757 0022
4757 0023
4757 0024
4757 0025
4763 0000
4763 0001
4763 0002
4763 0003
4763 0004
4763 0005
4763 0006
4763 0007
4763 0008
4763 0009
4763 0010
4763 0011
4763 0012
4763 0013
4763 0014
4763 0015
4763 0016
4763 0017
4763 0018
4763 0019
4768 0000
4768 0001
4768 0002
4768 0003
4768 0004
4768 0005
4768 0006
4768 0007
4768 0008
4768 0009
4768 0010
4768 0011
4768 0012
4768 0013
4768 0014
4768 0015
4768 0016
4768 0017
4768 0018
4769 0000
4769 0001
4769 0002
4769 0003
4769 0004
4769 0005
4769 0006
4769 0007
4769 0008
4769 0009
4769 0010
4769 0011
4769 0012
4769 0013
4769 0014
4769 0015
4769 0016
4769 0017
4769 0018
4769 0019
4769 0020
4769 0021
4769 0022
4769 0023
4769 0024
4769 0025
4769 0026
4769 0027
4772 0000
4772 0001
4772 0002
4772 0003
4772 0004
4772 0005
4772 0006
4772 0007
4772 0008
4772 0009
4772 0010
4772 0011
4772 0012
4772 0013
4772 0014
4772 0015
4772 0016
4772 0017
4772 0018
4772 0019
4772 0020
4778 0000
4778 0001
4778 0002
4778 0003
4778 0004
4778 0005
4778 0006
4778 0007
4778 0008
4778 0009
4778 0010
4778 0011
4778 0012
4778 0013
4778 0014
4778 0015
4778 0016
4778 0017
4778 0018
4778 0019
4778 0020
4778 0021
4783 0000
4783 0001
4783 0002
4783 0003
4783 0004
4783 0005
4783 0006
4783 0007
4783 0008
4783 0009
4783 0010
4783 0011
4783 0012
4783 0013
4783 0014
4783 0015
4783 0016
4783 0017
4783 0018
4783 0019
4783 0020
4783 0021
4794 0000
4794 0001
4794 0002
4794 0003
4794 0004
4794 0005
4794 0006
4794 0007
4794 0008
4794 0009
4794 0010
4794 0011
4794 0012
4794 0013
4794 0014
4797 0000
4797 0001
4797 0002
4797 0003
4797 0004
4797 0005
4797 0006
4797 0007
4797 0008
4797 0009
4797 0010
4797 0011
4797 0012
4797 0013
4797 0014
4797 0015
4797 0016
4797 0017
4797 0018
4797 0019
4797 0020
4797 0021
4797 0022
4797 0023
4797 0024
4797 0025
4797 0026
4798 0000
4798 0001
4798 0002
4798 0003
4798 0004
4798 0005
4798 0006
4798 0007
4798 0008
4798 0009
4798 0010
4798 0011
4798 0012
4798 0013
4798 0014
4798 0015
4798 0016
4798 0017
4798 0018
4798 0019
4798 0020
4798 0021
4798 0022
4798 0023
4798 0024
4811 0000
4811 0001
4811 0002
4811 0003
4811 0004
4811 0005
4811 0006
4811 0007
4811 0008
4811 0009
4811 0010
4811 0011
4811 0012
4811 0013
4811 0014
4811 0015
4811 0016
4811 0017
4811 0018
4812 0000
4812 0001
4812 0002
4812 0003
4812 0004
4812 0005
4812 0006
4812 0007
4812 0008
4812 0009
4812 0010
4812 0011
4812 0012
4812 0013
4812 0014
4812 0015
4812 0016
4812 0017
4820 0000
4820 0001
4820 0002
4820 0003
4820 0004
4820 0005
4820 0006
4820 0007
4820 0008
4820 0009
4820 0010
4820 0011
4820 0012
4820 0013
4820 0014
4820 0015
4820 0016
4820 0017
4820 0018
4820 0019
4820 0020
4820 0021
4820 0022
4820 0023
4820 0024
4820 0025
4820 0026
4820 0027
4820 0028
4820 0029
4820 0030
4820 0031
4823 0000
4823 0001
4823 0002
4823 0003
4823 0004
4823 0005
4823 0006
4823 0007
4823 0008
4823 0009
4823 0010
4823 0011
4823 0012
4823 0013
4823 0014
4823 0015
4823 0016
4823 0017
4823 0018
4823 0019
4823 0020
4823 0021
4823 0022
4823 0023
4823 0024
4823 0025
4823 0026
4823 0027
4823 0028
4832 0000
4832 0001
4832 0002
4832 0003
4832 0004
4832 0005
4832 0006
4832 0007
4832 0008
4832 0009
4832 0010
4832 0011
4832 0012
4832 0013
4832 0014
4832 0015
4832 0016
4845 0000
4845 0001
4845 0002
4845 0003
4845 0004
4845 0005
4845 0006
4845 0007
4845 0008
4845 0009
4845 0010
4845 0011
4845 0012
4845 0013
4845 0014
4845 0015
4845 0016
4845 0017
4845 0018
4845 0019
4845 0020
4845 0021
4845 0022
4845 0023
4849 0000
4849 0001
4849 0002
4849 0003
4849 0004
4849 0005
4849 0006
4849 0007
4849 0008
4849 0009
4849 0010
4849 0011
4849 0012
4849 0013
4849 0014
4849 0015
4849 0016
4849 0017
4849 0018
4849 0019
4849 0020
4849 0021
4849 0022
4854 0000
4854 0001
4854 0002
4854 0003
4854 0004
4854 0005
4854 0006
4854 0007
4854 0008
4854 0009
4854 0010
4854 0011
4854 0012
4854 0013
4854 0014
4854 0015
4854 0016
4854 0017
4854 0018
4854 0019
4854 0020
4854 0021
4854 0022
4854 0023
4856 0000
4856 0001
4856 0002
4856 0003
4856 0004
4856 0005
4856 0006
4856 0007
4856 0008
4856 0009
4856 0010
4856 0011
4856 0012
4856 0013
4856 0014
4856 0015
4856 0016
4856 0017
4857 0000
4857 0001
4857 0002
4857 0003
4857 0004
4857 0005
4857 0006
4857 0007
4857 0008
4857 0009
4857 0010
4857 0011
4857 0012
4857 0013
4857 0014
4857 0015
4857 0016
4857 0017
4857 0018
4869 0000
4869 0001
4869 0002
4869 0003
4869 0004
4869 0005
4869 0006
4869 0007
4869 0008
4869 0009
4869 0010
4869 0011
4869 0012
4869 0013
4869 0014
4869 0015
4869 0016
4869 0017
4869 0018
4869 0019
4869 0020
4869 0021
4870 0000
4870 0001
4870 0002
4870 0003
4870 0004
4870 0005
4870 0006
4870 0007
4870 0008
4870 0009
4870 0010
4870 0011
4870 0012
4870 0013
4870 0014
4870 0015
4870 0016
4870 0017
4870 0018
4870 0019
4870 0020
4870 0021
4884 0000
4884 0001
4884 0002
4884 0003
4884 0004
4884 0005
4884 0006
4884 0007
4884 0008
4884 0009
4884 0010
4884 0011
4884 0012
4884 0013
4884 0014
4884 0015
4884 0016
4884 0017
4884 0018
4884 0019
4884 0020
4884 0021
4889 0000
4889 0001
4889 0002
4889 0003
4889 0004
4889 0005
4889 0006
4889 0007
4889 0008
4889 0009
4889 0010
4889 0011
4889 0012
4889 0013
4889 0014
4889 0015
4889 0016
4889 0017
4889 0018
4889 0019
4889 0020
4889 0021
4889 0022
4889 0023
4889 0024
4889 0025
4889 0026
4889 0027
4889 0028
4889 0029
4899 0000
4899 0001
4899 0002
4899 0003
4899 0004
4899 0005
4899 0006
4899 0007
4899 0008
4899 0009
4899 0010
4899 0011
4899 0012
4899 0013
4899 0014
4911 0000
4911 0001
4911 0002
4911 0003
4911 0004
4911 0005
4911 0006
4911 0007
4911 0008
4911 0009
4911 0010
4911 0011
4911 0012
4911 0013
4911 0014
4911 0015
4911 0016
4911 0017
4911 0018
4911 0019
4911 0020
4911 0021
4911 0022
4911 0023
4919 0000
4919 0001
4919 0002
4919 0003
4919 0004
4919 0005
4919 0006
4919 0007
4919 0008
4919 0009
4919 0010
4919 0011
4919 0012
4919 0013
4919 0014
4919 0015
4919 0016
4919 0017
4919 0018
4919 0019
4919 0020
4919 0021
4919 0022
4919 0023
4931 0000
4931 0001
4931 0002
4931 0003
4931 0004
4931 0005
4931 0006
4931 0007
4931 0008
4931 0009
4931 0010
4931 0011
4931 0012
4932 0000
4932 0001
4932 0002
4932 0003
4932 0004
4932 0005
4932 0006
4932 0007
4932 0008
4932 0009
4932 0010
4932 0011
4932 0012
4932 0013
4932 0014
4932 0015
4932 0016
4932 0017
4932 0018
4932 0019
4932 0020
4932 0021
4932 0022
4932 0023
4932 0024
4932 0025
4932 0026
4934 0000
4934 0001
4934 0002
4934 0003
4934 0004
4934 0005
4934 0006
4934 0007
4934 0008
4934 0009
4934 0010
4934 0011
4934 0012
4934 0013
4934 0014
4934 0015
4934 0016
4935 0000
4935 0001
4935 0002
4935 0003
4935 0004
4935 0005
4935 0006
4935 0007
4935 0008
4935 0009
4935 0010
4939 0000
4939 0001
4939 0002
4939 0003
4939 0004
4939 0005
4939 0006
4939 0007
4939 0008
4939 0009
4939 0010
4939 0011
4939 0012
4939 0013
4939 0014
4939 0015
4939 0016
4939 0017
4939 0018
4939 0019
4939 0020
4939 0021
4939 0022
4939 0023
4939 0024
4939 0025
4946 0000
4946 0001
4946 0002
4946 0003
4946 0004
4946 0005
4946 0006
4946 0007
4946 0008
4946 0009
4946 0010
4946 0011
4946 0012
4946 0013
4946 0014
4946 0015
4946 0016
4946 0017
4946 0018
4946 0019
4946 0020
4946 0021
4946 0022
4946 0023
4946 0024
4946 0025
4946 0026
4949 0000
4949 0001
4949 0002
4949 0003
4949 0004
4949 0005
4949 0006
4949 0007
4949 0008
4949 0009
4949 0010
4949 0011
4949 0012
4949 0013
4949 0014
4949 0015
4949 0016
4949 0017
4949 0018
4949 0019
4949 0020
4949 0021
4949 0022
4955 0000
4955 0001
4955 0002
4955 0003
4955 0004
4955 0005
4955 0006
4955 0007
4955 0008
4955 0009
4955 0010
4955 0011
4955 0012
4955 0013
4955 0014
4955 0015
4958 0000
4958 0001
4958 0002
4958 0003
4958 0004
4958 0005
4958 0006
4958 0007
4958 0008
4958 0009
4958 0010
4958 0011
4958 0012
4958 0013
4958 0014
4958 0015
4958 0016
4961 0000
4961 0001
4961 0002
4961 0003
4961 0004
4961 0005
4961 0006
4961 0007
4961 0008
4961 0009
4961 0010
4961 0011
4961 0012
4961 0013
4963 0000
4963 0001
4963 0002
4963 0003
4963 0004
4963 0005
4963 0006
4963 0007
4963 0008
4963 0009
4963 0010
4963 0011
4963 0012
4963 0013
4965 0000
4965 0001
4965 0002
4965 0003
4965 0004
4965 0005
4965 0006
4965 0007
4965 0008
4965 0009
4965 0010
4965 0011
4965 0012
4965 0013
4965 0014
4965 0015
4965 0016
4965 0017
4965 0018
4965 0019
4965 0020
4965 0021
4965 0022
4965 0023
4965 0024
4965 0025
4965 0026
4965 0027
4965 0028
4965 0029
4965 0030
4965 0031
4974 0000
4974 0001
4974 0002
4974 0003
4974 0004
4974 0005
4974 0006
4974 0007
4974 0008
4974 0009
4974 0010
4974 0011
4974 0012
4974 0013
4974 0014
4974 0015
4974 0016
4974 0017
4974 0018
4974 0019
4974 0020
4975 0000
4975 0001
4975 0002
4975 0003
4975 0004
4975 0005
4975 0006
4975 0007
4975 0008
4975 0009
4975 0010
4975 0011
4975 0012
4975 0013
4975 0014
4976 0000
4976 0001
4976 0002
4976 0003
4976 0004
4976 0005
4976 0006
4976 0007
4976 0008
4976 0009
4976 0010
4976 0011
4976 0012
4976 0013
4981 0000
4981 0001
4981 0002
4981 0003
4981 0004
4981 0005
4981 0006
4981 0007
4981 0008
4981 0009
4981 0010
4981 0011
4981 0012
4981 0013
4981 0014
4981 0015
4981 0016
4981 0017
4981 0018
4981 0019
4982 0000
4982 0001
4982 0002
4982 0003
4982 0004
4982 0005
4982 0006
4982 0007
4982 0008
4982 0009
4982 0010
4982 0011
4982 0012
4982 0013
4982 0014
4982 0015
4982 0016
4982 0017
4982 0018
4982 0019
4982 0020
4982 0021
4982 0022
4982 0023
4986 0000
4986 0001
4986 0002
4986 0003
4986 0004
4986 0005
4986 0006
4986 0007
4986 0008
4986 0009
4986 0010
4986 0011
4986 0012
4986 0013
4986 0014
4986 0015
4986 0016
4986 0017
4986 0018
4986 0019
4986 0020
4986 0021
4986 0022
4986 0023
4986 0024
4986 0025
4986 0026
4986 0027
4986 0028
4986 0029
4988 0000
4988 0001
4988 0002
4988 0003
4988 0004
4988 0005
4988 0006
4988 0007
4988 0008
4988 0009
4988 0010
4988 0011
4988 0012
4988 0013
4988 0014
4988 0015
4988 0016
4988 0017
4988 0018
4988 0019
4988 0020
4990 0000
4990 0001
4990 0002
4990 0003
4990 0004
4990 0005
4990 0006
4990 0007
4990 0008
4990 0009
4990 0010
4990 0011
4990 0012
4990 0013
4990 0014
4990 0015
4990 0016
4990 0017
4996 0000
4996 0001
4996 0002
4996 0003
4996 0004
4996 0005
4996 0006
4996 0007
4996 0008
4996 0009
4996 0010
4996 0011
4996 0012
4996 0013
4996 0014
4996 0015
4996 0016
5001 0000
5001 0001
5001 0002
5001 0003
5001 0004
5001 0005
5001 0006
5001 0007
5001 0008
5001 0009
5001 0010
5001 0011
5001 0012
5001 0013
5001 0014
5001 0015
5001 0016
5001 0017
5004 0000
5004 0001
5004 0002
5004 0003
5004 0004
5004 0005
5004 0006
5004 0007
5004 0008
5004 0009
5004 0010
5004 0011
5004 0012
5004 0013
5004 0014
5004 0015
5004 0016
5004 0017
5004 0018
5004 0019
5004 0020
5004 0021
5004 0022
5010 0000
5010 0001
5010 0002
5010 0003
5010 0004
5010 0005
5010 0006
5010 0007
5010 0008
5010 0009
5010 0010
5010 0011
5010 0012
5010 0013
5010 0014
5010 0015
5010 0016
5010 0017
5010 0018
5010 0019
5010 0020
5010 0021
5010 0022
5010 0023
5010 0024
5021 0000
5021 0001
5021 0002
5021 0003
5021 0004
5021 0005
5021 0006
5021 0007
5021 0008
5021 0009
5021 0010
5021 0011
5021 0012
5021 0013
5021 0014
5021 0015
5030 0000
5030 0001
5030 0002
5030 0003
5030 0004
5030 0005
5030 0006
5030 0007
5030 0008
5030 0009
5030 0010
5030 0011
5030 0012
5030 0013
5030 0014
5030 0015
5030 0016
5030 0017
5030 0018
5030 0019
5030 0020
5030 0021
5030 0022
5030 0023
5030 0024
5041 0000
5041 0001
5041 0002
5041 0003
5041 0004
5041 0005
5041 0006
5041 0007
5041 0008
5041 0009
5041 0010
5041 0011
5041 0012
5041 0013
5041 0014
5041 0015
5041 0016
5041 0017
5041 0018
5041 0019
5041 0020
5041 0021
5041 0022
5041 0023
5041 0024
5041 0025
5041 0026
5041 0027
5041 0028
5044 0000
5044 0001
5044 0002
5044 0003
5044 0004
5044 0005
5044 0006
5044 0007
5044 0008
5044 0009
5044 0010
5044 0011
5044 0012
5044 0013
5044 0014
5044 0015
5044 0016
5044 0017
5044 0018
5044 0019
5044 0020
5044 0021
5044 0022
5044 0023
5044 0024
5044 0025
5044 0026
5044 0027
5046 0000
5046 0001
5046 0002
5046 0003
5046 0004
5046 0005
5046 0006
5046 0007
5046 0008
5046 0009
5046 0010
5046 0011
5046 0012
5046 0013
5046 0014
5046 0015
5046 0016
5046 0017
5053 0000
5053 0001
5053 0002
5053 0003
5053 0004
5053 0005
5053 0006
5053 0007
5053 0008
5053 0009
5053 0010
5053 0011
5053 0012
5053 0013
5053 0014
5053 0015
5053 0016
5053 0017
5053 0018
5053 0019
5067 0000
5067 0001
5067 0002
5067 0003
5067 0004
5067 0005
5067 0006
5067 0007
5067 0008
5067 0009
5067 0010
5067 0011
5067 0012
5067 0013
5067 0014
5067 0015
5067 0016
5067 0017
5067 0018
5067 0019
5067 0020
5067 0021
5067 0022
5067 0023
5067 0024
5067 0025
5067 0026
5067 0027
5077 0000
5077 0001
5077 0002
5077 0003
5077 0004
5077 0005
5077 0006
5077 0007
5077 0008
5077 0009
5077 0010
5077 0011
5077 0012
5077 0013
5077 0014
5077 0015
5077 0016
5077 0017
5077 0018
5077 0019
5077 0020
5077 0021
5089 0000
5089 0001
5089 0002
5089 0003
5089 0004
5089 0005
5089 0006
5089 0007
5089 0008
5089 0009
5089 0010
5089 0011
5089 0012
5089 0013
5089 0014
5089 0015
5089 0016
5089 0017
5089 0018
5099 0000
5099 0001
5099 0002
5099 0003
5099 0004
5099 0005
5099 0006
5099 0007
5099 0008
5099 0009
5099 0010
5099 0011
5099 0012
5099 0013
5099 0014
5099 0015
5099 0016
5099 0017
5099 0018
5099 0019
5099 0020
5099 0021
5099 0022
5099 0023
5099 0024
5099 0025
5099 0026
5101 0000
5101 0001
5101 0002
5101 0003
5101 0004
5101 0005
5101 0006
5101 0007
5101 0008
5101 0009
5101 0010
5101 0011
5101 0012
5101 0013
5101 0014
5101 0015
5101 0016
5101 0017
5101 0018
5101 0019
5106 0000
5106 0001
5106 0002
5106 0003
5106 0004
5106 0005
5106 0006
5106 0007
5106 0008
5106 0009
5106 0010
5106 0011
5106 0012
5106 0013
5106 0014
5106 0015
5106 0016
5106 0017
5106 0018
5106 0019
5106 0020
5106 0021
5111 0000
5111 0001
5111 0002
5111 0003
5111 0004
5111 0005
5111 0006
5111 0007
5111 0008
5111 0009
5111 0010
5111 0011
5111 0012
5111 0013
5111 0014
5111 0015
5111 0016
5111 0017
5111 0018
5111 0019
5111 0020
5114 0000
5114 0001
5114 0002
5114 0003
5114 0004
5114 0005
5114 0006
5114 0007
5114 0008
5114 0009
5114 0010
5114 0011
5114 0012
5114 0013
5114 0014
5114 0015
5114 0016
5114 0017
5115 0000
5115 0001
5115 0002
5115 0003
5115 0004
5115 0005
5115 0006
5115 0007
5115 0008
5115 0009
5115 0010
5115 0011
5115 0012
5115 0013
5115 0014
5115 0015
5117 0000
5117 0001
5117 0002
5117 0003
5117 0004
5117 0005
5117 0006
5117 0007
5117 0008
5117 0009
5117 0010
5117 0011
5117 0012
5117 0013
5117 0014
5123 0000
5123 0001
5123 0002
5123 0003
5123 0004
5123 0005
5123 0006
5123 0007
5123 0008
5123 0009
5123 0010
5123 0011
5123 0012
5123 0013
5123 0014
5123 0015
5123 0016
5123 0017
5123 0018
5123 0019
5127 0000
5127 0001
5127 0002
5127 0003
5127 0004
5127 0005
5127 0006
5127 0007
5127 0008
5127 0009
5127 0010
5127 0011
5127 0012
5127 0013
5127 0014
5127 0015
5127 0016
5127 0017
5127 0018
5127 0019
5127 0020
5127 0021
5127 0022
5127 0023
5127 0024
5132 0000
5132 0001
5132 0002
5132 0003
5132 0004
5132 0005
5132 0006
5132 0007
5132 0008
5132 0009
5132 0010
5132 0011
5132 0012
5132 0013
5132 0014
5132 0015
5132 0016
5132 0017
5132 0018
5132 0019
5132 0020
5132 0021
5132 0022
5132 0023
5132 0024
5132 0025
5135 0000
5135 0001
5135 0002
5135 0003
5135 0004
5135 0005
5135 0006
5135 0007
5135 0008
5135 0009
5135 0010
5135 0011
5135 0012
5135 0013
5135 0014
5135 0015
5135 0016
5135 0017
5135 0018
5135 0019
5145 0000
5145 0001
5145 0002
5145 0003
5145 0004
5145 0005
5145 0006
5145 0007
5145 0008
5145 0009
5145 0010
5145 0011
5145 0012
5145 0013
5145 0014
5145 0015
5145 0016
5145 0017
5145 0018
5145 0019
5145 0020
5145 0021
5145 0022
5145 0023
5145 0024
5145 0025
5145 0026
5145 0027
5145 0028
5145 0029
5146 0000
5146 0001
5146 0002
5146 0003
5146 0004
5146 0005
5146 0006
5146 0007
5146 0008
5146 0009
5146 0010
5146 0011
5146 0012
5146 0013
5146 0014
5146 0015
5146 0016
5146 0017
5146 0018
5146 0019
5146 0020
5146 0021
5154 0000
5154 0001
5154 0002
5154 0003
5154 0004
5154 0005
5154 0006
5154 0007
5154 0008
5154 0009
5154 0010
5154 0011
5154 0012
5154 0013
5166 0000
5166 0001
5166 0002
5166 0003
5166 0004
5166 0005
5166 0006
5166 0007
5166 0008
5166 0009
5166 0010
5166 0011
5166 0012
5166 0013
5166 0014
5166 0015
5166 0016
5166 0017
5167 0000
5167 0001
5167 0002
5167 0003
5167 0004
5167 0005
5167 0006
5167 0007
5167 0008
5167 0009
5167 0010
5167 0011
5167 0012
5167 0013
5167 0014
5167 0015
5167 0016
5167 0017
5167 0018
5167 0019
5167 0020
5167 0021
5168 0000
5168 0001
5168 0002
5168 0003
5168 0004
5168 0005
5168 0006
5168 0007
5168 0008
5168 0009
5168 0010
5168 0011
5168 0012
5168 0013
5168 0014
5168 0015
5168 0016
5168 0017
5168 0018
5168 0019
5168 0020
5168 0021
5168 0022
5168 0023
5168 0024
5171 0000
5171 0001
5171 0002
5171 0003
5171 0004
5171 0005
5171 0006
5171 0007
5171 0008
5171 0009
5171 0010
5171 0011
5171 0012
5171 0013
5171 0014
5171 0015
5171 0016
5171 0017
5171 0018
5171 0019
5171 0020
5171 0021
5171 0022
5171 0023
5171 0024
5171 0025
5176 0000
5176 0001
5176 0002
5176 0003
5176 0004
5176 0005
5176 0006
5176 0007
5176 0008
5176 0009
5176 0010
5176 0011
5176 0012
5176 0013
5176 0014
5176 0015
5176 0016
5176 0017
5176 0018
5176 0019
5176 0020
5176 0021
5176 0022
5176 0023
5181 0000
5181 0001
5181 0002
5181 0003
5181 0004
5181 0005
5181 0006
5181 0007
5181 0008
5181 0009
5181 0010
5181 0011
5181 0012
5181 0013
5181 0014
5181 0015
5181 0016
5181 0017
5181 0018
5181 0019
5183 0000
5183 0001
5183 0002
5183 0003
5183 0004
5183 0005
5183 0006
5183 0007
5183 0008
5183 0009
5183 0010
5183 0011
5183 0012
5183 0013
5183 0014
5183 0015
5183 0016
5183 0017
5183 0018
5183 0019
5183 0020
5183 0021
5183 0022
5187 0000
5187 0001
5187 0002
5187 0003
5187 0004
5187 0005
5187 0006
5187 0007
5187 0008
5187 0009
5187 0010
5187 0011
5187 0012
5187 0013
5187 0014
5187 0015
5187 0016
5187 0017
5187 0018
5187 0019
5187 0020
5187 0021
5187 0022
5187 0023
5188 0000
5188 0001
5188 0002
5188 0003
5188 0004
5188 0005
5188 0006
5188 0007
5188 0008
5188 0009
5188 0010
5188 0011
5188 0012
5188 0013
5188 0014
5188 0015
5188 0016
5188 0017
5188 0018
5188 0019
5188 0020
5188 0021
5188 0022
5188 0023
5190 0000
5190 0001
5190 0002
5190 0003
5190 0004
5190 0005
5190 0006
5190 0007
5190 0008
5190 0009
5190 0010
5190 0011
5190 0012
5190 0013
5190 0014
5190 0015
5190 0016
5190 0017
5190 0018
5190 0019
5190 0020
5199 0000
5199 0001
5199 0002
5199 0003
5199 0004
5199 0005
5199 0006
5199 0007
5199 0008
5199 0009
5199 0010
5200 0000
5200 0001
5200 0002
5200 0003
5200 0004
5200 0005
5200 0006
5200 0007
5200 0008
5200 0009
5200 0010
5200 0011
5200 0012
5200 0013
5200 0014
5200 0015
5202 0000
5202 0001
5202 0002
5202 0003
5202 0004
5202 0005
5202 0006
5202 0007
5202 0008
5202 0009
5202 0010
5202 0011
5202 0012
5202 0013
5202 0014
5202 0015
5202 0016
5202 0017
5202 0018
5202 0019
5202 0020
5202 0021
5204 0000
5204 0001
5204 0002
5204 0003
5204 0004
5204 0005
5204 0006
5204 0007
5204 0008
5204 0009
5204 0010
5204 0011
5204 0012
5204 0013
5204 0014
5204 0015
5204 0016
5204 0017
5204 0018
5204 0019
5204 0020
5204 0021
5204 0022
5214 0000
5214 0001
5214 0002
5214 0003
5214 0004
5214 0005
5214 0006
5214 0007
5214 0008
5214 0009
5214 0010
5214 0011
5214 0012
5214 0013
5214 0014
5214 0015
5214 0016
5214 0017
5214 0018
5214 0019
5214 0020
5214 0021
5214 0022
5214 0023
5214 0024
5214 0025
5215 0000
5215 0001
5215 0002
5215 0003
5215 0004
5215 0005
5215 0006
5215 0007
5215 0008
5215 0009
5215 0010
5215 0011
5215 0012
5215 0013
5215 0014
5215 0015
5215 0016
5215 0017
5215 0018
5215 0019
5215 0020
5215 0021
5215 0022
5215 0023
5215 0024
5215 0025
5215 0026
5218 0000
5218 0001
5218 0002
5218 0003
5218 0004
5218 0005
5218 0006
5218 0007
5218 0008
5218 0009
5218 0010
5218 0011
5218 0012
5218 0013
5218 0014
5218 0015
5218 0016
5218 0017
5218 0018
5218 0019
5218 0020
5218 0021
5218 0022
5218 0023
5218 0024
5218 0025
5218 0026
5218 0027
5218 0028
5218 0029
5218 0030
5219 0000
5219 0001
5219 0002
5219 0003
5219 0004
5219 0005
5219 0006
5219 0007
5219 0008
5219 0009
5219 0010
5219 0011
5219 0012
5219 0013
5219 0014
5219 0015
5219 0016
5219 0017
5219 0018
5219 0019
5219 0020
5219 0021
5219 0022
5219 0023
5219 0024
5219 0025
5219 0026
5219 0027
5219 0028
5219 0029
5221 0000
5221 0001
5221 0002
5221 0003
5221 0004
5221 0005
5221 0006
5221 0007
5221 0008
5221 0009
5221 0010
5221 0011
5221 0012
5221 0013
5221 0014
5221 0015
5221 0016
5221 0017
5221 0018
5223 0000
5223 0001
5223 0002
5223 0003
5223 0004
5223 0005
5223 0006
5223 0007
5223 0008
5223 0009
5223 0010
5223 0011
5223 0012
5223 0013
5223 0014
5223 0015
5223 0016
5223 0017
5223 0018
5223 0019
5224 0000
5224 0001
5224 0002
5224 0003
5224 0004
5224 0005
5224 0006
5224 0007
5224 0008
5224 0009
5224 0010
5224 0011
5224 0012
5224 0013
5224 0014
5224 0015
5224 0016
5224 0017
5224 0018
5224 0019
5224 0020
5224 0021
5224 0022
5224 0023
5224 0024
5224 0025
5224 0026
5225 0000
5225 0001
5225 0002
5225 0003
5225 0004
5225 0005
5225 0006
5225 0007
5225 0008
5225 0009
5225 0010
5225 0011
5225 0012
5225 0013
5225 0014
5225 0015
5225 0016
5225 0017
5225 0018
5225 0019
5225 0020
5225 0021
5225 0022
5225 0023
5225 0024
5225 0025
5225 0026
5225 0027
5227 0000
5227 0001
5227 0002
5227 0003
5227 0004
5227 0005
5227 0006
5227 0007
5227 0008
5227 0009
5227 0010
5227 0011
5227 0012
5227 0013
5227 0014
5227 0015
5227 0016
5227 0017
5227 0018
5227 0019
5227 0020
5227 0021
5227 0022
5227 0023
5227 0024
5227 0025
5227 0026
5227 0027
5227 0028
5227 0029
5227 0030
5228 0000
5228 0001
5228 0002
5228 0003
5228 0004
5228 0005
5228 0006
5228 0007
5228 0008
5228 0009
5228 0010
5228 0011
5228 0012
5229 0000
5229 0001
5229 0002
5229 0003
5229 0004
5229 0005
5229 0006
5229 0007
5229 0008
5229 0009
5229 0010
5229 0011
5229 0012
5229 0013
5229 0014
5229 0015
5231 0000
5231 0001
5231 0002
5231 0003
5231 0004
5231 0005
5231 0006
5231 0007
5231 0008
5231 0009
5231 0010
5231 0011
5231 0012
5231 0013
5231 0014
5231 0015
5231 0016
5231 0017
5231 0018
5231 0019
5231 0020
5231 0021
5231 0022
5231 0023
5231 0024
5231 0025
5231 0026
5231 0027
5231 0028
5231 0029
5231 0030
5231 0031
5231 0032
5231 0033
5232 0000
5232 0001
5232 0002
5232 0003
5232 0004
5232 0005
5232 0006
5232 0007
5232 0008
5232 0009
5232 0010
5232 0011
5232 0012
5232 0013
5232 0014
5232 0015
5232 0016
5232 0017
5232 0018
5232 0019
5232 0020
5232 0021
5232 0022
5232 0023
5232 0024
5232 0025
5232 0026
5232 0027
5232 0028
5232 0029
5232 0030
5242 0000
5242 0001
5242 0002
5242 0003
5242 0004
5242 0005
5242 0006
5242 0007
5242 0008
5242 0009
5242 0010
5242 0011
5242 0012
5242 0013
5242 0014
5242 0015
5242 0016
5242 0017
5242 0018
5242 0019
5242 0020
5242 0021
5242 0022
5242 0023
5242 0024
5245 0000
5245 0001
5245 0002
5245 0003
5245 0004
5245 0005
5245 0006
5245 0007
5245 0008
5245 0009
5245 0010
5245 0011
5245 0012
5245 0013
5245 0014
5245 0015
5245 0016
5247 0000
5247 0001
5247 0002
5247 0003
5247 0004
5247 0005
5247 0006
5247 0007
5247 0008
5247 0009
5247 0010
5247 0011
5247 0012
5247 0013
5247 0014
5247 0015
5247 0016
5247 0017
5247 0018
5247 0019
5247 0020
5247 0021
5247 0022
5247 0023
5247 0024
5247 0025
5247 0026
5249 0000
5249 0001
5249 0002
5249 0003
5249 0004
5249 0005
5249 0006
5249 0007
5249 0008
5249 0009
5249 0010
5249 0011
5249 0012
5249 0013
5249 0014
5249 0015
5249 0016
5249 0017
5249 0018
5249 0019
5249 0020
5249 0021
5249 0022
5249 0023
5249 0024
5249 0025
5249 0026
5251 0000
5251 0001
5251 0002
5251 0003
5251 0004
5251 0005
5251 0006
5251 0007
5251 0008
5251 0009
5251 0010
5251 0011
5251 0012
5251 0013
5251 0014
5251 0015
5251 0016
5251 0017
5251 0018
5251 0019
5251 0020
5251 0021
5251 0022
5251 0023
5261 0000
5261 0001
5261 0002
5261 0003
5261 0004
5261 0005
5261 0006
5261 0007
5261 0008
5261 0009
5261 0010
5261 0011
5261 0012
5261 0013
5261 0014
5261 0015
5261 0016
5261 0017
5261 0018
5261 0019
5261 0020
5261 0021
5261 0022
5261 0023
5261 0024
5261 0025
5261 0026
5261 0027
5261 0028
5261 0029
5261 0030
5263 0000
5263 0001
5263 0002
5263 0003
5263 0004
5263 0005
5263 0006
5263 0007
5263 0008
5263 0009
5263 0010
5263 0011
5263 0012
5263 0013
5263 0014
5263 0015
5263 0016
5263 0017
5263 0018
5263 0019
5263 0020
5263 0021
5263 0022
5263 0023
5265 0000
5265 0001
5265 0002
5265 0003
5265 0004
5265 0005
5265 0006
5265 0007
5265 0008
5265 0009
5265 0010
5265 0011
5265 0012
5265 0013
5265 0014
5265 0015
5265 0016
5265 0017
5265 0018
5265 0019
5265 0020
5265 0021
5265 0022
5267 0000
5267 0001
5267 0002
5267 0003
5267 0004
5267 0005
5267 0006
5267 0007
5267 0008
5267 0009
5267 0010
5267 0011
5267 0012
5267 0013
5267 0014
5267 0015
5267 0016
5267 0017
5267 0018
5267 0019
5267 0020
5267 0021
5268 0000
5268 0001
5268 0002
5268 0003
5268 0004
5268 0005
5268 0006
5268 0007
5268 0008
5268 0009
5268 0010
5268 0011
5268 0012
5268 0013
5268 0014
5268 0015
5268 0016
5268 0017
5268 0018
5268 0019
5268 0020
5272 0000
5272 0001
5272 0002
5272 0003
5272 0004
5272 0005
5272 0006
5272 0007
5272 0008
5272 0009
5272 0010
5272 0011
5272 0012
5272 0013
5272 0014
5272 0015
5272 0016
5272 0017
5272 0018
5272 0019
5272 0020
5272 0021
5272 0022
5272 0023
5272 0024
5272 0025
5272 0026
5276 0000
5276 0001
5276 0002
5276 0003
5276 0004
5276 0005
5276 0006
5276 0007
5276 0008
5276 0009
5276 0010
5276 0011
5276 0012
5276 0013
5276 0014
5276 0015
5276 0016
5276 0017
5276 0018
5276 0019
5278 0000
5278 0001
5278 0002
5278 0003
5278 0004
5278 0005
5278 0006
5278 0007
5278 0008
5278 0009
5278 0010
5278 0011
5278 0012
5278 0013
5278 0014
5278 0015
5278 0016
5278 0017
5281 0000
5281 0001
5281 0002
5281 0003
5281 0004
5281 0005
5281 0006
5281 0007
5281 0008
5281 0009
5281 0010
5281 0011
5281 0012
5281 0013
5281 0014
5281 0015
5281 0016
5281 0017
5281 0018
5281 0019
5281 0020
5281 0021
5281 0022
5281 0023
5281 0024
5281 0025
5281 0026
5281 0027
5281 0028
5283 0000
5283 0001
5283 0002
5283 0003
5283 0004
5283 0005
5283 0006
5283 0007
5283 0008
5283 0009
5283 0010
5283 0011
5283 0012
5283 0013
5286 0000
5286 0001
5286 0002
5286 0003
5286 0004
5286 0005
5286 0006
5286 0007
5286 0008
5286 0009
5286 0010
5286 0011
5286 0012
5286 0013
5286 0014
5286 0015
5286 0016
5286 0017
5286 0018
5286 0019
5286 0020
5286 0021
5286 0022
5286 0023
5290 0000
5290 0001
5290 0002
5290 0003
5290 0004
5290 0005
5290 0006
5290 0007
5290 0008
5290 0009
5290 0010
5290 0011
5290 0012
5290 0013
5290 0014
5290 0015
5292 0000
5292 0001
5292 0002
5292 0003
5292 0004
5292 0005
5292 0006
5292 0007
5292 0008
5292 0009
5292 0010
5292 0011
5292 0012
5292 0013
5292 0014
5292 0015
5292 0016
5292 0017
5292 0018
5292 0019
5292 0020
5292 0021
5292 0022
5292 0023
5292 0024
5293 0000
5293 0001
5293 0002
5293 0003
5293 0004
5293 0005
5293 0006
5293 0007
5293 0008
5293 0009
5293 0010
5293 0011
5293 0012
5293 0013
5294 0000
5294 0001
5294 0002
5294 0003
5294 0004
5294 0005
5294 0006
5294 0007
5294 0008
5294 0009
5294 0010
5294 0011
5294 0012
5294 0013
5294 0014
5294 0015
5294 0016
5294 0017
5294 0018
5302 0000
5302 0001
5302 0002
5302 0003
5302 0004
5302 0005
5302 0006
5302 0007
5302 0008
5302 0009
5302 0010
5302 0011
5302 0012
5302 0013
5302 0014
5302 0015
5302 0016
5302 0017
5302 0018
5302 0019
5302 0020
5302 0021
5302 0022
5303 0000
5303 0001
5303 0002
5303 0003
5303 0004
5303 0005
5303 0006
5303 0007
5303 0008
5303 0009
5303 0010
5303 0011
5303 0012
5303 0013
5303 0014
5303 0015
5303 0016
5303 0017
5303 0018
5303 0019
5303 0020
5303 0021
5303 0022
5303 0023
5304 0000
5304 0001
5304 0002
5304 0003
5304 0004
5304 0005
5304 0006
5304 0007
5304 0008
5304 0009
5304 0010
5304 0011
5304 0012
5304 0013
5304 0014
5305 0000
5305 0001
5305 0002
5305 0003
5305 0004
5305 0005
5305 0006
5305 0007
5305 0008
5305 0009
5305 0010
5305 0011
5305 0012
5305 0013
5305 0014
5305 0015
5305 0016
5305 0017
5305 0018
5305 0019
5313 0000
5313 0001
5313 0002
5313 0003
5313 0004
5313 0005
5313 0006
5313 0007
5313 0008
5313 0009
5313 0010
5313 0011
5313 0012
5313 0013
5313 0014
5313 0015
5313 0016
5313 0017
5313 0018
5313 0019
5313 0020
5314 0000
5314 0001
5314 0002
5314 0003
5314 0004
5314 0005
5314 0006
5314 0007
5314 0008
5314 0009
5314 0010
5314 0011
5314 0012
5314 0013
5314 0014
5314 0015
5314 0016
5314 0017
5314 0018
5314 0019
5314 0020
5314 0021
5314 0022
5314 0023
5315 0000
5315 0001
5315 0002
5315 0003
5315 0004
5315 0005
5315 0006
5315 0007
5315 0008
5315 0009
5315 0010
5315 0011
5315 0012
5315 0013
5315 0014
5315 0015
5315 0016
5315 0017
5315 0018
5315 0019
5315 0020
5315 0021
5315 0022
5315 0023
5315 0024
5315 0025
5315 0026
5315 0027
5331 0000
5331 0001
5331 0002
5331 0003
5331 0004
5331 0005
5331 0006
5331 0007
5331 0008
5331 0009
5331 0010
5331 0011
5331 0012
5331 0013
5331 0014
5331 0015
5331 0016
5331 0017
5331 0018
5331 0019
5331 0020
5332 0000
5332 0001
5332 0002
5332 0003
5332 0004
5332 0005
5332 0006
5332 0007
5332 0008
5332 0009
5332 0010
5332 0011
5332 0012
5332 0013
5332 0014
5332 0015
5332 0016
5332 0017
5332 0018
5332 0019
5332 0020
5332 0021
5332 0022
5332 0023
5332 0024
5332 0025
5332 0026
5332 0027
5332 0028
5338 0000
5338 0001
5338 0002
5338 0003
5338 0004
5338 0005
5338 0006
5338 0007
5338 0008
5338 0009
5338 0010
5338 0011
5338 0012
5338 0013
5338 0014
5338 0015
5338 0016
5338 0017
5338 0018
5338 0019
5338 0020
5338 0021
5338 0022
5338 0023
5338 0024
5338 0025
5338 0026
5338 0027
5338 0028
5338 0029
5340 0000
5340 0001
5340 0002
5340 0003
5340 0004
5340 0005
5340 0006
5340 0007
5340 0008
5340 0009
5340 0010
5340 0011
5340 0012
5340 0013
5340 0014
5340 0015
5340 0016
5340 0017
5340 0018
5340 0019
5340 0020
5340 0021
5340 0022
5340 0023
5340 0024
5340 0025
5340 0026
5340 0027
5348 0000
5348 0001
5348 0002
5348 0003
5348 0004
5348 0005
5348 0006
5348 0007
5348 0008
5348 0009
5348 0010
5351 0000
5351 0001
5351 0002
5351 0003
5351 0004
5351 0005
5351 0006
5351 0007
5351 0008
5351 0009
5351 0010
5351 0011
5351 0012
5351 0013
5351 0014
5351 0015
5351 0016
5351 0017
5351 0018
5351 0019
5351 0020
5351 0021
5351 0022
5351 0023
5351 0024
5351 0025
5351 0026
5351 0027
5351 0028
5352 0000
5352 0001
5352 0002
5352 0003
5352 0004
5352 0005
5352 0006
5352 0007
5352 0008
5352 0009
5352 0010
5352 0011
5352 0012
5352 0013
5352 0014
5352 0015
5352 0016
5352 0017
5352 0018
5352 0019
5352 0020
5352 0021
5352 0022
5356 0000
5356 0001
5356 0002
5356 0003
5356 0004
5356 0005
5356 0006
5356 0007
5356 0008
5356 0009
5356 0010
5356 0011
5356 0012
5356 0013
5356 0014
5356 0015
5356 0016
5356 0017
5356 0018
5356 0019
5356 0020
5356 0021
5356 0022
5356 0023
5357 0000
5357 0001
5357 0002
5357 0003
5357 0004
5357 0005
5357 0006
5357 0007
5357 0008
5357 0009
5357 0010
5357 0011
5357 0012
5357 0013
5357 0014
5357 0015
5357 0016
5357 0017
5357 0018
5357 0019
5357 0020
5357 0021
5357 0022
5357 0023
5357 0024
5366 0000
5366 0001
5366 0002
5366 0003
5366 0004
5366 0005
5366 0006
5366 0007
5366 0008
5366 0009
5366 0010
5366 0011
5366 0012
5366 0013
5366 0014
5366 0015
5366 0016
5366 0017
5366 0018
5366 0019
5366 0020
5366 0021
5366 0022
5366 0023
5366 0024
5366 0025
5366 0026
5368 0000
5368 0001
5368 0002
5368 0003
5368 0004
5368 0005
5368 0006
5368 0007
5368 0008
5368 0009
5368 0010
5368 0011
5368 0012
5368 0013
5368 0014
5368 0015
5369 0000
5369 0001
5369 0002
5369 0003
5369 0004
5369 0005
5369 0006
5369 0007
5369 0008
5369 0009
5369 0010
5369 0011
5369 0012
5369 0013
5369 0014
5369 0015
5369 0016
5369 0017
5369 0018
5369 0019
5369 0020
5369 0021
5369 0022
5369 0023
5369 0024
5369 0025
5369 0026
5369 0027
5369 0028
5369 0029
5370 0000
5370 0001
5370 0002
5370 0003
5370 0004
5370 0005
5370 0006
5370 0007
5370 0008
5370 0009
5370 0010
5370 0011
5370 0012
5370 0013
5370 0014
5370 0015
5370 0016
5370 0017
5370 0018
5370 0019
5370 0020
5370 0021
5370 0022
5370 0023
5370 0024
5373 0000
5373 0001
5373 0002
5373 0003
5373 0004
5373 0005
5373 0006
5373 0007
5373 0008
5373 0009
5373 0010
5373 0011
5373 0012
5373 0013
5373 0014
5373 0015
5373 0016
5373 0017
5373 0018
5373 0019
5373 0020
5373 0021
5373 0022
5379 0000
5379 0001
5379 0002
5379 0003
5379 0004
5379 0005
5379 0006
5379 0007
5379 0008
5379 0009
5379 0010
5379 0011
5379 0012
5379 0013
5379 0014
5379 0015
5379 0016
5379 0017
5379 0018
5379 0019
5381 0000
5381 0001
5381 0002
5381 0003
5381 0004
5381 0005
5381 0006
5381 0007
5381 0008
5381 0009
5381 0010
5381 0011
5381 0012
5381 0013
5381 0014
5381 0015
5388 0000
5388 0001
5388 0002
5388 0003
5388 0004
5388 0005
5388 0006
5388 0007
5388 0008
5388 0009
5388 0010
5388 0011
5388 0012
5388 0013
5388 0014
5388 0015
5392 0000
5392 0001
5392 0002
5392 0003
5392 0004
5392 0005
5392 0006
5392 0007
5392 0008
5392 0009
5392 0010
5392 0011
5392 0012
5392 0013
5392 0014
5392 0015
5392 0016
5392 0017
5392 0018
5392 0019
5392 0020
5392 0021
5392 0022
5392 0023
5392 0024
5393 0000
5393 0001
5393 0002
5393 0003
5393 0004
5393 0005
5393 0006
5393 0007
5393 0008
5393 0009
5397 0000
5397 0001
5397 0002
5397 0003
5397 0004
5397 0005
5397 0006
5397 0007
5397 0008
5397 0009
5397 0010
5397 0011
5397 0012
5397 0013
5397 0014
5397 0015
5397 0016
5397 0017
5397 0018
5397 0019
5397 0020
5406 0000
5406 0001
5406 0002
5406 0003
5406 0004
5406 0005
5406 0006
5406 0007
5406 0008
5406 0009
5406 0010
5406 0011
5406 0012
5406 0013
5406 0014
5406 0015
5406 0016
5406 0017
5406 0018
5406 0019
5406 0020
5406 0021
5406 0022
5406 0023
5412 0000
5412 0001
5412 0002
5412 0003
5412 0004
5412 0005
5412 0006
5412 0007
5412 0008
5412 0009
5412 0010
5412 0011
5412 0012
5412 0013
5412 0014
5412 0015
5412 0016
5413 0000
5413 0001
5413 0002
5413 0003
5413 0004
5413 0005
5413 0006
5413 0007
5413 0008
5413 0009
5413 0010
5413 0011
5413 0012
5413 0013
5413 0014
5413 0015
5413 0016
5413 0017
5413 0018
5413 0019
5413 0020
5413 0021
5413 0022
5413 0023
5413 0024
5413 0025
5413 0026
5413 0027
5413 0028
5414 0000
5414 0001
5414 0002
5414 0003
5414 0004
5414 0005
5414 0006
5414 0007
5414 0008
5414 0009
5414 0010
5414 0011
5414 0012
5414 0013
5414 0014
5414 0015
5414 0016
5414 0017
5414 0018
5414 0019
5414 0020
5414 0021
5418 0000
5418 0001
5418 0002
5418 0003
5418 0004
5418 0005
5418 0006
5418 0007
5418 0008
5418 0009
5418 0010
5418 0011
5418 0012
5418 0013
5418 0014
5418 0015
5418 0016
5418 0017
5418 0018
5418 0019
5418 0020
5418 0021
5418 0022
5418 0023
5421 0000
5421 0001
5421 0002
5421 0003
5421 0004
5421 0005
5421 0006
5421 0007
5421 0008
5421 0009
5421 0010
5421 0011
5421 0012
5421 0013
5421 0014
5421 0015
5421 0016
5421 0017
5421 0018
5421 0019
5421 0020
5421 0021
5421 0022
5421 0023
5421 0024
5421 0025
5421 0026
5421 0027
5421 0028
5423 0000
5423 0001
5423 0002
5423 0003
5423 0004
5423 0005
5423 0006
5423 0007
5423 0008
5423 0009
5423 0010
5423 0011
5423 0012
5423 0013
5423 0014
5423 0015
5423 0016
5423 0017
5423 0018
5423 0019
5423 0020
5423 0021
5423 0022
5423 0023
5424 0000
5424 0001
5424 0002
5424 0003
5424 0004
5424 0005
5424 0006
5424 0007
5424 0008
5424 0009
5424 0010
5424 0011
5424 0012
5424 0013
5424 0014
5424 0015
5424 0016
5424 0017
5424 0018
5424 0019
5424 0020
5424 0021
5424 0022
5424 0023
5424 0024
5424 0025
5424 0026
5424 0027
5424 0028
5440 0000
5440 0001
5440 0002
5440 0003
5440 0004
5440 0005
5440 0006
5440 0007
5440 0008
5440 0009
5440 0010
5440 0011
5440 0012
5440 0013
5440 0014
5440 0015
5440 0016
5440 0017
5440 0018
5440 0019
5440 0020
5440 0021
5440 0022
5440 0023
5440 0024
5440 0025
5440 0026
5449 0000
5449 0001
5449 0002
5449 0003
5449 0004
5449 0005
5449 0006
5449 0007
5449 0008
5449 0009
5449 0010
5449 0011
5449 0012
5449 0013
5449 0014
5449 0015
5449 0016
5449 0017
5449 0018
5449 0019
5449 0020
5449 0021
5449 0022
5460 0000
5460 0001
5460 0002
5460 0003
5460 0004
5460 0005
5460 0006
5460 0007
5460 0008
5460 0009
5460 0010
5460 0011
5460 0012
5460 0013
5460 0014
5460 0015
5460 0016
5460 0017
5466 0000
5466 0001
5466 0002
5466 0003
5466 0004
5466 0005
5466 0006
5466 0007
5466 0008
5466 0009
5466 0010
5466 0011
5466 0012
5466 0013
5466 0014
5466 0015
5466 0016
5466 0017
5466 0018
5466 0019
5466 0020
5466 0021
5466 0022
5466 0023
5466 0024
5473 0000
5473 0001
5473 0002
5473 0003
5473 0004
5473 0005
5473 0006
5473 0007
5473 0008
5473 0009
5473 0010
5473 0011
5473 0012
5473 0013
5473 0014
5473 0015
5473 0016
5473 0017
5473 0018
5473 0019
5473 0020
5473 0021
5481 0000
5481 0001
5481 0002
5481 0003
5481 0004
5481 0005
5481 0006
5481 0007
5481 0008
5481 0009
5481 0010
5481 0011
5481 0012
5481 0013
5481 0014
5481 0015
5481 0016
5481 0017
5481 0018
5481 0019
5481 0020
5481 0021
5481 0022
5481 0023
5481 0024
5481 0025
5482 0000
5482 0001
5482 0002
5482 0003
5482 0004
5482 0005
5482 0006
5482 0007
5482 0008
5482 0009
5482 0010
5482 0011
5482 0012
5482 0013
5482 0014
5482 0015
5482 0016
5482 0017
5482 0018
5482 0019
5484 0000
5484 0001
5484 0002
5484 0003
5484 0004
5484 0005
5484 0006
5484 0007
5484 0008
5484 0009
5484 0010
5484 0011
5484 0012
5484 0013
5484 0014
5484 0015
5484 0016
5484 0017
5484 0018
5484 0019
5484 0020
5484 0021
5484 0022
5484 0023
5484 0024
5484 0025
5484 0026
5484 0027
5497 0000
5497 0001
5497 0002
5497 0003
5497 0004
5497 0005
5497 0006
5497 0007
5497 0008
5497 0009
5497 0010
5497 0011
5497 0012
5497 0013
5497 0014
5497 0015
5497 0016
5497 0017
5497 0018
5497 0019
5498 0000
5498 0001
5498 0002
5498 0003
5498 0004
5498 0005
5498 0006
5498 0007
5498 0008
5498 0009
5498 0010
5498 0011
5498 0012
5498 0013
5498 0014
5498 0015
5498 0016
5498 0017
5498 0018
5498 0019
5498 0020
5498 0021
5498 0022
5498 0023
5498 0024
5498 0025
5498 0026
5498 0027
5498 0028
5498 0029
5498 0030
5498 0031
5498 0032
5505 0000
5505 0001
5505 0002
5505 0003
5505 0004
5505 0005
5505 0006
5505 0007
5505 0008
5505 0009
5505 0010
5505 0011
5505 0012
5505 0013
5505 0014
5505 0015
5505 0016
5505 0017
5505 0018
5505 0019
5505 0020
5505 0021
5505 0022
5505 0023
5506 0000
5506 0001
5506 0002
5506 0003
5506 0004
5506 0005
5506 0006
5506 0007
5506 0008
5506 0009
5506 0010
5506 0011
5506 0012
5506 0013
5506 0014
5506 0015
5506 0016
5506 0017
5506 0018
5506 0019
5506 0020
5506 0021
5506 0022
5512 0000
5512 0001
5512 0002
5512 0003
5512 0004
5512 0005
5512 0006
5512 0007
5512 0008
5512 0009
5512 0010
5512 0011
5512 0012
5512 0013
5512 0014
5512 0015
5512 0016
5520 0000
5520 0001
5520 0002
5520 0003
5520 0004
5520 0005
5520 0006
5520 0007
5520 0008
5520 0009
5520 0010
5520 0011
5520 0012
5520 0013
5520 0014
5520 0015
5520 0016
5520 0017
5520 0018
5521 0000
5521 0001
5521 0002
5521 0003
5521 0004
5521 0005
5521 0006
5521 0007
5521 0008
5521 0009
5521 0010
5521 0011
5521 0012
5521 0013
5521 0014
5521 0015
5521 0016
5521 0017
5521 0018
5521 0019
5521 0020
5521 0021
5521 0022
5521 0023
5521 0024
5521 0025
5521 0026
5522 0000
5522 0001
5522 0002
5522 0003
5522 0004
5522 0005
5522 0006
5522 0007
5522 0008
5522 0009
5522 0010
5522 0011
5522 0012
5522 0013
5523 0000
5523 0001
5523 0002
5523 0003
5523 0004
5523 0005
5523 0006
5523 0007
5523 0008
5523 0009
5523 0010
5523 0011
5523 0012
5523 0013
5523 0014
5523 0015
5523 0016
5523 0017
5523 0018
5523 0019
5523 0020
5523 0021
5523 0022
5523 0023
5526 0000
5526 0001
5526 0002
5526 0003
5526 0004
5526 0005
5526 0006
5526 0007
5526 0008
5526 0009
5526 0010
5526 0011
5526 0012
5526 0013
5526 0014
5526 0015
5526 0016
5526 0017
5526 0018
5526 0019
5526 0020
5526 0021
5526 0022
5526 0023
5526 0024
5526 0025
5535 0000
5535 0001
5535 0002
5535 0003
5535 0004
5535 0005
5535 0006
5535 0007
5535 0008
5535 0009
5535 0010
5535 0011
5535 0012
5535 0013
5539 0000
5539 0001
5539 0002
5539 0003
5539 0004
5539 0005
5539 0006
5539 0007
5539 0008
5539 0009
5539 0010
5539 0011
5539 0012
5539 0013
5539 0014
5539 0015
5539 0016
5539 0017
5540 0000
5540 0001
5540 0002
5540 0003
5540 0004
5540 0005
5540 0006
5540 0007
5540 0008
5540 0009
5540 0010
5540 0011
5540 0012
5540 0013
5540 0014
5540 0015
5540 0016
5540 0017
5540 0018
5545 0000
5545 0001
5545 0002
5545 0003
5545 0004
5545 0005
5545 0006
5545 0007
5545 0008
5545 0009
5545 0010
5545 0011
5545 0012
5545 0013
5545 0014
5545 0015
5545 0016
5545 0017
5545 0018
5545 0019
5545 0020
5545 0021
5545 0022
5545 0023
5545 0024
5545 0025
5545 0026
5545 0027
5545 0028
5545 0029
5545 0030
5546 0000
5546 0001
5546 0002
5546 0003
5546 0004
5546 0005
5546 0006
5546 0007
5546 0008
5546 0009
5546 0010
5546 0011
5546 0012
5546 0013
5546 0014
5546 0015
5546 0016
5546 0017
5546 0018
5546 0019
5546 0020
5546 0021
5547 0000
5547 0001
5547 0002
5547 0003
5547 0004
5547 0005
5547 0006
5547 0007
5547 0008
5547 0009
5547 0010
5547 0011
5547 0012
5547 0013
5547 0014
5547 0015
5547 0016
5547 0017
5547 0018
5547 0019
5547 0020
5547 0021
5547 0022
5547 0023
5547 0024
5547 0025
5547 0026
5547 0027
5547 0028
5547 0029
5553 0000
5553 0001
5553 0002
5553 0003
5553 0004
5553 0005
5553 0006
5553 0007
5553 0008
5553 0009
5553 0010
5553 0011
5553 0012
5553 0013
5553 0014
5553 0015
5553 0016
5553 0017
5553 0018
5553 0019
5553 0020
5553 0021
5553 0022
5553 0023
5553 0024
5554 0000
5554 0001
5554 0002
5554 0003
5554 0004
5554 0005
5554 0006
5554 0007
5554 0008
5554 0009
5554 0010
5554 0011
5554 0012
5554 0013
5554 0014
5554 0015
5554 0016
5554 0017
5554 0018
5554 0019
5554 0020
5554 0021
5554 0022
5555 0000
5555 0001
5555 0002
5555 0003
5555 0004
5555 0005
5555 0006
5555 0007
5555 0008
5555 0009
5555 0010
5555 0011
5555 0012
5555 0013
5555 0014
5555 0015
5556 0000
5556 0001
5556 0002
5556 0003
5556 0004
5556 0005
5556 0006
5556 0007
5556 0008
5556 0009
5556 0010
5556 0011
5556 0012
5556 0013
5556 0014
5556 0015
5556 0016
5556 0017
5556 0018
5556 0019
5556 0020
5556 0021
5556 0022
5556 0023
5556 0024
5556 0025
5556 0026
5556 0027
5556 0028
5556 0029
5556 0030
5556 0031
5557 0000
5557 0001
5557 0002
5557 0003
5557 0004
5557 0005
5557 0006
5557 0007
5557 0008
5557 0009
5557 0010
5557 0011
5557 0012
5557 0013
5557 0014
5557 0015
5564 0000
5564 0001
5564 0002
5564 0003
5564 0004
5564 0005
5564 0006
5564 0007
5564 0008
5564 0009
5564 0010
5564 0011
5564 0012
5564 0013
5564 0014
5564 0015
5564 0016
5564 0017
5564 0018
5564 0019
5566 0000
5566 0001
5566 0002
5566 0003
5566 0004
5566 0005
5566 0006
5566 0007
5566 0008
5566 0009
5566 0010
5566 0011
5566 0012
5566 0013
5566 0014
5566 0015
5566 0016
5566 0017
5566 0018
5566 0019
5566 0020
5566 0021
5566 0022
5571 0000
5571 0001
5571 0002
5571 0003
5571 0004
5571 0005
5571 0006
5571 0007
5571 0008
5571 0009
5571 0010
5571 0011
5571 0012
5571 0013
5571 0014
5571 0015
5571 0016
5571 0017
5571 0018
5571 0019
5571 0020
5572 0000
5572 0001
5572 0002
5572 0003
5572 0004
5572 0005
5572 0006
5572 0007
5572 0008
5572 0009
5572 0010
5572 0011
5572 0012
5572 0013
5572 0014
5572 0015
5572 0016
5572 0017
5572 0018
5572 0019
5572 0020
5572 0021
5572 0022
5572 0023
5572 0024
5576 0000
5576 0001
5576 0002
5576 0003
5576 0004
5576 0005
5576 0006
5576 0007
5576 0008
5576 0009
5576 0010
5576 0011
5576 0012
5576 0013
5576 0014
5576 0015
5576 0016
5576 0017
5576 0018
5576 0019
5576 0020
5576 0021
5576 0022
5576 0023
5576 0024
5576 0025
5582 0000
5582 0001
5582 0002
5582 0003
5582 0004
5582 0005
5582 0006
5582 0007
5582 0008
5582 0009
5582 0010
5582 0011
5582 0012
5582 0013
5582 0014
5582 0015
5582 0016
5582 0017
5582 0018
5582 0019
5582 0020
5582 0021
5582 0022
5582 0023
5583 0000
5583 0001
5583 0002
5583 0003
5583 0004
5583 0005
5583 0006
5583 0007
5583 0008
5583 0009
5583 0010
5583 0011
5583 0012
5583 0013
5583 0014
5583 0015
5583 0016
5584 0000
5584 0001
5584 0002
5584 0003
5584 0004
5584 0005
5584 0006
5584 0007
5584 0008
5584 0009
5584 0010
5584 0011
5584 0012
5584 0013
5584 0014
5584 0015
5584 0016
5584 0017
5593 0000
5593 0001
5593 0002
5593 0003
5593 0004
5593 0005
5593 0006
5593 0007
5593 0008
5593 0009
5593 0010
5593 0011
5593 0012
5593 0013
5593 0014
5593 0015
5593 0016
5593 0017
5593 0018
5593 0019
5593 0020
5593 0021
5593 0022
5593 0023
5593 0024
5593 0025
5593 0026
5593 0027
5603 0000
5603 0001
5603 0002
5603 0003
5603 0004
5603 0005
5603 0006
5603 0007
5603 0008
5603 0009
5603 0010
5603 0011
5603 0012
5603 0013
5603 0014
5603 0015
5603 0016
5603 0017
5603 0018
5603 0019
5603 0020
5603 0021
5603 0022
5603 0023
5604 0000
5604 0001
5604 0002
5604 0003
5604 0004
5604 0005
5604 0006
5604 0007
5604 0008
5604 0009
5604 0010
5604 0011
5604 0012
5604 0013
5604 0014
5604 0015
5604 0016
5604 0017
5604 0018
5604 0019
5604 0020
5604 0021
5604 0022
5604 0023
5604 0024
5604 0025
5604 0026
5605 0000
5605 0001
5605 0002
5605 0003
5605 0004
5605 0005
5605 0006
5605 0007
5605 0008
5605 0009
5605 0010
5605 0011
5605 0012
5605 0013
5605 0014
5605 0015
5605 0016
5605 0017
5606 0000
5606 0001
5606 0002
5606 0003
5606 0004
5606 0005
5606 0006
5606 0007
5606 0008
5606 0009
5606 0010
5606 0011
5606 0012
5606 0013
5606 0014
5606 0015
5606 0016
5606 0017
5606 0018
5606 0019
5606 0020
5606 0021
5606 0022
5606 0023
5606 0024
5606 0025
5606 0026
5606 0027
5607 0000
5607 0001
5607 0002
5607 0003
5607 0004
5607 0005
5607 0006
5607 0007
5607 0008
5607 0009
5607 0010
5607 0011
5607 0012
5607 0013
5608 0000
5608 0001
5608 0002
5608 0003
5608 0004
5608 0005
5608 0006
5608 0007
5608 0008
5608 0009
5608 0010
5608 0011
5608 0012
5608 0013
5608 0014
5608 0015
5608 0016
5608 0017
5608 0018
5608 0019
5608 0020
5608 0021
5608 0022
5608 0023
5608 0024
5614 0000
5614 0001
5614 0002
5614 0003
5614 0004
5614 0005
5614 0006
5614 0007
5614 0008
5614 0009
5614 0010
5614 0011
5614 0012
5614 0013
5614 0014
5614 0015
5614 0016
5614 0017
5623 0000
5623 0001
5623 0002
5623 0003
5623 0004
5623 0005
5623 0006
5623 0007
5623 0008
5623 0009
5623 0010
5623 0011
5623 0012
5623 0013
5623 0014
5623 0015
5623 0016
5623 0017
5623 0018
5623 0019
5624 0000
5624 0001
5624 0002
5624 0003
5624 0004
5624 0005
5624 0006
5624 0007
5624 0008
5624 0009
5624 0010
5624 0011
5624 0012
5624 0013
5624 0014
5624 0015
5624 0016
5624 0017
5624 0018
5624 0019
5624 0020
5624 0021
5628 0000
5628 0001
5628 0002
5628 0003
5628 0004
5628 0005
5628 0006
5628 0007
5628 0008
5628 0009
5628 0010
5628 0011
5628 0012
5628 0013
5628 0014
5628 0015
5628 0016
5629 0000
5629 0001
5629 0002
5629 0003
5629 0004
5629 0005
5629 0006
5629 0007
5629 0008
5629 0009
5629 0010
5629 0011
5629 0012
5629 0013
5629 0014
5629 0015
5629 0016
5629 0017
5629 0018
5629 0019
5629 0020
5629 0021
5631 0000
5631 0001
5631 0002
5631 0003
5631 0004
5631 0005
5631 0006
5631 0007
5631 0008
5631 0009
5631 0010
5631 0011
5631 0012
5631 0013
5631 0014
5631 0015
5631 0016
5631 0017
5631 0018
5634 0000
5634 0001
5634 0002
5634 0003
5634 0004
5634 0005
5634 0006
5634 0007
5634 0008
5634 0009
5634 0010
5634 0011
5634 0012
5634 0013
5634 0014
5634 0015
5634 0016
5634 0017
5634 0018
5634 0019
5634 0020
5634 0021
5634 0022
5634 0023
5634 0024
5634 0025
5637 0000
5637 0001
5637 0002
5637 0003
5637 0004
5637 0005
5637 0006
5637 0007
5637 0008
5637 0009
5637 0010
5637 0011
5637 0012
5637 0013
5637 0014
5637 0015
5637 0016
5637 0017
5637 0018
5637 0019
5637 0020
5637 0021
5637 0022
5637 0023
5637 0024
5637 0025
5637 0026
5640 0000
5640 0001
5640 0002
5640 0003
5640 0004
5640 0005
5640 0006
5640 0007
5640 0008
5640 0009
5640 0010
5640 0011
5640 0012
5640 0013
5640 0014
5640 0015
5640 0016
5640 0017
5640 0018
5640 0019
5640 0020
5650 0000
5650 0001
5650 0002
5650 0003
5650 0004
5650 0005
5650 0006
5650 0007
5650 0008
5650 0009
5650 0010
5650 0011
5650 0012
5650 0013
5661 0000
5661 0001
5661 0002
5661 0003
5661 0004
5661 0005
5661 0006
5661 0007
5661 0008
5661 0009
5661 0010
5661 0011
5661 0012
5661 0013
5661 0014
5661 0015
5661 0016
5661 0017
5661 0018
5661 0019
5661 0020
5661 0021
5661 0022
5661 0023
5661 0024
5661 0025
5661 0026
5661 0027
5661 0028
5661 0029
5661 0030
5663 0000
5663 0001
5663 0002
5663 0003
5663 0004
5663 0005
5663 0006
5663 0007
5663 0008
5663 0009
5663 0010
5663 0011
5663 0012
5663 0013
5663 0014
5663 0015
5663 0016
5663 0017
5663 0018
5675 0000
5675 0001
5675 0002
5675 0003
5675 0004
5675 0005
5675 0006
5675 0007
5675 0008
5675 0009
5675 0010
5675 0011
5675 0012
5675 0013
5675 0014
5675 0015
5675 0016
5675 0017
5675 0018
5675 0019
5675 0020
5675 0021
5675 0022
5675 0023
5675 0024
5675 0025
5675 0026
5676 0000
5676 0001
5676 0002
5676 0003
5676 0004
5676 0005
5676 0006
5676 0007
5676 0008
5676 0009
5676 0010
5676 0011
5676 0012
5676 0013
5676 0014
5676 0015
5676 0016
5676 0017
5676 0018
5676 0019
5676 0020
5676 0021
5676 0022
5676 0023
5684 0000
5684 0001
5684 0002
5684 0003
5684 0004
5684 0005
5684 0006
5684 0007
5684 0008
5684 0009
5684 0010
5684 0011
5684 0012
5684 0013
5684 0014
5684 0015
5684 0016
5684 0017
5684 0018
5684 0019
5684 0020
5684 0021
5684 0022
5684 0023
5684 0024
5684 0025
5684 0026
5684 0027
5684 0028
5689 0000
5689 0001
5689 0002
5689 0003
5689 0004
5689 0005
5689 0006
5689 0007
5689 0008
5689 0009
5689 0010
5689 0011
5689 0012
5689 0013
5689 0014
5689 0015
5689 0016
5689 0017
5689 0018
5691 0000
5691 0001
5691 0002
5691 0003
5691 0004
5691 0005
5691 0006
5691 0007
5691 0008
5691 0009
5691 0010
5691 0011
5691 0012
5691 0013
5691 0014
5691 0015
5691 0016
5691 0017
5691 0018
5691 0019
5693 0000
5693 0001
5693 0002
5693 0003
5693 0004
5693 0005
5693 0006
5693 0007
5693 0008
5693 0009
5693 0010
5693 0011
5693 0012
5693 0013
5693 0014
5693 0015
5693 0016
5693 0017
5693 0018
5693 0019
5693 0020
5693 0021
5693 0022
5694 0000
5694 0001
5694 0002
5694 0003
5694 0004
5694 0005
5694 0006
5694 0007
5694 0008
5694 0009
5694 0010
5694 0011
5694 0012
5694 0013
5694 0014
5694 0015
5694 0016
5694 0017
5694 0018
5694 0019
5694 0020
5694 0021
5694 0022
5694 0023
5697 0000
5697 0001
5697 0002
5697 0003
5697 0004
5697 0005
5697 0006
5697 0007
5697 0008
5697 0009
5697 0010
5697 0011
5697 0012
5697 0013
5697 0014
5697 0015
5697 0016
5697 0017
5697 0018
5697 0019
5697 0020
5697 0021
5697 0022
5701 0000
5701 0001
5701 0002
5701 0003
5701 0004
5701 0005
5701 0006
5701 0007
5701 0008
5701 0009
5701 0010
5701 0011
5701 0012
5701 0013
5701 0014
5701 0015
5701 0016
5701 0017
5701 0018
5701 0019
5701 0020
5701 0021
5701 0022
5701 0023
5701 0024
5701 0025
5701 0026
5701 0027
5701 0028
5701 0029
5701 0030
5701 0031
5701 0032
5701 0033
5702 0000
5702 0001
5702 0002
5702 0003
5702 0004
5702 0005
5702 0006
5702 0007
5702 0008
5702 0009
5702 0010
5702 0011
5702 0012
5702 0013
5702 0014
5702 0015
5702 0016
5702 0017
5702 0018
5702 0019
5702 0020
5702 0021
5702 0022
5702 0023
5702 0024
5702 0025
5702 0026
5703 0000
5703 0001
5703 0002
5703 0003
5703 0004
5703 0005
5703 0006
5703 0007
5703 0008
5703 0009
5703 0010
5703 0011
5703 0012
5703 0013
5703 0014
5703 0015
5703 0016
5703 0017
5703 0018
5703 0019
5703 0020
5703 0021
5703 0022
5703 0023
5703 0024
5703 0025
5703 0026
5703 0027
5703 0028
5703 0029
5708 0000
5708 0001
5708 0002
5708 0003
5708 0004
5708 0005
5708 0006
5708 0007
5708 0008
5708 0009
5708 0010
5708 0011
5708 0012
5708 0013
5708 0014
5708 0015
5708 0016
5708 0017
5708 0018
5708 0019
5708 0020
5708 0021
5708 0022
5708 0023
5708 0024
5708 0025
5708 0026
5708 0027
5718 0000
5718 0001
5718 0002
5718 0003
5718 0004
5718 0005
5718 0006
5718 0007
5718 0008
5718 0009
5718 0010
5718 0011
5718 0012
5718 0013
5718 0014
5718 0015
5718 0016
5718 0017
5718 0018
5718 0019
5718 0020
5718 0021
5718 0022
5718 0023
5719 0000
5719 0001
5719 0002
5719 0003
5719 0004
5719 0005
5719 0006
5719 0007
5719 0008
5719 0009
5719 0010
5719 0011
5719 0012
5719 0013
5719 0014
5719 0015
5719 0016
5719 0017
5720 0000
5720 0001
5720 0002
5720 0003
5720 0004
5720 0005
5720 0006
5720 0007
5720 0008
5720 0009
5720 0010
5720 0011
5720 0012
5720 0013
5720 0014
5720 0015
5720 0016
5720 0017
5720 0018
5720 0019
5720 0020
5729 0000
5729 0001
5729 0002
5729 0003
5729 0004
5729 0005
5729 0006
5729 0007
5729 0008
5729 0009
5729 0010
5729 0011
5729 0012
5729 0013
5729 0014
5729 0015
5729 0016
5729 0017
5729 0018
5729 0019
5729 0020
5729 0021
5737 0000
5737 0001
5737 0002
5737 0003
5737 0004
5737 0005
5737 0006
5737 0007
5737 0008
5737 0009
5737 0010
5737 0011
5737 0012
5737 0013
5737 0014
5737 0015
5737 0016
5737 0017
5737 0018
5737 0019
5745 0000
5745 0001
5745 0002
5745 0003
5745 0004
5745 0005
5745 0006
5745 0007
5745 0008
5745 0009
5745 0010
5745 0011
5745 0012
5745 0013
5745 0014
5745 0015
5745 0016
5746 0000
5746 0001
5746 0002
5746 0003
5746 0004
5746 0005
5746 0006
5746 0007
5746 0008
5746 0009
5746 0010
5746 0011
5746 0012
5746 0013
5746 0014
5746 0015
5746 0016
5746 0017
5748 0000
5748 0001
5748 0002
5748 0003
5748 0004
5748 0005
5748 0006
5748 0007
5748 0008
5748 0009
5748 0010
5748 0011
5748 0012
5748 0013
5748 0014
5748 0015
5748 0016
5748 0017
5748 0018
5749 0000
5749 0001
5749 0002
5749 0003
5749 0004
5749 0005
5749 0006
5749 0007
5749 0008
5749 0009
5749 0010
5749 0011
5749 0012
5749 0013
5749 0014
5749 0015
5749 0016
5749 0017
5749 0018
5749 0019
5749 0020
5749 0021
5749 0022
5749 0023
5749 0024
5749 0025
5749 0026
5749 0027
5749 0028
5755 0000
5755 0001
5755 0002
5755 0003
5755 0004
5755 0005
5755 0006
5755 0007
5755 0008
5755 0009
5755 0010
5755 0011
5755 0012
5755 0013
5755 0014
5755 0015
5755 0016
5755 0017
5755 0018
5755 0019
5755 0020
5755 0021
5755 0022
5755 0023
5755 0024
5759 0000
5759 0001
5759 0002
5759 0003
5759 0004
5759 0005
5759 0006
5759 0007
5759 0008
5759 0009
5759 0010
5759 0011
5759 0012
5759 0013
5759 0014
5759 0015
5759 0016
5759 0017
5759 0018
5759 0019
5759 0020
5759 0021
5762 0000
5762 0001
5762 0002
5762 0003
5762 0004
5762 0005
5762 0006
5762 0007
5762 0008
5762 0009
5762 0010
5762 0011
5762 0012
5762 0013
5762 0014
5769 0000
5769 0001
5769 0002
5769 0003
5769 0004
5769 0005
5769 0006
5769 0007
5769 0008
5769 0009
5769 0010
5769 0011
5769 0012
5769 0013
5769 0014
5769 0015
5769 0016
5769 0017
5769 0018
5769 0019
5769 0020
5769 0021
5769 0022
5775 0000
5775 0001
5775 0002
5775 0003
5775 0004
5775 0005
5775 0006
5775 0007
5775 0008
5775 0009
5775 0010
5775 0011
5775 0012
5775 0013
5775 0014
5775 0015
5775 0016
5775 0017
5775 0018
5775 0019
5775 0020
5775 0021
5775 0022
5778 0000
5778 0001
5778 0002
5778 0003
5778 0004
5778 0005
5778 0006
5778 0007
5778 0008
5778 0009
5778 0010
5778 0011
5778 0012
5778 0013
5778 0014
5778 0015
5778 0016
5778 0017
5778 0018
5778 0019
5778 0020
5778 0021
5778 0022
5785 0000
5785 0001
5785 0002
5785 0003
5785 0004
5785 0005
5785 0006
5785 0007
5785 0008
5785 0009
5785 0010
5785 0011
5785 0012
5785 0013
5785 0014
5785 0015
5785 0016
5807 0000
5807 0001
5807 0002
5807 0003
5807 0004
5807 0005
5807 0006
5807 0007
5807 0008
5807 0009
5807 0010
5807 0011
5807 0012
5807 0013
5807 0014
5807 0015
5807 0016
5807 0017
5807 0018
5807 0019
5807 0020
5807 0021
5807 0022
5807 0023
5807 0024
5807 0025
5808 0000
5808 0001
5808 0002
5808 0003
5808 0004
5808 0005
5808 0006
5808 0007
5808 0008
5808 0009
5808 0010
5808 0011
5808 0012
5808 0013
5808 0014
5808 0015
5808 0016
5808 0017
5808 0018
5808 0019
5808 0020
5808 0021
5808 0022
5809 0000
5809 0001
5809 0002
5809 0003
5809 0004
5809 0005
5809 0006
5809 0007
5809 0008
5809 0009
5809 0010
5809 0011
5809 0012
5809 0013
5809 0014
5809 0015
5809 0016
5809 0017
5809 0018
5809 0019
5809 0020
5809 0021
5809 0022
5809 0023
5809 0024
5809 0025
5809 0026
5809 0027
5812 0000
5812 0001
5812 0002
5812 0003
5812 0004
5812 0005
5812 0006
5812 0007
5812 0008
5812 0009
5812 0010
5812 0011
5812 0012
5812 0013
5812 0014
5812 0015
5812 0016
5812 0017
5812 0018
5812 0019
5812 0020
5812 0021
5812 0022
5812 0023
5813 0000
5813 0001
5813 0002
5813 0003
5813 0004
5813 0005
5813 0006
5813 0007
5813 0008
5813 0009
5813 0010
5813 0011
5813 0012
5813 0013
5813 0014
5813 0015
5813 0016
5813 0017
5813 0018
5813 0019
5813 0020
5813 0021
5822 0000
5822 0001
5822 0002
5822 0003
5822 0004
5822 0005
5822 0006
5822 0007
5822 0008
5822 0009
5822 0010
5822 0011
5822 0012
5822 0013
5822 0014
5822 0015
5822 0016
5822 0017
5822 0018
5822 0019
5822 0020
5822 0021
5824 0000
5824 0001
5824 0002
5824 0003
5824 0004
5824 0005
5824 0006
5824 0007
5824 0008
5824 0009
5824 0010
5824 0011
5824 0012
5824 0013
5824 0014
5829 0000
5829 0001
5829 0002
5829 0003
5829 0004
5829 0005
5829 0006
5829 0007
5829 0008
5829 0009
5829 0010
5829 0011
5829 0012
5829 0013
5829 0014
5829 0015
5829 0016
5829 0017
5829 0018
5829 0019
5829 0020
5829 0021
5829 0022
5829 0023
5829 0024
5829 0025
5829 0026
5829 0027
5829 0028
5829 0029
5835 0000
5835 0001
5835 0002
5835 0003
5835 0004
5835 0005
5835 0006
5835 0007
5835 0008
5835 0009
5835 0010
5835 0011
5835 0012
5835 0013
5835 0014
5835 0015
5835 0016
5835 0017
5835 0018
5836 0000
5836 0001
5836 0002
5836 0003
5836 0004
5836 0005
5836 0006
5836 0007
5836 0008
5836 0009
5836 0010
5836 0011
5836 0012
5836 0013
5836 0014
5836 0015
5836 0016
5836 0017
5836 0018
5836 0019
5836 0020
5836 0021
5842 0000
5842 0001
5842 0002
5842 0003
5842 0004
5842 0005
5842 0006
5842 0007
5842 0008
5842 0009
5842 0010
5842 0011
5842 0012
5842 0013
5842 0014
5842 0015
5846 0000
5846 0001
5846 0002
5846 0003
5846 0004
5846 0005
5846 0006
5846 0007
5846 0008
5846 0009
5846 0010
5846 0011
5846 0012
5846 0013
5846 0014
5846 0015
5846 0016
5846 0017
5846 0018
5846 0019
5846 0020
5846 0021
5846 0022
5846 0023
5846 0024
5846 0025
5846 0026
5847 0000
5847 0001
5847 0002
5847 0003
5847 0004
5847 0005
5847 0006
5847 0007
5847 0008
5847 0009
5847 0010
5847 0011
5847 0012
5847 0013
5847 0014
5847 0015
5847 0016
5847 0017
5847 0018
5851 0000
5851 0001
5851 0002
5851 0003
5851 0004
5851 0005
5851 0006
5851 0007
5851 0008
5851 0009
5851 0010
5851 0011
5851 0012
5851 0013
5851 0014
5851 0015
5851 0016
5851 0017
5851 0018
5851 0019
5851 0020
5851 0021
5854 0000
5854 0001
5854 0002
5854 0003
5854 0004
5854 0005
5854 0006
5854 0007
5854 0008
5854 0009
5854 0010
5854 0011
5854 0012
5854 0013
5854 0014
5854 0015
5856 0000
5856 0001
5856 0002
5856 0003
5856 0004
5856 0005
5856 0006
5856 0007
5856 0008
5856 0009
5856 0010
5856 0011
5856 0012
5856 0013
5856 0014
5856 0015
5856 0016
5856 0017
5856 0018
5856 0019
5856 0020
5856 0021
5859 0000
5859 0001
5859 0002
5859 0003
5859 0004
5859 0005
5859 0006
5859 0007
5859 0008
5859 0009
5859 0010
5859 0011
5859 0012
5859 0013
5859 0014
5859 0015
5859 0016
5863 0000
5863 0001
5863 0002
5863 0003
5863 0004
5863 0005
5863 0006
5863 0007
5863 0008
5863 0009
5863 0010
5863 0011
5863 0012
5863 0013
5863 0014
5863 0015
5863 0016
5863 0017
5871 0000
5871 0001
5871 0002
5871 0003
5871 0004
5871 0005
5871 0006
5871 0007
5871 0008
5871 0009
5871 0010
5871 0011
5871 0012
5871 0013
5871 0014
5871 0015
5871 0016
5871 0017
5871 0018
5871 0019
5877 0000
5877 0001
5877 0002
5877 0003
5877 0004
5877 0005
5877 0006
5877 0007
5877 0008
5877 0009
5877 0010
5877 0011
5877 0012
5877 0013
5877 0014
5877 0015
5877 0016
5877 0017
5877 0018
5877 0019
5877 0020
5877 0021
5877 0022
5877 0023
5877 0024
5886 0000
5886 0001
5886 0002
5886 0003
5886 0004
5886 0005
5886 0006
5886 0007
5886 0008
5886 0009
5886 0010
5886 0011
5886 0012
5886 0013
5886 0014
5886 0015
5886 0016
5886 0017
5886 0018
5886 0019
5886 0020
5886 0021
5886 0022
5886 0023
5888 0000
5888 0001
5888 0002
5888 0003
5888 0004
5888 0005
5888 0006
5888 0007
5888 0008
5888 0009
5888 0010
5888 0011
5888 0012
5888 0013
5888 0014
5888 0015
5888 0016
5888 0017
5888 0018
5888 0019
5890 0000
5890 0001
5890 0002
5890 0003
5890 0004
5890 0005
5890 0006
5890 0007
5890 0008
5890 0009
5890 0010
5890 0011
5890 0012
5890 0013
5890 0014
5890 0015
5890 0016
5890 0017
5890 0018
5890 0019
5890 0020
5890 0021
5890 0022
5890 0023
5890 0024
5890 0025
5890 0026
5890 0027
5890 0028
5890 0029
5890 0030
5891 0000
5891 0001
5891 0002
5891 0003
5891 0004
5891 0005
5891 0006
5891 0007
5891 0008
5891 0009
5891 0010
5891 0011
5891 0012
5891 0013
5891 0014
5891 0015
5891 0016
5891 0017
5891 0018
5891 0019
5891 0020
5891 0021
5891 0022
5891 0023
5897 0000
5897 0001
5897 0002
5897 0003
5897 0004
5897 0005
5897 0006
5897 0007
5897 0008
5897 0009
5897 0010
5897 0011
5897 0012
5897 0013
5897 0014
5897 0015
5897 0016
5897 0017
5897 0018
5897 0019
5897 0020
5897 0021
5897 0022
5897 0023
5897 0024
5897 0025
5897 0026
5897 0027
5899 0000
5899 0001
5899 0002
5899 0003
5899 0004
5899 0005
5899 0006
5899 0007
5899 0008
5899 0009
5899 0010
5899 0011
5899 0012
5899 0013
5899 0014
5899 0015
5899 0016
5899 0017
5899 0018
5899 0019
5899 0020
5899 0021
5899 0022
5899 0023
5899 0024
5904 0000
5904 0001
5904 0002
5904 0003
5904 0004
5904 0005
5904 0006
5904 0007
5904 0008
5904 0009
5904 0010
5904 0011
5904 0012
5904 0013
5904 0014
5904 0015
5904 0016
5904 0017
5907 0000
5907 0001
5907 0002
5907 0003
5907 0004
5907 0005
5907 0006
5907 0007
5907 0008
5907 0009
5907 0010
5907 0011
5907 0012
5907 0013
5907 0014
5907 0015
5907 0016
5907 0017
5907 0018
5915 0000
5915 0001
5915 0002
5915 0003
5915 0004
5915 0005
5915 0006
5915 0007
5915 0008
5915 0009
5915 0010
5915 0011
5915 0012
5915 0013
5915 0014
5915 0015
5915 0016
5915 0017
5915 0018
5915 0019
5915 0020
5915 0021
5915 0022
5915 0023
5915 0024
5915 0025
5927 0000
5927 0001
5927 0002
5927 0003
5927 0004
5927 0005
5927 0006
5927 0007
5927 0008
5927 0009
5927 0010
5927 0011
5927 0012
5927 0013
5927 0014
5927 0015
5927 0016
5927 0017
5927 0018
5927 0019
5927 0020
5927 0021
5927 0022
5927 0023
5927 0024
5931 0000
5931 0001
5931 0002
5931 0003
5931 0004
5931 0005
5931 0006
5931 0007
5931 0008
5931 0009
5931 0010
5931 0011
5931 0012
5931 0013
5931 0014
5931 0015
5931 0016
5931 0017
5931 0018
5931 0019
5931 0020
5931 0021
5931 0022
5931 0023
5931 0024
5931 0025
5931 0026
5931 0027
5931 0028
5931 0029
5933 0000
5933 0001
5933 0002
5933 0003
5933 0004
5933 0005
5933 0006
5933 0007
5933 0008
5933 0009
5933 0010
5933 0011
5933 0012
5933 0013
5933 0014
5933 0015
5933 0016
5933 0017
5933 0018
5933 0019
5933 0020
5933 0021
5933 0022
5933 0023
5933 0024
5933 0025
5933 0026
5938 0000
5938 0001
5938 0002
5938 0003
5938 0004
5938 0005
5938 0006
5938 0007
5938 0008
5938 0009
5938 0010
5938 0011
5938 0012
5938 0013
5938 0014
5938 0015
5938 0016
5938 0017
5938 0018
5938 0019
5938 0020
5938 0021
5938 0022
5938 0023
5938 0024
5939 0000
5939 0001
5939 0002
5939 0003
5939 0004
5939 0005
5939 0006
5939 0007
5939 0008
5939 0009
5939 0010
5939 0011
5939 0012
5939 0013
5939 0014
5939 0015
5939 0016
5939 0017
5944 0000
5944 0001
5944 0002
5944 0003
5944 0004
5944 0005
5944 0006
5944 0007
5944 0008
5944 0009
5944 0010
5944 0011
5944 0012
5944 0013
5944 0014
5944 0015
5944 0016
5944 0017
5944 0018
5944 0019
5944 0020
5944 0021
5944 0022
5946 0000
5946 0001
5946 0002
5946 0003
5946 0004
5946 0005
5946 0006
5946 0007
5946 0008
5946 0009
5946 0010
5946 0011
5946 0012
5946 0013
5946 0014
5946 0015
5946 0016
5946 0017
5946 0018
5949 0000
5949 0001
5949 0002
5949 0003
5949 0004
5949 0005
5949 0006
5949 0007
5949 0008
5949 0009
5949 0010
5949 0011
5949 0012
5949 0013
5949 0014
5949 0015
5949 0016
5949 0017
5949 0018
5949 0019
5949 0020
5949 0021
5949 0022
5951 0000
5951 0001
5951 0002
5951 0003
5951 0004
5951 0005
5951 0006
5951 0007
5951 0008
5951 0009
5951 0010
5951 0011
5951 0012
5951 0013
5951 0014
5951 0015
5951 0016
5951 0017
5951 0018
5951 0019
5951 0020
5951 0021
5951 0022
5955 0000
5955 0001
5955 0002
5955 0003
5955 0004
5955 0005
5955 0006
5955 0007
5955 0008
5955 0009
5955 0010
5955 0011
5955 0012
5955 0013
5955 0014
5955 0015
5962 0000
5962 0001
5962 0002
5962 0003
5962 0004
5962 0005
5962 0006
5962 0007
5962 0008
5962 0009
5962 0010
5962 0011
5962 0012
5962 0013
5962 0014
5962 0015
5962 0016
5962 0017
5962 0018
5979 0000
5979 0001
5979 0002
5979 0003
5979 0004
5979 0005
5979 0006
5979 0007
5979 0008
5979 0009
5979 0010
5979 0011
5979 0012
5979 0013
5979 0014
5979 0015
5979 0016
5979 0017
5979 0018
5979 0019
5979 0020
5979 0021
5979 0022
5979 0023
5979 0024
5979 0025
5979 0026
5979 0027
5979 0028
5979 0029
5979 0030
5979 0031
5979 0032
5979 0033
5988 0000
5988 0001
5988 0002
5988 0003
5988 0004
5988 0005
5988 0006
5988 0007
5988 0008
5988 0009
5988 0010
5988 0011
5988 0012
5988 0013
5988 0014
5988 0015
5988 0016
5988 0017
5988 0018
5988 0019
5988 0020
5988 0021
5988 0022
5988 0023
5988 0024
5988 0025
5994 0000
5994 0001
5994 0002
5994 0003
5994 0004
5994 0005
5994 0006
5994 0007
5994 0008
5994 0009
5994 0010
5994 0011
5994 0012
5994 0013
5994 0014
5994 0015
6001 0000
6001 0001
6001 0002
6001 0003
6001 0004
6001 0005
6001 0006
6001 0007
6001 0008
6001 0009
6001 0010
6001 0011
6001 0012
6001 0013
6001 0014
6001 0015
6001 0016
6001 0017
6001 0018
6001 0019
6001 0020
6001 0021
6001 0022
6001 0023
6001 0024
6001 0025
6001 0026
6001 0027
6001 0028
6001 0029
6004 0000
6004 0001
6004 0002
6004 0003
6004 0004
6004 0005
6004 0006
6004 0007
6004 0008
6004 0009
6004 0010
6004 0011
6004 0012
6004 0013
6004 0014
6004 0015
6004 0016
6004 0017
6004 0018
6004 0019
6004 0020
6004 0021
6004 0022
6004 0023
6004 0024
6004 0025
6004 0026
6004 0027
6008 0000
6008 0001
6008 0002
6008 0003
6008 0004
6008 0005
6008 0006
6008 0007
6008 0008
6008 0009
6008 0010
6008 0011
6008 0012
6008 0013
6008 0014
6008 0015
6008 0016
6008 0017
6008 0018
6011 0000
6011 0001
6011 0002
6011 0003
6011 0004
6011 0005
6011 0006
6011 0007
6011 0008
6011 0009
6011 0010
6011 0011
6011 0012
6011 0013
6011 0014
6011 0015
6011 0016
6011 0017
6011 0018
6014 0000
6014 0001
6014 0002
6014 0003
6014 0004
6014 0005
6014 0006
6014 0007
6014 0008
6014 0009
6014 0010
6014 0011
6014 0012
6014 0013
6014 0014
6014 0015
6014 0016
6014 0017
6014 0018
6014 0019
6014 0020
6014 0021
6014 0022
6014 0023
6014 0024
6018 0000
6018 0001
6018 0002
6018 0003
6018 0004
6018 0005
6018 0006
6018 0007
6018 0008
6018 0009
6018 0010
6018 0011
6018 0012
6018 0013
6018 0014
6018 0015
6018 0016
6018 0017
6022 0000
6022 0001
6022 0002
6022 0003
6022 0004
6022 0005
6022 0006
6022 0007
6022 0008
6022 0009
6022 0010
6022 0011
6022 0012
6022 0013
6022 0014
6022 0015
6022 0016
6022 0017
6022 0018
6022 0019
6022 0020
6022 0021
6022 0022
6022 0023
6022 0024
6022 0025
6022 0026
6022 0027
6022 0028
6023 0000
6023 0001
6023 0002
6023 0003
6023 0004
6023 0005
6023 0006
6023 0007
6023 0008
6023 0009
6023 0010
6023 0011
6023 0012
6023 0013
6023 0014
6023 0015
6023 0016
6023 0017
6023 0018
6023 0019
6023 0020
6023 0021
6023 0022
6025 0000
6025 0001
6025 0002
6025 0003
6025 0004
6025 0005
6025 0006
6025 0007
6025 0008
6025 0009
6025 0010
6025 0011
6025 0012
6025 0013
6025 0014
6025 0015
6025 0016
6025 0017
6025 0018
6025 0019
6025 0020
6025 0021
6025 0022
6025 0023
6025 0024
6025 0025
6025 0026
6025 0027
6025 0028
6025 0029
6025 0030
6025 0031
6025 0032
6025 0033
6028 0000
6028 0001
6028 0002
6028 0003
6028 0004
6028 0005
6028 0006
6028 0007
6028 0008
6028 0009
6028 0010
6028 0011
6028 0012
6028 0013
6028 0014
6028 0015
6028 0016
6028 0017
6028 0018
6028 0019
6033 0000
6033 0001
6033 0002
6033 0003
6033 0004
6033 0005
6033 0006
6033 0007
6033 0008
6033 0009
6033 0010
6033 0011
6033 0012
6033 0013
6033 0014
6033 0015
6033 0016
6033 0017
6033 0018
6033 0019
6033 0020
6033 0021
6035 0000
6035 0001
6035 0002
6035 0003
6035 0004
6035 0005
6035 0006
6035 0007
6035 0008
6035 0009
6035 0010
6035 0011
6035 0012
6035 0013
6035 0014
6035 0015
6035 0016
6035 0017
6035 0018
6035 0019
6035 0020
6035 0021
6035 0022
6035 0023
6036 0000
6036 0001
6036 0002
6036 0003
6036 0004
6036 0005
6036 0006
6036 0007
6036 0008
6036 0009
6036 0010
6036 0011
6036 0012
6036 0013
6036 0014
6036 0015
6036 0016
6046 0000
6046 0001
6046 0002
6046 0003
6046 0004
6046 0005
6046 0006
6046 0007
6046 0008
6046 0009
6046 0010
6046 0011
6046 0012
6046 0013
6046 0014
6046 0015
6046 0016
6046 0017
6046 0018
6046 0019
6046 0020
6046 0021
6046 0022
6046 0023
6046 0024
6046 0025
6046 0026
6047 0000
6047 0001
6047 0002
6047 0003
6047 0004
6047 0005
6047 0006
6047 0007
6047 0008
6047 0009
6047 0010
6047 0011
6047 0012
6047 0013
6047 0014
6047 0015
6047 0016
6047 0017
6047 0018
6047 0019
6047 0020
6047 0021
6047 0022
6047 0023
6047 0024
6054 0000
6054 0001
6054 0002
6054 0003
6054 0004
6054 0005
6054 0006
6054 0007
6054 0008
6054 0009
6054 0010
6054 0011
6054 0012
6054 0013
6054 0014
6054 0015
6054 0016
6054 0017
6054 0018
6054 0019
6054 0020
6054 0021
6054 0022
6054 0023
6054 0024
6055 0000
6055 0001
6055 0002
6055 0003
6055 0004
6055 0005
6055 0006
6055 0007
6055 0008
6055 0009
6055 0010
6055 0011
6055 0012
6055 0013
6055 0014
6055 0015
6055 0016
6055 0017
6055 0018
6063 0000
6063 0001
6063 0002
6063 0003
6063 0004
6063 0005
6063 0006
6063 0007
6063 0008
6063 0009
6063 0010
6063 0011
6063 0012
6063 0013
6063 0014
6063 0015
6063 0016
6063 0017
6063 0018
6063 0019
6063 0020
6063 0021
6063 0022
6063 0023
6073 0000
6073 0001
6073 0002
6073 0003
6073 0004
6073 0005
6073 0006
6073 0007
6073 0008
6073 0009
6073 0010
6073 0011
6073 0012
6073 0013
6073 0014
6073 0015
6073 0016
6073 0017
6073 0018
6073 0019
6073 0020
6076 0000
6076 0001
6076 0002
6076 0003
6076 0004
6076 0005
6076 0006
6076 0007
6076 0008
6076 0009
6076 0010
6076 0011
6076 0012
6076 0013
6076 0014
6076 0015
6076 0016
6076 0017
6076 0018
6076 0019
6076 0020
6076 0021
6076 0022
6076 0023
6076 0024
6076 0025
6076 0026
6083 0000
6083 0001
6083 0002
6083 0003
6083 0004
6083 0005
6083 0006
6083 0007
6083 0008
6083 0009
6083 0010
6083 0011
6083 0012
6083 0013
6083 0014
6083 0015
6083 0016
6083 0017
6083 0018
6083 0019
6083 0020
6083 0021
6088 0000
6088 0001
6088 0002
6088 0003
6088 0004
6088 0005
6088 0006
6088 0007
6088 0008
6088 0009
6088 0010
6088 0011
6088 0012
6088 0013
6088 0014
6088 0015
6088 0016
6088 0017
6088 0018
6088 0019
6088 0020
6094 0000
6094 0001
6094 0002
6094 0003
6094 0004
6094 0005
6094 0006
6094 0007
6094 0008
6094 0009
6094 0010
6094 0011
6094 0012
6094 0013
6094 0014
6094 0015
6094 0016
6094 0017
6094 0018
6094 0019
6095 0000
6095 0001
6095 0002
6095 0003
6095 0004
6095 0005
6095 0006
6095 0007
6095 0008
6095 0009
6095 0010
6095 0011
6095 0012
6095 0013
6095 0014
6095 0015
6095 0016
6095 0017
6095 0018
6095 0019
6095 0020
6095 0021
6095 0022
6098 0000
6098 0001
6098 0002
6098 0003
6098 0004
6098 0005
6098 0006
6098 0007
6098 0008
6098 0009
6098 0010
6098 0011
6098 0012
6098 0013
6098 0014
6098 0015
6098 0016
6098 0017
6098 0018
6098 0019
6098 0020
6098 0021
6098 0022
6098 0023
6098 0024
6099 0000
6099 0001
6099 0002
6099 0003
6099 0004
6099 0005
6099 0006
6099 0007
6099 0008
6099 0009
6099 0010
6099 0011
6099 0012
6099 0013
6099 0014
6099 0015
6099 0016
6099 0017
6099 0018
6101 0000
6101 0001
6101 0002
6101 0003
6101 0004
6101 0005
6101 0006
6101 0007
6101 0008
6101 0009
6101 0010
6101 0011
6101 0012
6101 0013
6101 0014
6101 0015
6101 0016
6101 0017
6101 0018
6101 0019
6101 0020
6101 0021
6101 0022
6101 0023
6101 0024
6101 0025
6103 0000
6103 0001
6103 0002
6103 0003
6103 0004
6103 0005
6103 0006
6103 0007
6103 0008
6103 0009
6103 0010
6103 0011
6103 0012
6103 0013
6103 0014
6103 0015
6103 0016
6103 0017
6111 0000
6111 0001
6111 0002
6111 0003
6111 0004
6111 0005
6111 0006
6111 0007
6111 0008
6111 0009
6111 0010
6111 0011
6111 0012
6111 0013
6111 0014
6111 0015
6111 0016
6111 0017
6111 0018
6111 0019
6111 0020
6111 0021
6111 0022
6111 0023
6111 0024
6111 0025
6118 0000
6118 0001
6118 0002
6118 0003
6118 0004
6118 0005
6118 0006
6118 0007
6118 0008
6118 0009
6118 0010
6118 0011
6118 0012
6118 0013
6118 0014
6118 0015
6118 0016
6118 0017
6118 0018
6118 0019
6118 0020
6118 0021
6120 0000
6120 0001
6120 0002
6120 0003
6120 0004
6120 0005
6120 0006
6120 0007
6120 0008
6120 0009
6120 0010
6120 0011
6120 0012
6120 0013
6120 0014
6120 0015
6120 0016
6120 0017
6121 0000
6121 0001
6121 0002
6121 0003
6121 0004
6121 0005
6121 0006
6121 0007
6121 0008
6121 0009
6121 0010
6121 0011
6121 0012
6121 0013
6121 0014
6121 0015
6121 0016
6121 0017
6121 0018
6131 0000
6131 0001
6131 0002
6131 0003
6131 0004
6131 0005
6131 0006
6131 0007
6131 0008
6131 0009
6131 0010
6131 0011
6131 0012
6131 0013
6131 0014
6131 0015
6131 0016
6131 0017
6131 0018
6131 0019
6131 0020
6131 0021
6131 0022
6131 0023
6131 0024
6134 0000
6134 0001
6134 0002
6134 0003
6134 0004
6134 0005
6134 0006
6134 0007
6134 0008
6134 0009
6134 0010
6134 0011
6134 0012
6134 0013
6134 0014
6134 0015
6134 0016
6134 0017
6134 0018
6134 0019
6134 0020
6134 0021
6134 0022
6134 0023
6134 0024
6134 0025
6134 0026
6134 0027
6134 0028
6134 0029
6137 0000
6137 0001
6137 0002
6137 0003
6137 0004
6137 0005
6137 0006
6137 0007
6137 0008
6137 0009
6137 0010
6137 0011
6137 0012
6137 0013
6137 0014
6137 0015
6137 0016
6137 0017
6137 0018
6137 0019
6141 0000
6141 0001
6141 0002
6141 0003
6141 0004
6141 0005
6141 0006
6141 0007
6141 0008
6141 0009
6141 0010
6141 0011
6141 0012
6141 0013
6141 0014
6141 0015
6141 0016
6141 0017
6141 0018
6141 0019
6141 0020
6141 0021
6141 0022
6141 0023
6141 0024
6141 0025
6144 0000
6144 0001
6144 0002
6144 0003
6144 0004
6144 0005
6144 0006
6144 0007
6144 0008
6144 0009
6144 0010
6144 0011
6144 0012
6144 0013
6144 0014
6144 0015
6144 0016
6144 0017
6144 0018
6144 0019
6144 0020
6144 0021
6144 0022
6144 0023
6144 0024
6144 0025
6144 0026
6144 0027
6144 0028
6144 0029
6146 0000
6146 0001
6146 0002
6146 0003
6146 0004
6146 0005
6146 0006
6146 0007
6146 0008
6146 0009
6146 0010
6146 0011
6146 0012
6146 0013
6146 0014
6146 0015
6146 0016
6146 0017
6146 0018
6146 0019
6146 0020
6148 0000
6148 0001
6148 0002
6148 0003
6148 0004
6148 0005
6148 0006
6148 0007
6148 0008
6148 0009
6148 0010
6148 0011
6148 0012
6148 0013
6148 0014
6148 0015
6148 0016
6148 0017
6148 0018
6148 0019
6148 0020
6148 0021
6148 0022
6148 0023
6148 0024
6148 0025
6148 0026
6149 0000
6149 0001
6149 0002
6149 0003
6149 0004
6149 0005
6149 0006
6149 0007
6149 0008
6149 0009
6149 0010
6149 0011
6149 0012
6149 0013
6149 0014
6149 0015
6149 0016
6149 0017
6149 0018
6149 0019
6149 0020
6149 0021
6149 0022
6149 0023
6158 0000
6158 0001
6158 0002
6158 0003
6158 0004
6158 0005
6158 0006
6158 0007
6158 0008
6158 0009
6158 0010
6158 0011
6158 0012
6158 0013
6158 0014
6158 0015
6158 0016
6158 0017
6158 0018
6158 0019
6158 0020
6158 0021
6158 0022
6161 0000
6161 0001
6161 0002
6161 0003
6161 0004
6161 0005
6161 0006
6161 0007
6161 0008
6161 0009
6161 0010
6161 0011
6161 0012
6161 0013
6161 0014
6161 0015
6161 0016
6161 0017
6161 0018
6161 0019
6161 0020
6161 0021
6161 0022
6164 0000
6164 0001
6164 0002
6164 0003
6164 0004
6164 0005
6164 0006
6164 0007
6164 0008
6164 0009
6164 0010
6164 0011
6164 0012
6164 0013
6164 0014
6164 0015
6164 0016
6164 0017
6164 0018
6164 0019
6164 0020
6164 0021
6164 0022
6164 0023
6164 0024
6165 0000
6165 0001
6165 0002
6165 0003
6165 0004
6165 0005
6165 0006
6165 0007
6165 0008
6165 0009
6165 0010
6165 0011
6165 0012
6165 0013
6165 0014
6165 0015
6171 0000
6171 0001
6171 0002
6171 0003
6171 0004
6171 0005
6171 0006
6171 0007
6171 0008
6171 0009
6171 0010
6171 0011
6171 0012
6171 0013
6171 0014
6171 0015
6171 0016
6171 0017
6171 0018
6171 0019
6171 0020
6171 0021
6171 0022
6171 0023
6171 0024
6171 0025
6171 0026
6171 0027
6171 0028
6171 0029
6173 0000
6173 0001
6173 0002
6173 0003
6173 0004
6173 0005
6173 0006
6173 0007
6173 0008
6173 0009
6173 0010
6173 0011
6173 0012
6173 0013
6173 0014
6173 0015
6173 0016
6173 0017
6173 0018
6173 0019
6173 0020
6173 0021
6173 0022
6173 0023
6173 0024
6173 0025
6173 0026
6173 0027
6173 0028
6173 0029
6173 0030
6173 0031
6173 0032
6177 0000
6177 0001
6177 0002
6177 0003
6177 0004
6177 0005
6177 0006
6177 0007
6177 0008
6177 0009
6177 0010
6177 0011
6177 0012
6177 0013
6177 0014
6177 0015
6177 0016
6177 0017
6177 0018
6177 0019
6177 0020
6181 0000
6181 0001
6181 0002
6181 0003
6181 0004
6181 0005
6181 0006
6181 0007
6181 0008
6181 0009
6181 0010
6181 0011
6181 0012
6181 0013
6181 0014
6181 0015
6185 0000
6185 0001
6185 0002
6185 0003
6185 0004
6185 0005
6185 0006
6185 0007
6185 0008
6185 0009
6185 0010
6185 0011
6185 0012
6185 0013
6185 0014
6185 0015
6185 0016
6185 0017
6185 0018
6185 0019
6185 0020
6185 0021
6185 0022
6185 0023
6185 0024
6185 0025
6185 0026
6185 0027
6185 0028
6185 0029
6185 0030
6201 0000
6201 0001
6201 0002
6201 0003
6201 0004
6201 0005
6201 0006
6201 0007
6201 0008
6201 0009
6201 0010
6201 0011
6201 0012
6201 0013
6201 0014
6201 0015
6201 0016
6201 0017
6201 0018
6201 0019
6201 0020
6201 0021
6201 0022
6201 0023
6201 0024
6203 0000
6203 0001
6203 0002
6203 0003
6203 0004
6203 0005
6203 0006
6203 0007
6203 0008
6203 0009
6203 0010
6203 0011
6203 0012
6203 0013
6203 0014
6203 0015
6203 0016
6203 0017
6203 0018
6203 0019
6203 0020
6203 0021
6203 0022
6203 0023
6204 0000
6204 0001
6204 0002
6204 0003
6204 0004
6204 0005
6204 0006
6204 0007
6204 0008
6204 0009
6204 0010
6204 0011
6204 0012
6204 0013
6204 0014
6204 0015
6204 0016
6204 0017
6204 0018
6204 0019
6204 0020
6204 0021
6204 0022
6204 0023
6204 0024
6204 0025
6204 0026
6204 0027
6208 0000
6208 0001
6208 0002
6208 0003
6208 0004
6208 0005
6208 0006
6208 0007
6208 0008
6208 0009
6208 0010
6208 0011
6208 0012
6208 0013
6208 0014
6208 0015
6208 0016
6208 0017
6208 0018
6214 0000
6214 0001
6214 0002
6214 0003
6214 0004
6214 0005
6214 0006
6214 0007
6214 0008
6214 0009
6214 0010
6214 0011
6214 0012
6214 0013
6214 0014
6214 0015
6214 0016
6214 0017
6214 0018
6214 0019
6214 0020
6214 0021
6214 0022
6214 0023
6214 0024
6214 0025
6214 0026
6214 0027
6214 0028
6214 0029
6214 0030
6214 0031
6216 0000
6216 0001
6216 0002
6216 0003
6216 0004
6216 0005
6216 0006
6216 0007
6216 0008
6216 0009
6216 0010
6216 0011
6216 0012
6216 0013
6216 0014
6216 0015
6216 0016
6216 0017
6216 0018
6216 0019
6216 0020
6216 0021
6216 0022
6216 0023
6216 0024
6216 0025
6218 0000
6218 0001
6218 0002
6218 0003
6218 0004
6218 0005
6218 0006
6218 0007
6218 0008
6218 0009
6218 0010
6218 0011
6218 0012
6218 0013
6218 0014
6218 0015
6218 0016
6221 0000
6221 0001
6221 0002
6221 0003
6221 0004
6221 0005
6221 0006
6221 0007
6221 0008
6221 0009
6221 0010
6221 0011
6221 0012
6221 0013
6221 0014
6226 0000
6226 0001
6226 0002
6226 0003
6226 0004
6226 0005
6226 0006
6226 0007
6226 0008
6226 0009
6226 0010
6226 0011
6226 0012
6226 0013
6226 0014
6226 0015
6226 0016
6226 0017
6226 0018
6226 0019
6226 0020
6226 0021
6226 0022
6226 0023
6229 0000
6229 0001
6229 0002
6229 0003
6229 0004
6229 0005
6229 0006
6229 0007
6229 0008
6229 0009
6229 0010
6229 0011
6229 0012
6229 0013
6229 0014
6229 0015
6229 0016
6229 0017
6229 0018
6229 0019
6231 0000
6231 0001
6231 0002
6231 0003
6231 0004
6231 0005
6231 0006
6231 0007
6231 0008
6231 0009
6231 0010
6231 0011
6231 0012
6231 0013
6231 0014
6231 0015
6231 0016
6231 0017
6231 0018
6231 0019
6231 0020
6231 0021
6231 0022
6231 0023
6237 0000
6237 0001
6237 0002
6237 0003
6237 0004
6237 0005
6237 0006
6237 0007
6237 0008
6237 0009
6237 0010
6237 0011
6237 0012
6237 0013
6237 0014
6237 0015
6237 0016
6237 0017
6237 0018
6237 0019
6241 0000
6241 0001
6241 0002
6241 0003
6241 0004
6241 0005
6241 0006
6241 0007
6241 0008
6241 0009
6241 0010
6241 0011
6241 0012
6241 0013
6241 0014
6241 0015
6241 0016
6241 0017
6241 0018
6241 0019
6241 0020
6241 0021
6241 0022
6241 0023
6241 0024
6243 0000
6243 0001
6243 0002
6243 0003
6243 0004
6243 0005
6243 0006
6243 0007
6243 0008
6243 0009
6243 0010
6243 0011
6243 0012
6243 0013
6243 0014
6243 0015
6243 0016
6243 0017
6243 0018
6243 0019
6245 0000
6245 0001
6245 0002
6245 0003
6245 0004
6245 0005
6245 0006
6245 0007
6245 0008
6245 0009
6245 0010
6245 0011
6245 0012
6245 0013
6245 0014
6245 0015
6245 0016
6245 0017
6245 0018
6245 0019
6245 0020
6245 0021
6248 0000
6248 0001
6248 0002
6248 0003
6248 0004
6248 0005
6248 0006
6248 0007
6248 0008
6248 0009
6248 0010
6248 0011
6248 0012
6248 0013
6248 0014
6248 0015
6248 0016
6248 0017
6248 0018
6248 0019
6248 0020
6248 0021
6248 0022
6248 0023
6249 0000
6249 0001
6249 0002
6249 0003
6249 0004
6249 0005
6249 0006
6249 0007
6249 0008
6249 0009
6249 0010
6249 0011
6249 0012
6249 0013
6249 0014
6249 0015
6249 0016
6249 0017
6249 0018
6249 0019
6249 0020
6249 0021
6249 0022
6249 0023
6249 0024
6249 0025
6251 0000
6251 0001
6251 0002
6251 0003
6251 0004
6251 0005
6251 0006
6251 0007
6251 0008
6251 0009
6251 0010
6251 0011
6251 0012
6251 0013
6251 0014
6251 0015
6251 0016
6251 0017
6251 0018
6253 0000
6253 0001
6253 0002
6253 0003
6253 0004
6253 0005
6253 0006
6253 0007
6253 0008
6253 0009
6253 0010
6253 0011
6253 0012
6253 0013
6253 0014
6253 0015
6253 0016
6253 0017
6253 0018
6253 0019
6253 0020
6253 0021
6253 0022
6253 0023
6253 0024
6253 0025
6253 0026
6253 0027
6257 0000
6257 0001
6257 0002
6257 0003
6257 0004
6257 0005
6257 0006
6257 0007
6257 0008
6257 0009
6257 0010
6257 0011
6257 0012
6257 0013
6257 0014
6257 0015
6257 0016
6257 0017
6257 0018
6257 0019
6257 0020
6257 0021
6257 0022
6260 0000
6260 0001
6260 0002
6260 0003
6260 0004
6260 0005
6260 0006
6260 0007
6260 0008
6260 0009
6260 0010
6260 0011
6260 0012
6260 0013
6260 0014
6260 0015
6260 0016
6260 0017
6260 0018
6260 0019
6260 0020
6260 0021
6260 0022
6260 0023
6260 0024
6264 0000
6264 0001
6264 0002
6264 0003
6264 0004
6264 0005
6264 0006
6264 0007
6264 0008
6264 0009
6264 0010
6264 0011
6264 0012
6264 0013
6264 0014
6264 0015
6264 0016
6264 0017
6264 0018
6264 0019
6264 0020
6264 0021
6264 0022
6267 0000
6267 0001
6267 0002
6267 0003
6267 0004
6267 0005
6267 0006
6267 0007
6267 0008
6267 0009
6267 0010
6267 0011
6267 0012
6267 0013
6267 0014
6267 0015
6267 0016
6270 0000
6270 0001
6270 0002
6270 0003
6270 0004
6270 0005
6270 0006
6270 0007
6270 0008
6270 0009
6270 0010
6270 0011
6270 0012
6270 0013
6270 0014
6270 0015
6270 0016
6270 0017
6270 0018
6274 0000
6274 0001
6274 0002
6274 0003
6274 0004
6274 0005
6274 0006
6274 0007
6274 0008
6274 0009
6274 0010
6274 0011
6274 0012
6274 0013
6274 0014
6274 0015
6274 0016
6274 0017
6274 0018
6274 0019
6274 0020
6274 0021
6274 0022
6274 0023
6274 0024
6274 0025
6274 0026
6275 0000
6275 0001
6275 0002
6275 0003
6275 0004
6275 0005
6275 0006
6275 0007
6275 0008
6275 0009
6275 0010
6275 0011
6275 0012
6275 0013
6275 0014
6275 0015
6275 0016
6275 0017
6275 0018
6275 0019
6275 0020
6282 0000
6282 0001
6282 0002
6282 0003
6282 0004
6282 0005
6282 0006
6282 0007
6282 0008
6282 0009
6282 0010
6282 0011
6282 0012
6282 0013
6282 0014
6282 0015
6282 0016
6282 0017
6282 0018
6282 0019
6282 0020
6282 0021
6282 0022
6284 0000
6284 0001
6284 0002
6284 0003
6284 0004
6284 0005
6284 0006
6284 0007
6284 0008
6284 0009
6284 0010
6284 0011
6284 0012
6284 0013
6284 0014
6284 0015
6284 0016
6284 0017
6287 0000
6287 0001
6287 0002
6287 0003
6287 0004
6287 0005
6287 0006
6287 0007
6287 0008
6287 0009
6287 0010
6287 0011
6287 0012
6287 0013
6287 0014
6287 0015
6287 0016
6290 0000
6290 0001
6290 0002
6290 0003
6290 0004
6290 0005
6290 0006
6290 0007
6290 0008
6290 0009
6290 0010
6290 0011
6290 0012
6290 0013
6290 0014
6290 0015
6290 0016
6290 0017
6290 0018
6290 0019
6290 0020
6290 0021
6290 0022
6292 0000
6292 0001
6292 0002
6292 0003
6292 0004
6292 0005
6292 0006
6292 0007
6292 0008
6292 0009
6292 0010
6292 0011
6292 0012
6292 0013
6292 0014
6292 0015
6292 0016
6292 0017
6292 0018
6292 0019
6292 0020
6292 0021
6292 0022
6292 0023
6292 0024
6292 0025
6292 0026
6292 0027
6295 0000
6295 0001
6295 0002
6295 0003
6295 0004
6295 0005
6295 0006
6295 0007
6295 0008
6295 0009
6295 0010
6295 0011
6295 0012
6295 0013
6295 0014
6295 0015
6295 0016
6295 0017
6295 0018
6295 0019
6295 0020
6295 0021
6295 0022
6295 0023
6295 0024
6295 0025
6295 0026
6295 0027
6295 0028
6295 0029
6295 0030
6296 0000
6296 0001
6296 0002
6296 0003
6296 0004
6296 0005
6296 0006
6296 0007
6296 0008
6296 0009
6296 0010
6296 0011
6296 0012
6296 0013
6296 0014
6296 0015
6296 0016
6296 0017
6296 0018
6296 0019
6296 0020
6296 0021
6296 0022
6296 0023
6301 0000
6301 0001
6301 0002
6301 0003
6301 0004
6301 0005
6301 0006
6301 0007
6301 0008
6301 0009
6301 0010
6301 0011
6301 0012
6301 0013
6301 0014
6301 0015
6301 0016
6301 0017
6310 0000
6310 0001
6310 0002
6310 0003
6310 0004
6310 0005
6310 0006
6310 0007
6310 0008
6310 0009
6310 0010
6310 0011
6310 0012
6310 0013
6310 0014
6310 0015
6310 0016
6310 0017
6312 0000
6312 0001
6312 0002
6312 0003
6312 0004
6312 0005
6312 0006
6312 0007
6312 0008
6312 0009
6312 0010
6312 0011
6312 0012
6312 0013
6312 0014
6312 0015
6312 0016
6312 0017
6312 0018
6312 0019
6312 0020
6312 0021
6312 0022
6312 0023
6312 0024
6312 0025
6312 0026
6312 0027
6312 0028
6320 0000
6320 0001
6320 0002
6320 0003
6320 0004
6320 0005
6320 0006
6320 0007
6320 0008
6320 0009
6320 0010
6320 0011
6320 0012
6320 0013
6320 0014
6320 0015
6320 0016
6325 0000
6325 0001
6325 0002
6325 0003
6325 0004
6325 0005
6325 0006
6325 0007
6325 0008
6325 0009
6325 0010
6325 0011
6325 0012
6325 0013
6325 0014
6325 0015
6325 0016
6325 0017
6325 0018
6325 0019
6325 0020
6325 0021
6325 0022
6325 0023
6325 0024
6326 0000
6326 0001
6326 0002
6326 0003
6326 0004
6326 0005
6326 0006
6326 0007
6326 0008
6326 0009
6326 0010
6326 0011
6326 0012
6326 0013
6326 0014
6326 0015
6326 0016
6326 0017
6332 0000
6332 0001
6332 0002
6332 0003
6332 0004
6332 0005
6332 0006
6332 0007
6332 0008
6332 0009
6332 0010
6332 0011
6332 0012
6332 0013
6332 0014
6332 0015
6332 0016
6332 0017
6332 0018
6332 0019
6332 0020
6332 0021
6332 0022
6332 0023
6332 0024
6332 0025
6332 0026
6332 0027
6332 0028
6332 0029
6332 0030
6332 0031
6332 0032
6332 0033
6341 0000
6341 0001
6341 0002
6341 0003
6341 0004
6341 0005
6341 0006
6341 0007
6341 0008
6341 0009
6341 0010
6341 0011
6341 0012
6341 0013
6341 0014
6341 0015
6341 0016
6341 0017
6341 0018
6341 0019
6341 0020
6341 0021
6341 0022
6341 0023
6341 0024
6341 0025
6341 0026
6344 0000
6344 0001
6344 0002
6344 0003
6344 0004
6344 0005
6344 0006
6344 0007
6344 0008
6344 0009
6344 0010
6344 0011
6344 0012
6344 0013
6344 0014
6344 0015
6344 0016
6344 0017
6344 0018
6344 0019
6344 0020
6344 0021
6347 0000
6347 0001
6347 0002
6347 0003
6347 0004
6347 0005
6347 0006
6347 0007
6347 0008
6347 0009
6347 0010
6347 0011
6347 0012
6347 0013
6347 0014
6347 0015
6347 0016
6347 0017
6347 0018
6347 0019
6348 0000
6348 0001
6348 0002
6348 0003
6348 0004
6348 0005
6348 0006
6348 0007
6348 0008
6348 0009
6348 0010
6348 0011
6348 0012
6348 0013
6348 0014
6348 0015
6348 0016
6348 0017
6348 0018
6353 0000
6353 0001
6353 0002
6353 0003
6353 0004
6353 0005
6353 0006
6353 0007
6353 0008
6353 0009
6353 0010
6353 0011
6353 0012
6353 0013
6353 0014
6353 0015
6353 0016
6353 0017
6353 0018
6353 0019
6353 0020
6356 0000
6356 0001
6356 0002
6356 0003
6356 0004
6356 0005
6356 0006
6356 0007
6356 0008
6356 0009
6356 0010
6356 0011
6356 0012
6356 0013
6356 0014
6356 0015
6356 0016
6356 0017
6356 0018
6356 0019
6356 0020
6356 0021
6356 0022
6356 0023
6356 0024
6356 0025
6356 0026
6356 0027
6356 0028
6358 0000
6358 0001
6358 0002
6358 0003
6358 0004
6358 0005
6358 0006
6358 0007
6358 0008
6358 0009
6358 0010
6358 0011
6358 0012
6358 0013
6358 0014
6358 0015
6358 0016
6358 0017
6358 0018
6358 0019
6358 0020
6358 0021
6358 0022
6358 0023
6358 0024
6358 0025
6360 0000
6360 0001
6360 0002
6360 0003
6360 0004
6360 0005
6360 0006
6360 0007
6360 0008
6360 0009
6360 0010
6360 0011
6360 0012
6360 0013
6360 0014
6360 0015
6360 0016
6360 0017
6360 0018
6360 0019
6360 0020
6360 0021
6360 0022
6360 0023
6362 0000
6362 0001
6362 0002
6362 0003
6362 0004
6362 0005
6362 0006
6362 0007
6362 0008
6362 0009
6362 0010
6362 0011
6362 0012
6362 0013
6362 0014
6362 0015
6362 0016
6362 0017
6362 0018
6362 0019
6362 0020
6362 0021
6362 0022
6362 0023
6362 0024
6362 0025
6362 0026
6362 0027
6362 0028
6362 0029
6365 0000
6365 0001
6365 0002
6365 0003
6365 0004
6365 0005
6365 0006
6365 0007
6365 0008
6365 0009
6365 0010
6365 0011
6365 0012
6365 0013
6365 0014
6365 0015
6365 0016
6365 0017
6365 0018
6365 0019
6365 0020
6365 0021
6368 0000
6368 0001
6368 0002
6368 0003
6368 0004
6368 0005
6368 0006
6368 0007
6368 0008
6368 0009
6368 0010
6368 0011
6368 0012
6368 0013
6368 0014
6368 0015
6368 0016
6368 0017
6368 0018
6368 0019
6368 0020
6368 0021
6368 0022
6368 0023
6368 0024
6368 0025
6368 0026
6368 0027
6384 0000
6384 0001
6384 0002
6384 0003
6384 0004
6384 0005
6384 0006
6384 0007
6384 0008
6384 0009
6384 0010
6384 0011
6384 0012
6384 0013
6384 0014
6384 0015
6386 0000
6386 0001
6386 0002
6386 0003
6386 0004
6386 0005
6386 0006
6386 0007
6386 0008
6386 0009
6386 0010
6386 0011
6386 0012
6387 0000
6387 0001
6387 0002
6387 0003
6387 0004
6387 0005
6387 0006
6387 0007
6387 0008
6387 0009
6387 0010
6387 0011
6387 0012
6388 0000
6388 0001
6388 0002
6388 0003
6388 0004
6388 0005
6388 0006
6388 0007
6388 0008
6388 0009
6388 0010
6388 0011
6388 0012
6388 0013
6388 0014
6388 0015
6388 0016
6390 0000
6390 0001
6390 0002
6390 0003
6390 0004
6390 0005
6390 0006
6390 0007
6390 0008
6390 0009
6390 0010
6390 0011
6390 0012
6390 0013
6390 0014
6392 0000
6392 0001
6392 0002
6392 0003
6392 0004
6392 0005
6392 0006
6392 0007
6392 0008
6392 0009
6392 0010
6392 0011
6392 0012
6392 0013
6392 0014
6392 0015
6392 0016
6392 0017
6392 0018
6392 0019
6392 0020
6392 0021
6392 0022
6392 0023
6392 0024
6392 0025
6395 0000
6395 0001
6395 0002
6395 0003
6395 0004
6395 0005
6395 0006
6395 0007
6395 0008
6395 0009
6395 0010
6395 0011
6395 0012
6395 0013
6395 0014
6395 0015
6395 0016
6395 0017
6395 0018
6395 0019
6395 0020
6395 0021
6395 0022
6395 0023
6395 0024
6395 0025
6395 0026
6395 0027
6395 0028
6395 0029
6395 0030
6397 0000
6397 0001
6397 0002
6397 0003
6397 0004
6397 0005
6397 0006
6397 0007
6397 0008
6397 0009
6397 0010
6397 0011
6397 0012
6397 0013
6397 0014
6397 0015
6397 0016
6397 0017
6397 0018
6397 0019
6397 0020
6397 0021
6397 0022
6397 0023
6397 0024
6398 0000
6398 0001
6398 0002
6398 0003
6398 0004
6398 0005
6398 0006
6398 0007
6398 0008
6398 0009
6398 0010
6398 0011
6398 0012
6398 0013
6398 0014
6401 0000
6401 0001
6401 0002
6401 0003
6401 0004
6401 0005
6401 0006
6401 0007
6401 0008
6401 0009
6401 0010
6401 0011
6401 0012
6401 0013
6401 0014
6401 0015
6401 0016
6401 0017
6401 0018
6401 0019
6401 0020
6401 0021
6403 0000
6403 0001
6403 0002
6403 0003
6403 0004
6403 0005
6403 0006
6403 0007
6403 0008
6403 0009
6403 0010
6403 0011
6403 0012
6403 0013
6403 0014
6403 0015
6412 0000
6412 0001
6412 0002
6412 0003
6412 0004
6412 0005
6412 0006
6412 0007
6412 0008
6412 0009
6412 0010
6412 0011
6412 0012
6412 0013
6415 0000
6415 0001
6415 0002
6415 0003
6415 0004
6415 0005
6415 0006
6415 0007
6415 0008
6415 0009
6415 0010
6415 0011
6415 0012
6415 0013
6415 0014
6415 0015
6415 0016
6415 0017
6415 0018
6415 0019
6415 0020
6415 0021
6415 0022
6418 0000
6418 0001
6418 0002
6418 0003
6418 0004
6418 0005
6418 0006
6418 0007
6418 0008
6418 0009
6418 0010
6418 0011
6418 0012
6418 0013
6418 0014
6418 0015
6418 0016
6418 0017
6418 0018
6418 0019
6418 0020
6418 0021
6418 0022
6418 0023
6418 0024
6418 0025
6418 0026
6418 0027
6419 0000
6419 0001
6419 0002
6419 0003
6419 0004
6419 0005
6419 0006
6419 0007
6419 0008
6419 0009
6419 0010
6419 0011
6419 0012
6419 0013
6419 0014
6419 0015
6419 0016
6419 0017
6421 0000
6421 0001
6421 0002
6421 0003
6421 0004
6421 0005
6421 0006
6421 0007
6421 0008
6421 0009
6421 0010
6421 0011
6421 0012
6421 0013
6421 0014
6421 0015
6421 0016
6421 0017
6422 0000
6422 0001
6422 0002
6422 0003
6422 0004
6422 0005
6422 0006
6422 0007
6422 0008
6422 0009
6422 0010
6422 0011
6422 0012
6422 0013
6422 0014
6422 0015
6422 0016
6422 0017
6422 0018
6422 0019
6422 0020
6422 0021
6423 0000
6423 0001
6423 0002
6423 0003
6423 0004
6423 0005
6423 0006
6423 0007
6423 0008
6423 0009
6423 0010
6423 0011
6423 0012
6423 0013
6423 0014
6423 0015
6423 0016
6423 0017
6423 0018
6423 0019
6423 0020
6423 0021
6423 0022
6423 0023
6423 0024
6423 0025
6423 0026
6423 0027
6423 0028
6427 0000
6427 0001
6427 0002
6427 0003
6427 0004
6427 0005
6427 0006
6427 0007
6427 0008
6427 0009
6427 0010
6427 0011
6427 0012
6427 0013
6427 0014
6427 0015
6427 0016
6427 0017
6427 0018
6427 0019
6427 0020
6427 0021
6427 0022
6427 0023
6427 0024
6429 0000
6429 0001
6429 0002
6429 0003
6429 0004
6429 0005
6429 0006
6429 0007
6429 0008
6429 0009
6429 0010
6429 0011
6429 0012
6429 0013
6429 0014
6429 0015
6429 0016
6429 0017
6429 0018
6430 0000
6430 0001
6430 0002
6430 0003
6430 0004
6430 0005
6430 0006
6430 0007
6430 0008
6430 0009
6436 0000
6436 0001
6436 0002
6436 0003
6436 0004
6436 0005
6436 0006
6436 0007
6436 0008
6436 0009
6436 0010
6436 0011
6436 0012
6436 0013
6436 0014
6436 0015
6436 0016
6436 0017
6436 0018
6436 0019
6436 0020
6436 0021
6436 0022
6436 0023
6436 0024
6436 0025
6436 0026
6436 0027
6437 0000
6437 0001
6437 0002
6437 0003
6437 0004
6437 0005
6437 0006
6437 0007
6437 0008
6437 0009
6437 0010
6437 0011
6437 0012
6437 0013
6437 0014
6437 0015
6437 0016
6437 0017
6437 0018
6437 0019
6437 0020
6437 0021
6437 0022
6437 0023
6437 0024
6437 0025
6446 0000
6446 0001
6446 0002
6446 0003
6446 0004
6446 0005
6446 0006
6446 0007
6446 0008
6446 0009
6446 0010
6446 0011
6446 0012
6446 0013
6446 0014
6446 0015
6446 0016
6446 0017
6446 0018
6446 0019
6446 0020
6446 0021
6446 0022
6446 0023
6446 0024
6446 0025
6446 0026
6447 0000
6447 0001
6447 0002
6447 0003
6447 0004
6447 0005
6447 0006
6447 0007
6447 0008
6447 0009
6447 0010
6447 0011
6447 0012
6447 0013
6447 0014
6447 0015
6447 0016
6447 0017
6447 0018
6447 0019
6447 0020
6447 0021
6447 0022
6447 0023
6447 0024
6451 0000
6451 0001
6451 0002
6451 0003
6451 0004
6451 0005
6451 0006
6451 0007
6451 0008
6451 0009
6451 0010
6451 0011
6451 0012
6451 0013
6451 0014
6451 0015
6451 0016
6451 0017
6451 0018
6451 0019
6451 0020
6451 0021
6456 0000
6456 0001
6456 0002
6456 0003
6456 0004
6456 0005
6456 0006
6456 0007
6456 0008
6456 0009
6456 0010
6456 0011
6456 0012
6456 0013
6456 0014
6456 0015
6456 0016
6456 0017
6456 0018
6456 0019
6456 0020
6456 0021
6456 0022
6456 0023
6456 0024
6456 0025
6456 0026
6459 0000
6459 0001
6459 0002
6459 0003
6459 0004
6459 0005
6459 0006
6459 0007
6459 0008
6459 0009
6459 0010
6459 0011
6459 0012
6459 0013
6459 0014
6462 0000
6462 0001
6462 0002
6462 0003
6462 0004
6462 0005
6462 0006
6462 0007
6462 0008
6462 0009
6462 0010
6462 0011
6462 0012
6462 0013
6462 0014
6462 0015
6462 0016
6462 0017
6462 0018
6462 0019
6462 0020
6462 0021
6462 0022
6462 0023
6462 0024
6462 0025
6462 0026
6463 0000
6463 0001
6463 0002
6463 0003
6463 0004
6463 0005
6463 0006
6463 0007
6463 0008
6463 0009
6463 0010
6463 0011
6463 0012
6463 0013
6463 0014
6463 0015
6463 0016
6463 0017
6463 0018
6463 0019
6463 0020
6463 0021
6471 0000
6471 0001
6471 0002
6471 0003
6471 0004
6471 0005
6471 0006
6471 0007
6471 0008
6471 0009
6471 0010
6471 0011
6471 0012
6471 0013
6471 0014
6471 0015
6471 0016
6471 0017
6471 0018
6471 0019
6471 0020
6471 0021
6471 0022
6471 0023
6473 0000
6473 0001
6473 0002
6473 0003
6473 0004
6473 0005
6473 0006
6473 0007
6473 0008
6473 0009
6473 0010
6473 0011
6473 0012
6473 0013
6473 0014
6473 0015
6473 0016
6473 0017
6473 0018
6473 0019
6473 0020
6473 0021
6476 0000
6476 0001
6476 0002
6476 0003
6476 0004
6476 0005
6476 0006
6476 0007
6476 0008
6476 0009
6476 0010
6476 0011
6476 0012
6476 0013
6476 0014
6476 0015
6476 0016
6476 0017
6476 0018
6476 0019
6476 0020
6476 0021
6476 0022
6476 0023
6476 0024
6476 0025
6476 0026
6476 0027
6476 0028
6476 0029
6478 0000
6478 0001
6478 0002
6478 0003
6478 0004
6478 0005
6478 0006
6478 0007
6478 0008
6478 0009
6478 0010
6478 0011
6478 0012
6478 0013
6478 0014
6478 0015
6478 0016
6478 0017
6478 0018
6478 0019
6478 0020
6478 0021
6478 0022
6478 0023
6478 0024
6478 0025
6478 0026
6478 0027
6480 0000
6480 0001
6480 0002
6480 0003
6480 0004
6480 0005
6480 0006
6480 0007
6480 0008
6480 0009
6480 0010
6480 0011
6480 0012
6480 0013
6480 0014
6480 0015
6480 0016
6480 0017
6480 0018
6484 0000
6484 0001
6484 0002
6484 0003
6484 0004
6484 0005
6484 0006
6484 0007
6484 0008
6484 0009
6484 0010
6484 0011
6484 0012
6484 0013
6484 0014
6484 0015
6484 0016
6484 0017
6484 0018
6484 0019
6484 0020
6484 0021
6484 0022
6484 0023
6484 0024
6484 0025
6484 0026
6484 0027
6484 0028
6484 0029
6484 0030
6484 0031
6489 0000
6489 0001
6489 0002
6489 0003
6489 0004
6489 0005
6489 0006
6489 0007
6489 0008
6489 0009
6489 0010
6489 0011
6489 0012
6489 0013
6489 0014
6489 0015
6489 0016
6489 0017
6489 0018
6489 0019
6489 0020
6489 0021
6489 0022
6489 0023
6489 0024
6489 0025
6495 0000
6495 0001
6495 0002
6495 0003
6495 0004
6495 0005
6495 0006
6495 0007
6495 0008
6495 0009
6495 0010
6495 0011
6495 0012
6495 0013
6495 0014
6495 0015
6495 0016
6495 0017
6495 0018
6495 0019
6495 0020
6495 0021
6495 0022
6495 0023
6495 0024
6495 0025
6495 0026
6495 0027
6495 0028
6498 0000
6498 0001
6498 0002
6498 0003
6498 0004
6498 0005
6498 0006
6498 0007
6498 0008
6498 0009
6498 0010
6498 0011
6498 0012
6498 0013
6498 0014
6498 0015
6498 0016
6498 0017
6498 0018
6498 0019
6498 0020
6498 0021
6498 0022
6498 0023
6498 0024
6498 0025
6499 0000
6499 0001
6499 0002
6499 0003
6499 0004
6499 0005
6499 0006
6499 0007
6499 0008
6499 0009
6499 0010
6499 0011
6499 0012
6499 0013
6499 0014
6499 0015
6499 0016
6499 0017
6499 0018
6499 0019
6499 0020
6499 0021
6499 0022
6499 0023
6499 0024
6499 0025
6504 0000
6504 0001
6504 0002
6504 0003
6504 0004
6504 0005
6504 0006
6504 0007
6504 0008
6504 0009
6504 0010
6504 0011
6504 0012
6504 0013
6504 0014
6504 0015
6504 0016
6504 0017
6504 0018
6504 0019
6504 0020
6510 0000
6510 0001
6510 0002
6510 0003
6510 0004
6510 0005
6510 0006
6510 0007
6510 0008
6510 0009
6510 0010
6510 0011
6510 0012
6510 0013
6510 0014
6510 0015
6510 0016
6510 0017
6510 0018
6510 0019
6510 0020
6510 0021
6510 0022
6510 0023
6510 0024
6513 0000
6513 0001
6513 0002
6513 0003
6513 0004
6513 0005
6513 0006
6513 0007
6513 0008
6513 0009
6513 0010
6513 0011
6513 0012
6513 0013
6513 0014
6513 0015
6513 0016
6513 0017
6513 0018
6513 0019
6513 0020
6513 0021
6513 0022
6513 0023
6513 0024
6513 0025
6513 0026
6526 0000
6526 0001
6526 0002
6526 0003
6526 0004
6526 0005
6526 0006
6526 0007
6526 0008
6526 0009
6526 0010
6526 0011
6526 0012
6526 0013
6526 0014
6526 0015
6526 0016
6526 0017
6526 0018
6526 0019
6526 0020
6526 0021
6528 0000
6528 0001
6528 0002
6528 0003
6528 0004
6528 0005
6528 0006
6528 0007
6528 0008
6528 0009
6528 0010
6528 0011
6528 0012
6528 0013
6540 0000
6540 0001
6540 0002
6540 0003
6540 0004
6540 0005
6540 0006
6540 0007
6540 0008
6540 0009
6540 0010
6540 0011
6540 0012
6540 0013
6540 0014
6540 0015
6540 0016
6540 0017
6540 0018
6540 0019
6540 0020
6540 0021
6540 0022
6540 0023
6540 0024
6544 0000
6544 0001
6544 0002
6544 0003
6544 0004
6544 0005
6544 0006
6544 0007
6544 0008
6544 0009
6544 0010
6544 0011
6544 0012
6544 0013
6544 0014
6544 0015
6544 0016
6544 0017
6544 0018
6547 0000
6547 0001
6547 0002
6547 0003
6547 0004
6547 0005
6547 0006
6547 0007
6547 0008
6547 0009
6547 0010
6547 0011
6547 0012
6547 0013
6547 0014
6547 0015
6547 0016
6547 0017
6547 0018
6547 0019
6547 0020
6547 0021
6547 0022
6547 0023
6547 0024
6547 0025
6549 0000
6549 0001
6549 0002
6549 0003
6549 0004
6549 0005
6549 0006
6549 0007
6549 0008
6549 0009
6549 0010
6549 0011
6549 0012
6549 0013
6549 0014
6549 0015
6549 0016
6549 0017
6549 0018
6549 0019
6549 0020
6549 0021
6549 0022
6549 0023
6549 0024
6549 0025
6549 0026
6549 0027
6549 0028
6549 0029
6550 0000
6550 0001
6550 0002
6550 0003
6550 0004
6550 0005
6550 0006
6550 0007
6550 0008
6550 0009
6550 0010
6550 0011
6550 0012
6550 0013
6550 0014
6550 0015
6550 0016
6550 0017
6550 0018
6550 0019
6550 0020
6550 0021
6550 0022
6552 0000
6552 0001
6552 0002
6552 0003
6552 0004
6552 0005
6552 0006
6552 0007
6552 0008
6552 0009
6552 0010
6552 0011
6552 0012
6552 0013
6552 0014
6552 0015
6552 0016
6552 0017
6559 0000
6559 0001
6559 0002
6559 0003
6559 0004
6559 0005
6559 0006
6559 0007
6559 0008
6559 0009
6559 0010
6559 0011
6559 0012
6559 0013
6559 0014
6559 0015
6559 0016
6563 0000
6563 0001
6563 0002
6563 0003
6563 0004
6563 0005
6563 0006
6563 0007
6563 0008
6563 0009
6563 0010
6563 0011
6563 0012
6563 0013
6563 0014
6563 0015
6563 0016
6563 0017
6563 0018
6563 0019
6563 0020
6573 0000
6573 0001
6573 0002
6573 0003
6573 0004
6573 0005
6573 0006
6573 0007
6573 0008
6573 0009
6573 0010
6573 0011
6573 0012
6573 0013
6573 0014
6573 0015
6573 0016
6573 0017
6573 0018
6573 0019
6573 0020
6573 0021
6583 0000
6583 0001
6583 0002
6583 0003
6583 0004
6583 0005
6583 0006
6583 0007
6583 0008
6583 0009
6583 0010
6583 0011
6583 0012
6583 0013
6583 0014
6583 0015
6583 0016
6583 0017
6583 0018
6584 0000
6584 0001
6584 0002
6584 0003
6584 0004
6584 0005
6584 0006
6584 0007
6584 0008
6584 0009
6584 0010
6584 0011
6584 0012
6584 0013
6584 0014
6584 0015
6584 0016
6584 0017
6584 0018
6584 0019
6584 0020
6584 0021
6584 0022
6584 0023
6584 0024
6585 0000
6585 0001
6585 0002
6585 0003
6585 0004
6585 0005
6585 0006
6585 0007
6585 0008
6585 0009
6585 0010
6585 0011
6585 0012
6585 0013
6585 0014
6585 0015
6585 0016
6585 0017
6585 0018
6585 0019
6585 0020
6585 0021
6585 0022
6585 0023
6585 0024
6585 0025
6585 0026
6585 0027
6596 0000
6596 0001
6596 0002
6596 0003
6596 0004
6596 0005
6596 0006
6596 0007
6596 0008
6596 0009
6596 0010
6596 0011
6596 0012
6596 0013
6596 0014
6596 0015
6596 0016
6596 0017
6596 0018
6596 0019
6596 0020
6596 0021
6596 0022
6596 0023
6596 0024
6596 0025
6596 0026
6599 0000
6599 0001
6599 0002
6599 0003
6599 0004
6599 0005
6599 0006
6599 0007
6599 0008
6599 0009
6599 0010
6599 0011
6599 0012
6599 0013
6599 0014
6599 0015
6599 0016
6599 0017
6599 0018
6599 0019
6599 0020
6599 0021
6599 0022
6599 0023
6599 0024
6599 0025
6599 0026
6599 0027
6600 0000
6600 0001
6600 0002
6600 0003
6600 0004
6600 0005
6600 0006
6600 0007
6600 0008
6600 0009
6600 0010
6600 0011
6600 0012
6600 0013
6600 0014
6600 0015
6600 0016
6600 0017
6600 0018
6600 0019
6600 0020
6600 0021
6600 0022
6600 0023
6600 0024
6600 0025
6601 0000
6601 0001
6601 0002
6601 0003
6601 0004
6601 0005
6601 0006
6601 0007
6601 0008
6601 0009
6601 0010
6601 0011
6601 0012
6601 0013
6601 0014
6601 0015
6601 0016
6601 0017
6601 0018
6601 0019
6610 0000
6610 0001
6610 0002
6610 0003
6610 0004
6610 0005
6610 0006
6610 0007
6610 0008
6610 0009
6610 0010
6610 0011
6610 0012
6610 0013
6610 0014
6610 0015
6610 0016
6610 0017
6610 0018
6610 0019
6610 0020
6610 0021
6610 0022
6610 0023
6611 0000
6611 0001
6611 0002
6611 0003
6611 0004
6611 0005
6611 0006
6611 0007
6611 0008
6611 0009
6611 0010
6611 0011
6611 0012
6611 0013
6611 0014
6611 0015
6611 0016
6611 0017
6611 0018
6611 0019
6611 0020
6616 0000
6616 0001
6616 0002
6616 0003
6616 0004
6616 0005
6616 0006
6616 0007
6616 0008
6616 0009
6616 0010
6616 0011
6616 0012
6616 0013
6616 0014
6616 0015
6616 0016
6616 0017
6616 0018
6616 0019
6616 0020
6616 0021
6616 0022
6616 0023
6616 0024
6616 0025
6621 0000
6621 0001
6621 0002
6621 0003
6621 0004
6621 0005
6621 0006
6621 0007
6621 0008
6621 0009
6621 0010
6621 0011
6621 0012
6621 0013
6621 0014
6621 0015
6621 0016
6621 0017
6621 0018
6622 0000
6622 0001
6622 0002
6622 0003
6622 0004
6622 0005
6622 0006
6622 0007
6622 0008
6622 0009
6622 0010
6622 0011
6622 0012
6622 0013
6622 0014
6622 0015
6628 0000
6628 0001
6628 0002
6628 0003
6628 0004
6628 0005
6628 0006
6628 0007
6628 0008
6628 0009
6628 0010
6628 0011
6628 0012
6628 0013
6628 0014
6628 0015
6628 0016
6628 0017
6628 0018
6628 0019
6628 0020
6628 0021
6628 0022
6638 0000
6638 0001
6638 0002
6638 0003
6638 0004
6638 0005
6638 0006
6638 0007
6638 0008
6638 0009
6638 0010
6638 0011
6638 0012
6638 0013
6638 0014
6638 0015
6638 0016
6638 0017
6638 0018
6638 0019
6638 0020
6638 0021
6640 0000
6640 0001
6640 0002
6640 0003
6640 0004
6640 0005
6640 0006
6640 0007
6640 0008
6640 0009
6640 0010
6640 0011
6640 0012
6640 0013
6640 0014
6640 0015
6640 0016
6640 0017
6640 0018
6640 0019
6640 0020
6640 0021
6640 0022
6651 0000
6651 0001
6651 0002
6651 0003
6651 0004
6651 0005
6651 0006
6651 0007
6651 0008
6651 0009
6651 0010
6651 0011
6651 0012
6651 0013
6651 0014
6651 0015
6651 0016
6651 0017
6651 0018
6651 0019
6651 0020
6651 0021
6651 0022
6651 0023
6651 0024
6651 0025
6651 0026
6651 0027
6651 0028
6651 0029
6651 0030
6652 0000
6652 0001
6652 0002
6652 0003
6652 0004
6652 0005
6652 0006
6652 0007
6652 0008
6652 0009
6652 0010
6652 0011
6652 0012
6652 0013
6652 0014
6652 0015
6652 0016
6652 0017
6652 0018
6652 0019
6652 0020
6652 0021
6652 0022
6652 0023
6653 0000
6653 0001
6653 0002
6653 0003
6653 0004
6653 0005
6653 0006
6653 0007
6653 0008
6653 0009
6653 0010
6653 0011
6653 0012
6653 0013
6653 0014
6653 0015
6653 0016
6653 0017
6653 0018
6653 0019
6653 0020
6653 0021
6656 0000
6656 0001
6656 0002
6656 0003
6656 0004
6656 0005
6656 0006
6656 0007
6656 0008
6656 0009
6656 0010
6656 0011
6656 0012
6656 0013
6656 0014
6656 0015
6656 0016
6659 0000
6659 0001
6659 0002
6659 0003
6659 0004
6659 0005
6659 0006
6659 0007
6659 0008
6659 0009
6659 0010
6659 0011
6659 0012
6659 0013
6659 0014
6659 0015
6676 0000
6676 0001
6676 0002
6676 0003
6676 0004
6676 0005
6676 0006
6676 0007
6676 0008
6676 0009
6676 0010
6676 0011
6676 0012
6676 0013
6676 0014
6676 0015
6681 0000
6681 0001
6681 0002
6681 0003
6681 0004
6681 0005
6681 0006
6681 0007
6681 0008
6681 0009
6681 0010
6681 0011
6681 0012
6681 0013
6681 0014
6681 0015
6681 0016
6685 0000
6685 0001
6685 0002
6685 0003
6685 0004
6685 0005
6685 0006
6685 0007
6685 0008
6685 0009
6685 0010
6685 0011
6685 0012
6685 0013
6685 0014
6685 0015
6685 0016
6685 0017
6685 0018
6685 0019
6685 0020
6685 0021
6692 0000
6692 0001
6692 0002
6692 0003
6692 0004
6692 0005
6692 0006
6692 0007
6692 0008
6692 0009
6692 0010
6692 0011
6692 0012
6692 0013
6692 0014
6692 0015
6693 0000
6693 0001
6693 0002
6693 0003
6693 0004
6693 0005
6693 0006
6693 0007
6693 0008
6693 0009
6693 0010
6693 0011
6693 0012
6693 0013
6693 0014
6693 0015
6693 0016
6694 0000
6694 0001
6694 0002
6694 0003
6694 0004
6694 0005
6694 0006
6694 0007
6694 0008
6694 0009
6694 0010
6694 0011
6694 0012
6694 0013
6694 0014
6694 0015
6696 0000
6696 0001
6696 0002
6696 0003
6696 0004
6696 0005
6696 0006
6696 0007
6696 0008
6696 0009
6696 0010
6696 0011
6696 0012
6696 0013
6696 0014
6696 0015
6696 0016
6696 0017
6696 0018
6696 0019
6696 0020
6696 0021
6696 0022
6696 0023
6697 0000
6697 0001
6697 0002
6697 0003
6697 0004
6697 0005
6697 0006
6697 0007
6697 0008
6697 0009
6697 0010
6697 0011
6697 0012
6697 0013
6697 0014
6697 0015
6697 0016
6697 0017
6697 0018
6697 0019
6697 0020
6697 0021
6697 0022
6697 0023
6697 0024
6697 0025
6697 0026
6699 0000
6699 0001
6699 0002
6699 0003
6699 0004
6699 0005
6699 0006
6699 0007
6699 0008
6699 0009
6699 0010
6699 0011
6699 0012
6699 0013
6699 0014
6699 0015
6699 0016
6699 0017
6699 0018
6699 0019
6699 0020
6699 0021
6701 0000
6701 0001
6701 0002
6701 0003
6701 0004
6701 0005
6701 0006
6701 0007
6701 0008
6701 0009
6701 0010
6701 0011
6701 0012
6701 0013
6701 0014
6701 0015
6701 0016
6701 0017
6701 0018
6701 0019
6701 0020
6701 0021
6701 0022
6701 0023
6701 0024
6701 0025
6701 0026
6701 0027
6706 0000
6706 0001
6706 0002
6706 0003
6706 0004
6706 0005
6706 0006
6706 0007
6706 0008
6706 0009
6706 0010
6706 0011
6706 0012
6706 0013
6706 0014
6706 0015
6706 0016
6706 0017
6707 0000
6707 0001
6707 0002
6707 0003
6707 0004
6707 0005
6707 0006
6707 0007
6707 0008
6707 0009
6707 0010
6707 0011
6707 0012
6707 0013
6707 0014
6707 0015
6708 0000
6708 0001
6708 0002
6708 0003
6708 0004
6708 0005
6708 0006
6708 0007
6708 0008
6708 0009
6708 0010
6708 0011
6708 0012
6708 0013
6708 0014
6708 0015
6708 0016
6708 0017
6708 0018
6709 0000
6709 0001
6709 0002
6709 0003
6709 0004
6709 0005
6709 0006
6709 0007
6709 0008
6709 0009
6709 0010
6709 0011
6709 0012
6709 0013
6709 0014
6709 0015
6709 0016
6709 0017
6715 0000
6715 0001
6715 0002
6715 0003
6715 0004
6715 0005
6715 0006
6715 0007
6715 0008
6715 0009
6715 0010
6715 0011
6715 0012
6715 0013
6715 0014
6715 0015
6715 0016
6715 0017
6715 0018
6715 0019
6715 0020
6715 0021
6715 0022
6715 0023
6715 0024
6715 0025
6715 0026
6715 0027
6716 0000
6716 0001
6716 0002
6716 0003
6716 0004
6716 0005
6716 0006
6716 0007
6716 0008
6716 0009
6716 0010
6716 0011
6716 0012
6716 0013
6716 0014
6716 0015
6716 0016
6716 0017
6716 0018
6716 0019
6716 0020
6716 0021
6716 0022
6717 0000
6717 0001
6717 0002
6717 0003
6717 0004
6717 0005
6717 0006
6717 0007
6717 0008
6717 0009
6717 0010
6717 0011
6717 0012
6717 0013
6717 0014
6717 0015
6718 0000
6718 0001
6718 0002
6718 0003
6718 0004
6718 0005
6718 0006
6718 0007
6718 0008
6718 0009
6718 0010
6718 0011
6718 0012
6718 0013
6718 0014
6718 0015
6718 0016
6718 0017
6718 0018
6718 0019
6718 0020
6718 0021
6718 0022
6718 0023
6718 0024
6718 0025
6718 0026
6718 0027
6718 0028
6718 0029
6732 0000
6732 0001
6732 0002
6732 0003
6732 0004
6732 0005
6732 0006
6732 0007
6732 0008
6732 0009
6732 0010
6732 0011
6732 0012
6732 0013
6732 0014
6732 0015
6732 0016
6732 0017
6732 0018
6732 0019
6732 0020
6734 0000
6734 0001
6734 0002
6734 0003
6734 0004
6734 0005
6734 0006
6734 0007
6734 0008
6734 0009
6734 0010
6734 0011
6734 0012
6734 0013
6734 0014
6734 0015
6734 0016
6734 0017
6734 0018
6734 0019
6734 0020
6734 0021
6734 0022
6734 0023
6738 0000
6738 0001
6738 0002
6738 0003
6738 0004
6738 0005
6738 0006
6738 0007
6738 0008
6738 0009
6738 0010
6738 0011
6738 0012
6738 0013
6738 0014
6738 0015
6738 0016
6738 0017
6738 0018
6738 0019
6738 0020
6743 0000
6743 0001
6743 0002
6743 0003
6743 0004
6743 0005
6743 0006
6743 0007
6743 0008
6743 0009
6743 0010
6743 0011
6743 0012
6743 0013
6743 0014
6743 0015
6743 0016
6743 0017
6743 0018
6743 0019
6743 0020
6743 0021
6743 0022
6743 0023
6743 0024
6743 0025
6743 0026
6743 0027
6749 0000
6749 0001
6749 0002
6749 0003
6749 0004
6749 0005
6749 0006
6749 0007
6749 0008
6749 0009
6749 0010
6749 0011
6749 0012
6749 0013
6749 0014
6749 0015
6749 0016
6749 0017
6749 0018
6749 0019
6749 0020
6749 0021
6749 0022
6749 0023
6749 0024
6749 0025
6753 0000
6753 0001
6753 0002
6753 0003
6753 0004
6753 0005
6753 0006
6753 0007
6753 0008
6753 0009
6753 0010
6753 0011
6753 0012
6753 0013
6753 0014
6753 0015
6753 0016
6753 0017
6753 0018
6753 0019
6753 0020
6753 0021
6753 0022
6753 0023
6753 0024
6753 0025
6753 0026
6753 0027
6759 0000
6759 0001
6759 0002
6759 0003
6759 0004
6759 0005
6759 0006
6759 0007
6759 0008
6759 0009
6759 0010
6759 0011
6759 0012
6759 0013
6759 0014
6759 0015
6759 0016
6759 0017
6759 0018
6759 0019
6759 0020
6759 0021
6759 0022
6759 0023
6759 0024
6759 0025
6759 0026
6764 0000
6764 0001
6764 0002
6764 0003
6764 0004
6764 0005
6764 0006
6764 0007
6764 0008
6764 0009
6764 0010
6764 0011
6764 0012
6764 0013
6764 0014
6764 0015
6764 0016
6764 0017
6764 0018
6764 0019
6764 0020
6774 0000
6774 0001
6774 0002
6774 0003
6774 0004
6774 0005
6774 0006
6774 0007
6774 0008
6774 0009
6774 0010
6774 0011
6774 0012
6774 0013
6774 0014
6774 0015
6775 0000
6775 0001
6775 0002
6775 0003
6775 0004
6775 0005
6775 0006
6775 0007
6775 0008
6775 0009
6775 0010
6775 0011
6775 0012
6775 0013
6775 0014
6775 0015
6775 0016
6775 0017
6775 0018
6775 0019
6775 0020
6775 0021
6775 0022
6775 0023
6775 0024
6775 0025
6775 0026
6779 0000
6779 0001
6779 0002
6779 0003
6779 0004
6779 0005
6779 0006
6779 0007
6779 0008
6779 0009
6779 0010
6779 0011
6779 0012
6779 0013
6782 0000
6782 0001
6782 0002
6782 0003
6782 0004
6782 0005
6782 0006
6782 0007
6782 0008
6782 0009
6782 0010
6782 0011
6782 0012
6782 0013
6782 0014
6782 0015
6782 0016
6782 0017
6782 0018
6782 0019
6782 0020
6782 0021
6782 0022
6788 0000
6788 0001
6788 0002
6788 0003
6788 0004
6788 0005
6788 0006
6788 0007
6788 0008
6788 0009
6788 0010
6788 0011
6788 0012
6788 0013
6788 0014
6788 0015
6788 0016
6788 0017
6788 0018
6788 0019
6788 0020
6788 0021
6788 0022
6788 0023
6790 0000
6790 0001
6790 0002
6790 0003
6790 0004
6790 0005
6790 0006
6790 0007
6790 0008
6790 0009
6790 0010
6790 0011
6790 0012
6790 0013
6790 0014
6790 0015
6790 0016
6790 0017
6790 0018
6790 0019
6790 0020
6790 0021
6790 0022
6790 0023
6790 0024
6790 0025
6790 0026
6790 0027
6790 0028
6790 0029
6791 0000
6791 0001
6791 0002
6791 0003
6791 0004
6791 0005
6791 0006
6791 0007
6791 0008
6791 0009
6791 0010
6791 0011
6791 0012
6791 0013
6791 0014
6791 0015
6791 0016
6791 0017
6791 0018
6791 0019
6791 0020
6791 0021
6791 0022
6791 0023
6791 0024
6791 0025
6791 0026
6791 0027
6797 0000
6797 0001
6797 0002
6797 0003
6797 0004
6797 0005
6797 0006
6797 0007
6797 0008
6797 0009
6797 0010
6797 0011
6797 0012
6797 0013
6797 0014
6797 0015
6797 0016
6797 0017
6797 0018
6797 0019
6797 0020
6797 0021
6797 0022
6797 0023
6797 0024
6797 0025
6797 0026
6797 0027
6797 0028
6807 0000
6807 0001
6807 0002
6807 0003
6807 0004
6807 0005
6807 0006
6807 0007
6807 0008
6807 0009
6807 0010
6807 0011
6807 0012
6807 0013
6807 0014
6807 0015
6814 0000
6814 0001
6814 0002
6814 0003
6814 0004
6814 0005
6814 0006
6814 0007
6814 0008
6814 0009
6814 0010
6814 0011
6814 0012
6814 0013
6814 0014
6814 0015
6814 0016
6814 0017
6814 0018
6814 0019
6814 0020
6814 0021
6814 0022
6814 0023
6814 0024
6816 0000
6816 0001
6816 0002
6816 0003
6816 0004
6816 0005
6816 0006
6816 0007
6816 0008
6816 0009
6816 0010
6816 0011
6816 0012
6816 0013
6816 0014
6816 0015
6816 0016
6816 0017
6816 0018
6816 0019
6816 0020
6816 0021
6817 0000
6817 0001
6817 0002
6817 0003
6817 0004
6817 0005
6817 0006
6817 0007
6817 0008
6817 0009
6817 0010
6817 0011
6817 0012
6817 0013
6817 0014
6817 0015
6817 0016
6817 0017
6817 0018
6817 0019
6817 0020
6817 0021
6823 0000
6823 0001
6823 0002
6823 0003
6823 0004
6823 0005
6823 0006
6823 0007
6823 0008
6823 0009
6823 0010
6823 0011
6823 0012
6825 0000
6825 0001
6825 0002
6825 0003
6825 0004
6825 0005
6825 0006
6825 0007
6825 0008
6825 0009
6825 0010
6825 0011
6825 0012
6825 0013
6825 0014
6826 0000
6826 0001
6826 0002
6826 0003
6826 0004
6826 0005
6826 0006
6826 0007
6826 0008
6826 0009
6826 0010
6826 0011
6826 0012
6826 0013
6826 0014
6826 0015
6826 0016
6826 0017
6826 0018
6826 0019
6826 0020
6826 0021
6826 0022
6826 0023
6826 0024
6826 0025
6826 0026
6826 0027
6827 0000
6827 0001
6827 0002
6827 0003
6827 0004
6827 0005
6827 0006
6827 0007
6827 0008
6827 0009
6827 0010
6827 0011
6827 0012
6827 0013
6827 0014
6827 0015
6827 0016
6827 0017
6827 0018
6827 0019
6827 0020
6827 0021
6829 0000
6829 0001
6829 0002
6829 0003
6829 0004
6829 0005
6829 0006
6829 0007
6829 0008
6829 0009
6829 0010
6829 0011
6829 0012
6829 0013
6829 0014
6829 0015
6829 0016
6829 0017
6829 0018
6829 0019
6829 0020
6829 0021
6830 0000
6830 0001
6830 0002
6830 0003
6830 0004
6830 0005
6830 0006
6830 0007
6830 0008
6830 0009
6830 0010
6830 0011
6830 0012
6830 0013
6830 0014
6830 0015
6830 0016
6830 0017
6830 0018
6830 0019
6830 0020
6830 0021
6830 0022
6830 0023
6830 0024
6830 0025
6830 0026
6830 0027
6830 0028
6830 0029
6830 0030
6834 0000
6834 0001
6834 0002
6834 0003
6834 0004
6834 0005
6834 0006
6834 0007
6834 0008
6834 0009
6834 0010
6834 0011
6834 0012
6834 0013
6834 0014
6834 0015
6834 0016
6834 0017
6834 0018
6834 0019
6834 0020
6834 0021
6834 0022
6834 0023
6834 0024
6834 0025
6836 0000
6836 0001
6836 0002
6836 0003
6836 0004
6836 0005
6836 0006
6836 0007
6836 0008
6836 0009
6836 0010
6836 0011
6836 0012
6836 0013
6836 0014
6836 0015
6836 0016
6836 0017
6836 0018
6836 0019
6836 0020
6836 0021
6836 0022
6836 0023
6836 0024
6836 0025
6836 0026
6836 0027
6843 0000
6843 0001
6843 0002
6843 0003
6843 0004
6843 0005
6843 0006
6843 0007
6843 0008
6843 0009
6843 0010
6843 0011
6843 0012
6843 0013
6843 0014
6843 0015
6843 0016
6843 0017
6843 0018
6843 0019
6843 0020
6843 0021
6843 0022
6847 0000
6847 0001
6847 0002
6847 0003
6847 0004
6847 0005
6847 0006
6847 0007
6847 0008
6847 0009
6847 0010
6847 0011
6847 0012
6847 0013
6847 0014
6847 0015
6847 0016
6847 0017
6847 0018
6847 0019
6847 0020
6847 0021
6847 0022
6847 0023
6848 0000
6848 0001
6848 0002
6848 0003
6848 0004
6848 0005
6848 0006
6848 0007
6848 0008
6848 0009
6848 0010
6848 0011
6848 0012
6848 0013
6848 0014
6848 0015
6848 0016
6848 0017
6848 0018
6848 0019
6848 0020
6849 0000
6849 0001
6849 0002
6849 0003
6849 0004
6849 0005
6849 0006
6849 0007
6849 0008
6849 0009
6849 0010
6849 0011
6849 0012
6849 0013
6849 0014
6849 0015
6849 0016
6849 0017
6849 0018
6849 0019
6849 0020
6849 0021
6849 0022
6849 0023
6849 0024
6849 0025
6849 0026
6849 0027
6849 0028
6849 0029
6849 0030
6849 0031
6849 0032
6853 0000
6853 0001
6853 0002
6853 0003
6853 0004
6853 0005
6853 0006
6853 0007
6853 0008
6853 0009
6853 0010
6853 0011
6853 0012
6853 0013
6853 0014
6853 0015
6853 0016
6853 0017
6853 0018
6853 0019
6853 0020
6853 0021
6853 0022
6853 0023
6853 0024
6864 0000
6864 0001
6864 0002
6864 0003
6864 0004
6864 0005
6864 0006
6864 0007
6864 0008
6864 0009
6864 0010
6864 0011
6864 0012
6864 0013
6864 0014
6864 0015
6864 0016
6864 0017
6864 0018
6865 0000
6865 0001
6865 0002
6865 0003
6865 0004
6865 0005
6865 0006
6865 0007
6865 0008
6865 0009
6865 0010
6865 0011
6865 0012
6865 0013
6865 0014
6865 0015
6865 0016
6865 0017
6865 0018
6865 0019
6865 0020
6865 0021
6865 0022
6865 0023
6868 0000
6868 0001
6868 0002
6868 0003
6868 0004
6868 0005
6868 0006
6868 0007
6868 0008
6868 0009
6868 0010
6868 0011
6868 0012
6868 0013
6868 0014
6868 0015
6868 0016
6868 0017
6868 0018
6868 0019
6868 0020
6868 0021
6868 0022
6868 0023
6868 0024
6868 0025
6868 0026
6868 0027
6868 0028
6868 0029
6868 0030
6868 0031
6873 0000
6873 0001
6873 0002
6873 0003
6873 0004
6873 0005
6873 0006
6873 0007
6873 0008
6873 0009
6873 0010
6873 0011
6873 0012
6873 0013
6873 0014
6873 0015
6873 0016
6873 0017
6873 0018
6873 0019
6879 0000
6879 0001
6879 0002
6879 0003
6879 0004
6879 0005
6879 0006
6879 0007
6879 0008
6879 0009
6879 0010
6879 0011
6879 0012
6879 0013
6879 0014
6879 0015
6879 0016
6879 0017
6879 0018
6879 0019
6879 0020
6880 0000
6880 0001
6880 0002
6880 0003
6880 0004
6880 0005
6880 0006
6880 0007
6880 0008
6880 0009
6880 0010
6880 0011
6880 0012
6880 0013
6880 0014
6880 0015
6880 0016
6880 0017
6880 0018
6880 0019
6880 0020
6881 0000
6881 0001
6881 0002
6881 0003
6881 0004
6881 0005
6881 0006
6881 0007
6881 0008
6881 0009
6881 0010
6881 0011
6881 0012
6881 0013
6881 0014
6881 0015
6881 0016
6881 0017
6881 0018
6881 0019
6881 0020
6881 0021
6881 0022
6882 0000
6882 0001
6882 0002
6882 0003
6882 0004
6882 0005
6882 0006
6882 0007
6882 0008
6882 0009
6882 0010
6882 0011
6882 0012
6882 0013
6882 0014
6882 0015
6882 0016
6882 0017
6882 0018
6882 0019
6882 0020
6882 0021
6882 0022
6882 0023
6886 0000
6886 0001
6886 0002
6886 0003
6886 0004
6886 0005
6886 0006
6886 0007
6886 0008
6886 0009
6886 0010
6886 0011
6886 0012
6886 0013
6886 0014
6886 0015
6886 0016
6886 0017
6886 0018
6886 0019
6886 0020
6886 0021
6886 0022
6886 0023
6886 0024
6886 0025
6887 0000
6887 0001
6887 0002
6887 0003
6887 0004
6887 0005
6887 0006
6887 0007
6887 0008
6887 0009
6887 0010
6887 0011
6887 0012
6887 0013
6887 0014
6887 0015
6887 0016
6887 0017
6887 0018
6887 0019
6887 0020
6892 0000
6892 0001
6892 0002
6892 0003
6892 0004
6892 0005
6892 0006
6892 0007
6892 0008
6892 0009
6892 0010
6892 0011
6892 0012
6892 0013
6892 0014
6892 0015
6892 0016
6892 0017
6892 0018
6892 0019
6892 0020
6892 0021
6892 0022
6892 0023
6897 0000
6897 0001
6897 0002
6897 0003
6897 0004
6897 0005
6897 0006
6897 0007
6897 0008
6897 0009
6897 0010
6897 0011
6897 0012
6897 0013
6897 0014
6897 0015
6897 0016
6897 0017
6912 0000
6912 0001
6912 0002
6912 0003
6912 0004
6912 0005
6912 0006
6912 0007
6912 0008
6912 0009
6912 0010
6912 0011
6912 0012
6912 0013
6912 0014
6912 0015
6912 0016
6912 0017
6912 0018
6912 0019
6912 0020
6912 0021
6912 0022
6912 0023
6912 0024
6920 0000
6920 0001
6920 0002
6920 0003
6920 0004
6920 0005
6920 0006
6920 0007
6920 0008
6920 0009
6920 0010
6920 0011
6920 0012
6920 0013
6920 0014
6920 0015
6920 0016
6920 0017
6920 0018
6920 0019
6920 0020
6932 0000
6932 0001
6932 0002
6932 0003
6932 0004
6932 0005
6932 0006
6932 0007
6932 0008
6932 0009
6932 0010
6932 0011
6932 0012
6932 0013
6932 0014
6932 0015
6932 0016
6932 0017
6932 0018
6932 0019
6934 0000
6934 0001
6934 0002
6934 0003
6934 0004
6934 0005
6934 0006
6934 0007
6934 0008
6934 0009
6934 0010
6934 0011
6934 0012
6934 0013
6934 0014
6934 0015
6934 0016
6934 0017
6934 0018
6934 0019
6934 0020
6934 0021
6934 0022
6934 0023
6934 0024
6934 0025
6941 0000
6941 0001
6941 0002
6941 0003
6941 0004
6941 0005
6941 0006
6941 0007
6941 0008
6941 0009
6941 0010
6941 0011
6941 0012
6941 0013
6941 0014
6941 0015
6941 0016
6941 0017
6941 0018
6941 0019
6941 0020
6941 0021
6941 0022
6941 0023
6941 0024
6941 0025
6941 0026
6941 0027
6941 0028
6941 0029
6941 0030
6941 0031
6946 0000
6946 0001
6946 0002
6946 0003
6946 0004
6946 0005
6946 0006
6946 0007
6946 0008
6946 0009
6946 0010
6946 0011
6946 0012
6946 0013
6946 0014
6946 0015
6946 0016
6946 0017
6946 0018
6946 0019
6947 0000
6947 0001
6947 0002
6947 0003
6947 0004
6947 0005
6947 0006
6947 0007
6947 0008
6947 0009
6947 0010
6947 0011
6947 0012
6947 0013
6947 0014
6947 0015
6947 0016
6947 0017
6947 0018
6947 0019
6947 0020
6947 0021
6947 0022
6947 0023
6947 0024
6947 0025
6947 0026
6947 0027
6947 0028
6947 0029
6947 0030
6947 0031
6947 0032
6952 0000
6952 0001
6952 0002
6952 0003
6952 0004
6952 0005
6952 0006
6952 0007
6952 0008
6952 0009
6952 0010
6952 0011
6952 0012
6952 0013
6952 0014
6952 0015
6958 0000
6958 0001
6958 0002
6958 0003
6958 0004
6958 0005
6958 0006
6958 0007
6958 0008
6958 0009
6958 0010
6958 0011
6958 0012
6958 0013
6958 0014
6958 0015
6958 0016
6958 0017
6958 0018
6958 0019
6958 0020
6958 0021
6958 0022
6958 0023
6958 0024
6958 0025
6958 0026
6958 0027
6958 0028
6960 0000
6960 0001
6960 0002
6960 0003
6960 0004
6960 0005
6960 0006
6960 0007
6960 0008
6960 0009
6960 0010
6960 0011
6960 0012
6960 0013
6960 0014
6960 0015
6960 0016
6960 0017
6960 0018
6960 0019
6960 0020
6960 0021
6960 0022
6960 0023
6960 0024
6960 0025
6960 0026
6960 0027
6962 0000
6962 0001
6962 0002
6962 0003
6962 0004
6962 0005
6962 0006
6962 0007
6962 0008
6962 0009
6962 0010
6962 0011
6962 0012
6962 0013
6962 0014
6962 0015
6962 0016
6962 0017
6962 0018
6962 0019
6962 0020
6962 0021
6962 0022
6962 0023
6962 0024
6962 0025
6962 0026
6964 0000
6964 0001
6964 0002
6964 0003
6964 0004
6964 0005
6964 0006
6964 0007
6964 0008
6964 0009
6964 0010
6964 0011
6964 0012
6964 0013
6964 0014
6964 0015
6964 0016
6969 0000
6969 0001
6969 0002
6969 0003
6969 0004
6969 0005
6969 0006
6969 0007
6969 0008
6969 0009
6969 0010
6969 0011
6969 0012
6969 0013
6969 0014
6969 0015
6969 0016
6969 0017
6969 0018
6969 0019
6969 0020
6969 0021
6969 0022
6969 0023
6969 0024
6969 0025
6969 0026
6969 0027
6969 0028
6969 0029
6969 0030
6969 0031
6969 0032
6969 0033
6970 0000
6970 0001
6970 0002
6970 0003
6970 0004
6970 0005
6970 0006
6970 0007
6970 0008
6970 0009
6970 0010
6970 0011
6970 0012
6970 0013
6970 0014
6970 0015
6970 0016
6970 0017
6970 0018
6970 0019
6971 0000
6971 0001
6971 0002
6971 0003
6971 0004
6971 0005
6971 0006
6971 0007
6971 0008
6971 0009
6971 0010
6971 0011
6971 0012
6971 0013
6971 0014
6971 0015
6971 0016
6971 0017
6975 0000
6975 0001
6975 0002
6975 0003
6975 0004
6975 0005
6975 0006
6975 0007
6975 0008
6975 0009
6975 0010
6975 0011
6975 0012
6975 0013
6975 0014
6975 0015
6975 0016
6975 0017
6975 0018
6975 0019
6976 0000
6976 0001
6976 0002
6976 0003
6976 0004
6976 0005
6976 0006
6976 0007
6976 0008
6976 0009
6976 0010
6976 0011
6976 0012
6976 0013
6976 0014
6976 0015
6976 0016
6976 0017
6976 0018
6976 0019
6976 0020
6976 0021
6976 0022
6976 0023
6976 0024
6976 0025
6979 0000
6979 0001
6979 0002
6979 0003
6979 0004
6979 0005
6979 0006
6979 0007
6979 0008
6979 0009
6979 0010
6979 0011
6979 0012
6979 0013
6979 0014
6979 0015
6979 0016
6979 0017
6979 0018
6979 0019
6979 0020
6979 0021
6979 0022
6979 0023
6979 0024
6982 0000
6982 0001
6982 0002
6982 0003
6982 0004
6982 0005
6982 0006
6982 0007
6982 0008
6982 0009
6982 0010
6982 0011
6982 0012
6982 0013
6982 0014
6982 0015
6982 0016
6982 0017
6982 0018
6982 0019
6982 0020
6982 0021
6982 0022
6982 0023
6982 0024
6982 0025
6982 0026
6982 0027
6982 0028
6983 0000
6983 0001
6983 0002
6983 0003
6983 0004
6983 0005
6983 0006
6983 0007
6983 0008
6983 0009
6983 0010
6983 0011
6983 0012
6983 0013
6983 0014
6983 0015
6983 0016
6983 0017
6983 0018
6983 0019
6983 0020
6983 0021
6983 0022
6983 0023
6983 0024
6983 0025
6985 0000
6985 0001
6985 0002
6985 0003
6985 0004
6985 0005
6985 0006
6985 0007
6985 0008
6985 0009
6985 0010
6985 0011
6985 0012
6985 0013
6985 0014
6985 0015
6985 0016
6985 0017
6985 0018
6985 0019
6985 0020
6985 0021
6986 0000
6986 0001
6986 0002
6986 0003
6986 0004
6986 0005
6986 0006
6986 0007
6986 0008
6986 0009
6986 0010
6986 0011
6986 0012
6986 0013
6986 0014
6986 0015
6986 0016
6986 0017
6986 0018
6986 0019
6986 0020
6986 0021
6986 0022
6988 0000
6988 0001
6988 0002
6988 0003
6988 0004
6988 0005
6988 0006
6988 0007
6988 0008
6988 0009
6988 0010
6988 0011
6988 0012
6988 0013
6988 0014
6988 0015
6988 0016
6988 0017
6988 0018
6988 0019
6988 0020
6988 0021
6988 0022
6988 0023
6988 0024
6988 0025
6988 0026
6988 0027
6988 0028
6988 0029
6990 0000
6990 0001
6990 0002
6990 0003
6990 0004
6990 0005
6990 0006
6990 0007
6990 0008
6990 0009
6990 0010
6990 0011
6990 0012
6990 0013
6990 0014
6990 0015
6990 0016
6990 0017
6990 0018
6990 0019
6990 0020
6990 0021
6990 0022
6990 0023
6990 0024
6990 0025
6990 0026
6995 0000
6995 0001
6995 0002
6995 0003
6995 0004
6995 0005
6995 0006
6995 0007
6995 0008
6995 0009
6995 0010
6995 0011
6995 0012
6995 0013
6995 0014
6995 0015
6995 0016
6995 0017
6995 0018
6995 0019
6995 0020
6995 0021
6995 0022
6995 0023
6995 0024
6995 0025
6995 0026
6999 0000
6999 0001
6999 0002
6999 0003
6999 0004
6999 0005
6999 0006
6999 0007
6999 0008
6999 0009
6999 0010
6999 0011
6999 0012
6999 0013
6999 0014
6999 0015
6999 0016
6999 0017
6999 0018
6999 0019
6999 0020
6999 0021
6999 0022
6999 0023
6999 0024
7002 0000
7002 0001
7002 0002
7002 0003
7002 0004
7002 0005
7002 0006
7002 0007
7002 0008
7002 0009
7002 0010
7002 0011
7002 0012
7002 0013
7002 0014
7002 0015
7002 0016
7002 0017
7002 0018
7002 0019
7002 0020
7002 0021
7002 0022
7002 0023
7002 0024
7002 0025
7002 0026
7002 0027
7002 0028
7004 0000
7004 0001
7004 0002
7004 0003
7004 0004
7004 0005
7004 0006
7004 0007
7004 0008
7004 0009
7004 0010
7004 0011
7004 0012
7004 0013
7004 0014
7004 0015
7004 0016
7004 0017
7004 0018
7004 0019
7004 0020
7004 0021
7004 0022
7009 0000
7009 0001
7009 0002
7009 0003
7009 0004
7009 0005
7009 0006
7009 0007
7009 0008
7009 0009
7009 0010
7009 0011
7009 0012
7009 0013
7009 0014
7009 0015
7009 0016
7009 0017
7009 0018
7009 0019
7009 0020
7009 0021
7009 0022
7009 0023
7009 0024
7009 0025
7009 0026
7009 0027
7009 0028
7009 0029
7009 0030
7010 0000
7010 0001
7010 0002
7010 0003
7010 0004
7010 0005
7010 0006
7010 0007
7010 0008
7010 0009
7010 0010
7010 0011
7010 0012
7010 0013
7010 0014
7010 0015
7010 0016
7010 0017
7010 0018
7010 0019
7010 0020
7010 0021
7010 0022
7010 0023
7010 0024
7010 0025
7010 0026
7010 0027
7010 0028
7010 0029
7010 0030
7018 0000
7018 0001
7018 0002
7018 0003
7018 0004
7018 0005
7018 0006
7018 0007
7018 0008
7018 0009
7018 0010
7018 0011
7018 0012
7018 0013
7018 0014
7018 0015
7018 0016
7018 0017
7018 0018
7018 0019
7018 0020
7018 0021
7018 0022
7018 0023
7018 0024
7018 0025
7018 0026
7018 0027
7018 0028
7018 0029
7035 0000
7035 0001
7035 0002
7035 0003
7035 0004
7035 0005
7035 0006
7035 0007
7035 0008
7035 0009
7035 0010
7035 0011
7035 0012
7035 0013
7035 0014
7035 0015
7035 0016
7035 0017
7042 0000
7042 0001
7042 0002
7042 0003
7042 0004
7042 0005
7042 0006
7042 0007
7042 0008
7042 0009
7042 0010
7042 0011
7042 0012
7042 0013
7042 0014
7042 0015
7042 0016
7042 0017
7042 0018
7042 0019
7042 0020
7042 0021
7042 0022
7042 0023
7042 0024
7042 0025
7042 0026
7042 0027
7050 0000
7050 0001
7050 0002
7050 0003
7050 0004
7050 0005
7050 0006
7050 0007
7050 0008
7050 0009
7050 0010
7050 0011
7050 0012
7050 0013
7050 0014
7050 0015
7050 0016
7050 0017
7050 0018
7062 0000
7062 0001
7062 0002
7062 0003
7062 0004
7062 0005
7062 0006
7062 0007
7062 0008
7062 0009
7062 0010
7062 0011
7062 0012
7062 0013
7062 0014
7062 0015
7062 0016
7062 0017
7062 0018
7062 0019
7063 0000
7063 0001
7063 0002
7063 0003
7063 0004
7063 0005
7063 0006
7063 0007
7063 0008
7063 0009
7063 0010
7063 0011
7063 0012
7063 0013
7063 0014
7063 0015
7063 0016
7066 0000
7066 0001
7066 0002
7066 0003
7066 0004
7066 0005
7066 0006
7066 0007
7066 0008
7066 0009
7066 0010
7066 0011
7066 0012
7066 0013
7066 0014
7066 0015
7066 0016
7066 0017
7066 0018
7067 0000
7067 0001
7067 0002
7067 0003
7067 0004
7067 0005
7067 0006
7067 0007
7067 0008
7067 0009
7067 0010
7067 0011
7067 0012
7067 0013
7067 0014
7067 0015
7067 0016
7067 0017
7067 0018
7067 0019
7067 0020
7067 0021
7067 0022
7067 0023
7067 0024
7067 0025
7069 0000
7069 0001
7069 0002
7069 0003
7069 0004
7069 0005
7069 0006
7069 0007
7069 0008
7069 0009
7069 0010
7069 0011
7069 0012
7069 0013
7069 0014
7069 0015
7069 0016
7069 0017
7069 0018
7069 0019
7069 0020
7069 0021
7069 0022
7069 0023
7069 0024
7074 0000
7074 0001
7074 0002
7074 0003
7074 0004
7074 0005
7074 0006
7074 0007
7074 0008
7074 0009
7074 0010
7074 0011
7074 0012
7074 0013
7074 0014
7074 0015
7074 0016
7074 0017
7074 0018
7074 0019
7074 0020
7074 0021
7074 0022
7074 0023
7074 0024
7074 0025
7076 0000
7076 0001
7076 0002
7076 0003
7076 0004
7076 0005
7076 0006
7076 0007
7076 0008
7076 0009
7076 0010
7076 0011
7076 0012
7076 0013
7076 0014
7076 0015
7076 0016
7076 0017
7081 0000
7081 0001
7081 0002
7081 0003
7081 0004
7081 0005
7081 0006
7081 0007
7081 0008
7081 0009
7081 0010
7081 0011
7081 0012
7081 0013
7081 0014
7081 0015
7081 0016
7081 0017
7081 0018
7081 0019
7081 0020
7081 0021
7082 0000
7082 0001
7082 0002
7082 0003
7082 0004
7082 0005
7082 0006
7082 0007
7082 0008
7082 0009
7082 0010
7082 0011
7082 0012
7087 0000
7087 0001
7087 0002
7087 0003
7087 0004
7087 0005
7087 0006
7087 0007
7087 0008
7087 0009
7087 0010
7087 0011
7087 0012
7087 0013
7087 0014
7087 0015
7087 0016
7087 0017
7087 0018
7094 0000
7094 0001
7094 0002
7094 0003
7094 0004
7094 0005
7094 0006
7094 0007
7094 0008
7094 0009
7094 0010
7094 0011
7094 0012
7094 0013
7094 0014
7094 0015
7094 0016
7094 0017
7094 0018
7094 0019
7094 0020
7094 0021
7094 0022
7094 0023
7094 0024
7094 0025
7094 0026
7094 0027
7095 0000
7095 0001
7095 0002
7095 0003
7095 0004
7095 0005
7095 0006
7095 0007
7095 0008
7095 0009
7095 0010
7095 0011
7095 0012
7095 0013
7095 0014
7095 0015
7095 0016
7095 0017
7095 0018
7095 0019
7096 0000
7096 0001
7096 0002
7096 0003
7096 0004
7096 0005
7096 0006
7096 0007
7096 0008
7096 0009
7096 0010
7096 0011
7096 0012
7096 0013
7096 0014
7096 0015
7096 0016
7096 0017
7098 0000
7098 0001
7098 0002
7098 0003
7098 0004
7098 0005
7098 0006
7098 0007
7098 0008
7098 0009
7098 0010
7098 0011
7098 0012
7098 0013
7098 0014
7098 0015
7098 0016
7098 0017
7098 0018
7103 0000
7103 0001
7103 0002
7103 0003
7103 0004
7103 0005
7103 0006
7103 0007
7103 0008
7103 0009
7103 0010
7103 0011
7103 0012
7103 0013
7103 0014
7103 0015
7103 0016
7103 0017
7103 0018
7103 0019
7103 0020
7103 0021
7108 0000
7108 0001
7108 0002
7108 0003
7108 0004
7108 0005
7108 0006
7108 0007
7108 0008
7108 0009
7108 0010
7108 0011
7108 0012
7108 0013
7108 0014
7108 0015
7108 0016
7108 0017
7108 0018
7108 0019
7108 0020
7108 0021
7108 0022
7108 0023
7111 0000
7111 0001
7111 0002
7111 0003
7111 0004
7111 0005
7111 0006
7111 0007
7111 0008
7111 0009
7111 0010
7111 0011
7111 0012
7111 0013
7111 0014
7111 0015
7111 0016
7111 0017
7111 0018
7111 0019
7111 0020
7111 0021
7111 0022
7111 0023
7111 0024
7111 0025
7114 0000
7114 0001
7114 0002
7114 0003
7114 0004
7114 0005
7114 0006
7114 0007
7114 0008
7114 0009
7114 0010
7114 0011
7114 0012
7114 0013
7114 0014
7114 0015
7114 0016
7114 0017
7114 0018
7114 0019
7114 0020
7114 0021
7114 0022
7114 0023
7114 0024
7114 0025
7114 0026
7118 0000
7118 0001
7118 0002
7118 0003
7118 0004
7118 0005
7118 0006
7118 0007
7118 0008
7118 0009
7118 0010
7118 0011
7118 0012
7118 0013
7118 0014
7118 0015
7118 0016
7118 0017
7118 0018
7118 0019
7118 0020
7118 0021
7118 0022
7118 0023
7118 0024
7118 0025
7118 0026
7118 0027
7118 0028
7118 0029
7118 0030
7118 0031
7118 0032
7124 0000
7124 0001
7124 0002
7124 0003
7124 0004
7124 0005
7124 0006
7124 0007
7124 0008
7124 0009
7124 0010
7124 0011
7124 0012
7124 0013
7124 0014
7124 0015
7124 0016
7124 0017
7124 0018
7124 0019
7125 0000
7125 0001
7125 0002
7125 0003
7125 0004
7125 0005
7125 0006
7125 0007
7125 0008
7125 0009
7125 0010
7125 0011
7125 0012
7125 0013
7125 0014
7125 0015
7125 0016
7125 0017
7125 0018
7125 0019
7125 0020
7125 0021
7129 0000
7129 0001
7129 0002
7129 0003
7129 0004
7129 0005
7129 0006
7129 0007
7129 0008
7129 0009
7129 0010
7129 0011
7129 0012
7129 0013
7129 0014
7129 0015
7129 0016
7132 0000
7132 0001
7132 0002
7132 0003
7132 0004
7132 0005
7132 0006
7132 0007
7132 0008
7132 0009
7132 0010
7132 0011
7132 0012
7132 0013
7132 0014
7132 0015
7132 0016
7132 0017
7132 0018
7132 0019
7132 0020
7132 0021
7132 0022
7132 0023
7134 0000
7134 0001
7134 0002
7134 0003
7134 0004
7134 0005
7134 0006
7134 0007
7134 0008
7134 0009
7134 0010
7134 0011
7134 0012
7134 0013
7134 0014
7134 0015
7134 0016
7134 0017
7134 0018
7134 0019
7135 0000
7135 0001
7135 0002
7135 0003
7135 0004
7135 0005
7135 0006
7135 0007
7135 0008
7135 0009
7135 0010
7135 0011
7135 0012
7135 0013
7135 0014
7135 0015
7135 0016
7135 0017
7135 0018
7136 0000
7136 0001
7136 0002
7136 0003
7136 0004
7136 0005
7136 0006
7136 0007
7136 0008
7136 0009
7136 0010
7136 0011
7136 0012
7136 0013
7136 0014
7136 0015
7136 0016
7136 0017
7136 0018
7136 0019
7136 0020
7136 0021
7136 0022
7137 0000
7137 0001
7137 0002
7137 0003
7137 0004
7137 0005
7137 0006
7137 0007
7137 0008
7137 0009
7137 0010
7137 0011
7137 0012
7137 0013
7137 0014
7137 0015
7137 0016
7137 0017
7137 0018
7137 0019
7137 0020
7137 0021
7137 0022
7137 0023
7137 0024
7137 0025
7137 0026
7137 0027
7137 0028
7137 0029
7138 0000
7138 0001
7138 0002
7138 0003
7138 0004
7138 0005
7138 0006
7138 0007
7138 0008
7138 0009
7138 0010
7138 0011
7138 0012
7138 0013
7138 0014
7138 0015
7138 0016
7138 0017
7138 0018
7138 0019
7138 0020
7138 0021
7138 0022
7138 0023
7138 0024
7138 0025
7138 0026
7138 0027
7138 0028
7138 0029
7148 0000
7148 0001
7148 0002
7148 0003
7148 0004
7148 0005
7148 0006
7148 0007
7148 0008
7148 0009
7148 0010
7148 0011
7148 0012
7148 0013
7153 0000
7153 0001
7153 0002
7153 0003
7153 0004
7153 0005
7153 0006
7153 0007
7153 0008
7153 0009
7153 0010
7153 0011
7153 0012
7153 0013
7153 0014
7153 0015
7153 0016
7153 0017
7154 0000
7154 0001
7154 0002
7154 0003
7154 0004
7154 0005
7154 0006
7154 0007
7154 0008
7154 0009
7154 0010
7154 0011
7154 0012
7154 0013
7154 0014
7154 0015
7154 0016
7154 0017
7154 0018
7154 0019
7154 0020
7157 0000
7157 0001
7157 0002
7157 0003
7157 0004
7157 0005
7157 0006
7157 0007
7157 0008
7157 0009
7157 0010
7157 0011
7157 0012
7157 0013
7157 0014
7157 0015
7157 0016
7157 0017
7157 0018
7157 0019
7157 0020
7157 0021
7157 0022
7157 0023
7157 0024
7176 0000
7176 0001
7176 0002
7176 0003
7176 0004
7176 0005
7176 0006
7176 0007
7176 0008
7176 0009
7176 0010
7176 0011
7176 0012
7176 0013
7176 0014
7176 0015
7176 0016
7176 0017
7176 0018
7176 0019
7176 0020
7176 0021
7176 0022
7176 0023
7176 0024
7176 0025
7176 0026
7179 0000
7179 0001
7179 0002
7179 0003
7179 0004
7179 0005
7179 0006
7179 0007
7179 0008
7179 0009
7179 0010
7179 0011
7179 0012
7179 0013
7179 0014
7179 0015
7179 0016
7179 0017
7181 0000
7181 0001
7181 0002
7181 0003
7181 0004
7181 0005
7181 0006
7181 0007
7181 0008
7181 0009
7181 0010
7181 0011
7182 0000
7182 0001
7182 0002
7182 0003
7182 0004
7182 0005
7182 0006
7182 0007
7182 0008
7182 0009
7182 0010
7182 0011
7182 0012
7182 0013
7182 0014
7182 0015
7182 0016
7182 0017
7182 0018
7182 0019
7182 0020
7182 0021
7182 0022
7182 0023
7182 0024
7182 0025
7191 0000
7191 0001
7191 0002
7191 0003
7191 0004
7191 0005
7191 0006
7191 0007
7191 0008
7191 0009
7191 0010
7191 0011
7191 0012
7191 0013
7191 0014
7191 0015
7191 0016
7191 0017
7191 0018
7191 0019
7191 0020
7191 0021
7191 0022
7191 0023
7191 0024
7191 0025
7191 0026
7191 0027
7191 0028
7191 0029
7191 0030
7193 0000
7193 0001
7193 0002
7193 0003
7193 0004
7193 0005
7193 0006
7193 0007
7193 0008
7193 0009
7193 0010
7193 0011
7193 0012
7193 0013
7193 0014
7193 0015
7193 0016
7193 0017
7193 0018
7193 0019
7193 0020
7197 0000
7197 0001
7197 0002
7197 0003
7197 0004
7197 0005
7197 0006
7197 0007
7197 0008
7197 0009
7197 0010
7197 0011
7197 0012
7197 0013
7197 0014
7197 0015
7197 0016
7197 0017
7197 0018
7197 0019
7197 0020
7197 0021
7197 0022
7197 0023
7197 0024
7197 0025
7197 0026
7197 0027
7197 0028
7201 0000
7201 0001
7201 0002
7201 0003
7201 0004
7201 0005
7201 0006
7201 0007
7201 0008
7201 0009
7201 0010
7201 0011
7201 0012
7201 0013
7201 0014
7201 0015
7201 0016
7201 0017
7201 0018
7205 0000
7205 0001
7205 0002
7205 0003
7205 0004
7205 0005
7205 0006
7205 0007
7205 0008
7205 0009
7205 0010
7205 0011
7205 0012
7205 0013
7205 0014
7205 0015
7205 0016
7205 0017
7205 0018
7205 0019
7205 0020
7205 0021
7205 0022
7205 0023
7206 0000
7206 0001
7206 0002
7206 0003
7206 0004
7206 0005
7206 0006
7206 0007
7206 0008
7206 0009
7206 0010
7206 0011
7206 0012
7206 0013
7206 0014
7206 0015
7206 0016
7206 0017
7206 0018
7206 0019
7206 0020
7206 0021
7206 0022
7206 0023
7206 0024
7208 0000
7208 0001
7208 0002
7208 0003
7208 0004
7208 0005
7208 0006
7208 0007
7208 0008
7208 0009
7208 0010
7208 0011
7208 0012
7208 0013
7208 0014
7208 0015
7208 0016
7208 0017
7208 0018
7208 0019
7208 0020
7208 0021
7216 0000
7216 0001
7216 0002
7216 0003
7216 0004
7216 0005
7216 0006
7216 0007
7216 0008
7216 0009
7216 0010
7216 0011
7216 0012
7216 0013
7216 0014
7216 0015
7216 0016
7216 0017
7216 0018
7217 0000
7217 0001
7217 0002
7217 0003
7217 0004
7217 0005
7217 0006
7217 0007
7217 0008
7217 0009
7217 0010
7217 0011
7217 0012
7217 0013
7217 0014
7217 0015
7217 0016
7217 0017
7217 0018
7217 0019
7217 0020
7217 0021
7217 0022
7217 0023
7217 0024
7217 0025
7217 0026
7217 0027
7217 0028
7217 0029
7221 0000
7221 0001
7221 0002
7221 0003
7221 0004
7221 0005
7221 0006
7221 0007
7221 0008
7221 0009
7221 0010
7221 0011
7221 0012
7221 0013
7221 0014
7221 0015
7221 0016
7221 0017
7221 0018
7221 0019
7221 0020
7221 0021
7221 0022
7221 0023
7221 0024
7225 0000
7225 0001
7225 0002
7225 0003
7225 0004
7225 0005
7225 0006
7225 0007
7225 0008
7225 0009
7225 0010
7225 0011
7225 0012
7225 0013
7225 0014
7225 0015
7225 0016
7225 0017
7228 0000
7228 0001
7228 0002
7228 0003
7228 0004
7228 0005
7228 0006
7228 0007
7228 0008
7228 0009
7228 0010
7228 0011
7228 0012
7228 0013
7228 0014
7228 0015
7228 0016
7228 0017
7228 0018
7228 0019
7228 0020
7228 0021
7228 0022
7228 0023
7228 0024
7228 0025
7228 0026
7232 0000
7232 0001
7232 0002
7232 0003
7232 0004
7232 0005
7232 0006
7232 0007
7232 0008
7232 0009
7232 0010
7232 0011
7232 0012
7232 0013
7232 0014
7232 0015
7232 0016
7233 0000
7233 0001
7233 0002
7233 0003
7233 0004
7233 0005
7233 0006
7233 0007
7233 0008
7233 0009
7233 0010
7233 0011
7233 0012
7233 0013
7233 0014
7233 0015
7235 0000
7235 0001
7235 0002
7235 0003
7235 0004
7235 0005
7235 0006
7235 0007
7235 0008
7235 0009
7235 0010
7235 0011
7235 0012
7235 0013
7235 0014
7235 0015
7235 0016
7235 0017
7235 0018
7235 0019
7235 0020
7235 0021
7235 0022
7235 0023
7238 0000
7238 0001
7238 0002
7238 0003
7238 0004
7238 0005
7238 0006
7238 0007
7238 0008
7238 0009
7238 0010
7238 0011
7238 0012
7238 0013
7238 0014
7238 0015
7238 0016
7238 0017
7238 0018
7238 0019
7238 0020
7238 0021
7238 0022
7243 0000
7243 0001
7243 0002
7243 0003
7243 0004
7243 0005
7243 0006
7243 0007
7243 0008
7243 0009
7243 0010
7243 0011
7243 0012
7243 0013
7243 0014
7243 0015
7243 0016
7243 0017
7256 0000
7256 0001
7256 0002
7256 0003
7256 0004
7256 0005
7256 0006
7256 0007
7256 0008
7256 0009
7256 0010
7256 0011
7256 0012
7256 0013
7256 0014
7256 0015
7256 0016
7256 0017
7256 0018
7256 0019
7256 0020
7256 0021
7256 0022
7256 0023
7256 0024
7256 0025
7257 0000
7257 0001
7257 0002
7257 0003
7257 0004
7257 0005
7257 0006
7257 0007
7257 0008
7257 0009
7257 0010
7257 0011
7257 0012
7257 0013
7257 0014
7257 0015
7257 0016
7257 0017
7257 0018
7257 0019
7257 0020
7257 0021
7257 0022
7260 0000
7260 0001
7260 0002
7260 0003
7260 0004
7260 0005
7260 0006
7260 0007
7260 0008
7260 0009
7260 0010
7260 0011
7260 0012
7260 0013
7260 0014
7260 0015
7260 0016
7261 0000
7261 0001
7261 0002
7261 0003
7261 0004
7261 0005
7261 0006
7261 0007
7261 0008
7261 0009
7261 0010
7261 0011
7261 0012
7261 0013
7261 0014
7261 0015
7261 0016
7263 0000
7263 0001
7263 0002
7263 0003
7263 0004
7263 0005
7263 0006
7263 0007
7263 0008
7263 0009
7263 0010
7263 0011
7263 0012
7263 0013
7263 0014
7263 0015
7263 0016
7263 0017
7263 0018
7263 0019
7263 0020
7266 0000
7266 0001
7266 0002
7266 0003
7266 0004
7266 0005
7266 0006
7266 0007
7266 0008
7266 0009
7266 0010
7266 0011
7266 0012
7266 0013
7266 0014
7266 0015
7266 0016
7266 0017
7266 0018
7266 0019
7266 0020
7266 0021
7266 0022
7266 0023
7269 0000
7269 0001
7269 0002
7269 0003
7269 0004
7269 0005
7269 0006
7269 0007
7269 0008
7269 0009
7269 0010
7269 0011
7269 0012
7269 0013
7269 0014
7269 0015
7269 0016
7269 0017
7269 0018
7269 0019
7269 0020
7269 0021
7269 0022
7270 0000
7270 0001
7270 0002
7270 0003
7270 0004
7270 0005
7270 0006
7270 0007
7270 0008
7270 0009
7270 0010
7270 0011
7270 0012
7270 0013
7270 0014
7270 0015
7270 0016
7270 0017
7270 0018
7270 0019
7270 0020
7270 0021
7270 0022
7273 0000
7273 0001
7273 0002
7273 0003
7273 0004
7273 0005
7273 0006
7273 0007
7273 0008
7273 0009
7273 0010
7273 0011
7273 0012
7273 0013
7273 0014
7273 0015
7273 0016
7273 0017
7285 0000
7285 0001
7285 0002
7285 0003
7285 0004
7285 0005
7285 0006
7285 0007
7285 0008
7285 0009
7285 0010
7285 0011
7285 0012
7285 0013
7285 0014
7285 0015
7285 0016
7285 0017
7285 0018
7285 0019
7285 0020
7285 0021
7285 0022
7285 0023
7285 0024
7285 0025
7285 0026
7286 0000
7286 0001
7286 0002
7286 0003
7286 0004
7286 0005
7286 0006
7286 0007
7286 0008
7286 0009
7286 0010
7286 0011
7286 0012
7286 0013
7286 0014
7286 0015
7286 0016
7286 0017
7286 0018
7286 0019
7286 0020
7286 0021
7286 0022
7286 0023
7286 0024
7286 0025
7286 0026
7289 0000
7289 0001
7289 0002
7289 0003
7289 0004
7289 0005
7289 0006
7289 0007
7289 0008
7289 0009
7289 0010
7289 0011
7289 0012
7289 0013
7289 0014
7289 0015
7289 0016
7289 0017
7289 0018
7289 0019
7289 0020
7289 0021
7289 0022
7289 0023
7289 0024
7289 0025
7290 0000
7290 0001
7290 0002
7290 0003
7290 0004
7290 0005
7290 0006
7290 0007
7290 0008
7290 0009
7290 0010
7290 0011
7290 0012
7290 0013
7290 0014
7290 0015
7290 0016
7290 0017
7290 0018
7290 0019
7290 0020
7290 0021
7297 0000
7297 0001
7297 0002
7297 0003
7297 0004
7297 0005
7297 0006
7297 0007
7297 0008
7297 0009
7297 0010
7297 0011
7297 0012
7297 0013
7297 0014
7297 0015
7298 0000
7298 0001
7298 0002
7298 0003
7298 0004
7298 0005
7298 0006
7298 0007
7298 0008
7298 0009
7298 0010
7298 0011
7298 0012
7298 0013
7298 0014
7298 0015
7298 0016
7298 0017
7298 0018
7298 0019
7298 0020
7298 0021
7298 0022
7298 0023
7298 0024
7298 0025
7298 0026
7299 0000
7299 0001
7299 0002
7299 0003
7299 0004
7299 0005
7299 0006
7299 0007
7299 0008
7299 0009
7299 0010
7299 0011
7299 0012
7299 0013
7299 0014
7299 0015
7299 0016
7299 0017
7299 0018
7299 0019
7305 0000
7305 0001
7305 0002
7305 0003
7305 0004
7305 0005
7305 0006
7305 0007
7305 0008
7305 0009
7305 0010
7305 0011
7305 0012
7305 0013
7305 0014
7305 0015
7305 0016
7305 0017
7305 0018
7305 0019
7305 0020
7305 0021
7305 0022
7305 0023
7305 0024
7305 0025
7307 0000
7307 0001
7307 0002
7307 0003
7307 0004
7307 0005
7307 0006
7307 0007
7307 0008
7307 0009
7307 0010
7307 0011
7307 0012
7307 0013
7307 0014
7307 0015
7307 0016
7307 0017
7307 0018
7307 0019
7307 0020
7307 0021
7307 0022
7313 0000
7313 0001
7313 0002
7313 0003
7313 0004
7313 0005
7313 0006
7313 0007
7313 0008
7313 0009
7313 0010
7313 0011
7313 0012
7313 0013
7313 0014
7313 0015
7313 0016
7313 0017
7313 0018
7313 0019
7313 0020
7313 0021
7313 0022
7313 0023
7313 0024
7313 0025
7313 0026
7313 0027
7313 0028
7314 0000
7314 0001
7314 0002
7314 0003
7314 0004
7314 0005
7314 0006
7314 0007
7314 0008
7314 0009
7314 0010
7314 0011
7314 0012
7314 0013
7314 0014
7314 0015
7314 0016
7314 0017
7317 0000
7317 0001
7317 0002
7317 0003
7317 0004
7317 0005
7317 0006
7317 0007
7317 0008
7317 0009
7317 0010
7317 0011
7317 0012
7317 0013
7317 0014
7321 0000
7321 0001
7321 0002
7321 0003
7321 0004
7321 0005
7321 0006
7321 0007
7321 0008
7321 0009
7321 0010
7321 0011
7321 0012
7321 0013
7321 0014
7321 0015
7321 0016
7321 0017
7321 0018
7321 0019
7321 0020
7321 0021
7321 0022
7321 0023
7321 0024
7324 0000
7324 0001
7324 0002
7324 0003
7324 0004
7324 0005
7324 0006
7324 0007
7324 0008
7324 0009
7324 0010
7324 0011
7324 0012
7324 0013
7324 0014
7324 0015
7324 0016
7324 0017
7324 0018
7324 0019
7324 0020
7324 0021
7324 0022
7324 0023
7324 0024
7324 0025
7324 0026
7324 0027
7324 0028
7330 0000
7330 0001
7330 0002
7330 0003
7330 0004
7330 0005
7330 0006
7330 0007
7330 0008
7330 0009
7330 0010
7330 0011
7330 0012
7330 0013
7330 0014
7330 0015
7330 0016
7330 0017
7330 0018
7330 0019
7330 0020
7330 0021
7330 0022
7330 0023
7330 0024
7330 0025
7330 0026
7330 0027
7330 0028
7330 0029
7340 0000
7340 0001
7340 0002
7340 0003
7340 0004
7340 0005
7340 0006
7340 0007
7340 0008
7340 0009
7340 0010
7340 0011
7340 0012
7340 0013
7340 0014
7340 0015
7340 0016
7340 0017
7340 0018
7348 0000
7348 0001
7348 0002
7348 0003
7348 0004
7348 0005
7348 0006
7348 0007
7348 0008
7348 0009
7348 0010
7348 0011
7348 0012
7348 0013
7348 0014
7348 0015
7348 0016
7348 0017
7350 0000
7350 0001
7350 0002
7350 0003
7350 0004
7350 0005
7350 0006
7350 0007
7350 0008
7350 0009
7350 0010
7350 0011
7350 0012
7350 0013
7350 0014
7350 0015
7350 0016
7350 0017
7350 0018
7350 0019
7350 0020
7350 0021
7350 0022
7350 0023
7352 0000
7352 0001
7352 0002
7352 0003
7352 0004
7352 0005
7352 0006
7352 0007
7352 0008
7352 0009
7352 0010
7352 0011
7352 0012
7352 0013
7352 0014
7352 0015
7352 0016
7352 0017
7352 0018
7352 0019
7352 0020
7352 0021
7352 0022
7352 0023
7352 0024
7352 0025
7352 0026
7352 0027
7352 0028
7352 0029
7352 0030
7352 0031
7352 0032
7352 0033
7353 0000
7353 0001
7353 0002
7353 0003
7353 0004
7353 0005
7353 0006
7353 0007
7353 0008
7353 0009
7353 0010
7353 0011
7353 0012
7353 0013
7353 0014
7353 0015
7353 0016
7353 0017
7356 0000
7356 0001
7356 0002
7356 0003
7356 0004
7356 0005
7356 0006
7356 0007
7356 0008
7356 0009
7356 0010
7356 0011
7356 0012
7356 0013
7356 0014
7356 0015
7356 0016
7356 0017
7356 0018
7356 0019
7356 0020
7356 0021
7356 0022
7356 0023
7356 0024
7358 0000
7358 0001
7358 0002
7358 0003
7358 0004
7358 0005
7358 0006
7358 0007
7358 0008
7358 0009
7358 0010
7358 0011
7358 0012
7358 0013
7358 0014
7358 0015
7358 0016
7358 0017
7358 0018
7358 0019
7358 0020
7358 0021
7360 0000
7360 0001
7360 0002
7360 0003
7360 0004
7360 0005
7360 0006
7360 0007
7360 0008
7360 0009
7360 0010
7360 0011
7360 0012
7360 0013
7360 0014
7360 0015
7360 0016
7363 0000
7363 0001
7363 0002
7363 0003
7363 0004
7363 0005
7363 0006
7363 0007
7363 0008
7363 0009
7363 0010
7363 0011
7363 0012
7363 0013
7363 0014
7363 0015
7363 0016
7363 0017
7363 0018
7363 0019
7367 0000
7367 0001
7367 0002
7367 0003
7367 0004
7367 0005
7367 0006
7367 0007
7367 0008
7367 0009
7367 0010
7367 0011
7367 0012
7367 0013
7367 0014
7367 0015
7367 0016
7367 0017
7367 0018
7367 0019
7367 0020
7367 0021
7367 0022
7367 0023
7367 0024
7369 0000
7369 0001
7369 0002
7369 0003
7369 0004
7369 0005
7369 0006
7369 0007
7369 0008
7369 0009
7369 0010
7369 0011
7369 0012
7369 0013
7369 0014
7369 0015
7369 0016
7369 0017
7369 0018
7369 0019
7369 0020
7369 0021
7369 0022
7369 0023
7369 0024
7375 0000
7375 0001
7375 0002
7375 0003
7375 0004
7375 0005
7375 0006
7375 0007
7375 0008
7375 0009
7375 0010
7375 0011
7375 0012
7375 0013
7375 0014
7375 0015
7375 0016
7375 0017
7375 0018
7375 0019
7375 0020
7375 0021
7375 0022
7375 0023
7375 0024
7375 0025
7375 0026
7375 0027
7375 0028
7376 0000
7376 0001
7376 0002
7376 0003
7376 0004
7376 0005
7376 0006
7376 0007
7376 0008
7376 0009
7376 0010
7376 0011
7376 0012
7376 0013
7376 0014
7376 0015
7376 0016
7376 0017
7376 0018
7376 0019
7376 0020
7376 0021
7379 0000
7379 0001
7379 0002
7379 0003
7379 0004
7379 0005
7379 0006
7379 0007
7379 0008
7379 0009
7379 0010
7379 0011
7379 0012
7379 0013
7379 0014
7379 0015
7379 0016
7379 0017
7379 0018
7379 0019
7379 0020
7385 0000
7385 0001
7385 0002
7385 0003
7385 0004
7385 0005
7385 0006
7385 0007
7385 0008
7385 0009
7385 0010
7385 0011
7385 0012
7385 0013
7385 0014
7385 0015
7385 0016
7385 0017
7385 0018
7385 0019
7385 0020
7385 0021
7385 0022
7385 0023
7386 0000
7386 0001
7386 0002
7386 0003
7386 0004
7386 0005
7386 0006
7386 0007
7386 0008
7386 0009
7386 0010
7386 0011
7386 0012
7386 0013
7386 0014
7387 0000
7387 0001
7387 0002
7387 0003
7387 0004
7387 0005
7387 0006
7387 0007
7387 0008
7387 0009
7387 0010
7387 0011
7388 0000
7388 0001
7388 0002
7388 0003
7388 0004
7388 0005
7388 0006
7388 0007
7388 0008
7388 0009
7388 0010
7388 0011
7388 0012
7388 0013
7388 0014
7388 0015
7388 0016
7388 0017
7388 0018
7388 0019
7388 0020
7388 0021
7388 0022
7388 0023
7388 0024
7388 0025
7388 0026
7388 0027
7388 0028
7391 0000
7391 0001
7391 0002
7391 0003
7391 0004
7391 0005
7391 0006
7391 0007
7391 0008
7391 0009
7391 0010
7391 0011
7391 0012
7391 0013
7391 0014
7391 0015
7391 0016
7391 0017
7392 0000
7392 0001
7392 0002
7392 0003
7392 0004
7392 0005
7392 0006
7392 0007
7392 0008
7392 0009
7392 0010
7392 0011
7392 0012
7392 0013
7392 0014
7392 0015
7392 0016
7392 0017
7392 0018
7392 0019
7392 0020
7392 0021
7392 0022
7392 0023
7392 0024
7393 0000
7393 0001
7393 0002
7393 0003
7393 0004
7393 0005
7393 0006
7393 0007
7393 0008
7393 0009
7393 0010
7393 0011
7393 0012
7393 0013
7393 0014
7393 0015
7393 0016
7393 0017
7393 0018
7393 0019
7393 0020
7393 0021
7393 0022
7393 0023
7393 0024
7393 0025
7396 0000
7396 0001
7396 0002
7396 0003
7396 0004
7396 0005
7396 0006
7396 0007
7396 0008
7396 0009
7396 0010
7396 0011
7396 0012
7396 0013
7396 0014
7396 0015
7396 0016
7396 0017
7396 0018
7396 0019
7396 0020
7396 0021
7396 0022
7396 0023
7401 0000
7401 0001
7401 0002
7401 0003
7401 0004
7401 0005
7401 0006
7401 0007
7401 0008
7401 0009
7401 0010
7401 0011
7401 0012
7401 0013
7401 0014
7401 0015
7401 0016
7401 0017
7401 0018
7401 0019
7401 0020
7401 0021
7403 0000
7403 0001
7403 0002
7403 0003
7403 0004
7403 0005
7403 0006
7403 0007
7403 0008
7403 0009
7403 0010
7403 0011
7403 0012
7403 0013
7403 0014
7403 0015
7403 0016
7403 0017
7406 0000
7406 0001
7406 0002
7406 0003
7406 0004
7406 0005
7406 0006
7406 0007
7406 0008
7406 0009
7406 0010
7406 0011
7406 0012
7406 0013
7406 0014
7406 0015
7406 0016
7406 0017
7406 0018
7406 0019
7406 0020
7406 0021
7406 0022
7406 0023
7406 0024
7406 0025
7406 0026
7406 0027
7406 0028
7407 0000
7407 0001
7407 0002
7407 0003
7407 0004
7407 0005
7407 0006
7407 0007
7407 0008
7407 0009
7407 0010
7407 0011
7407 0012
7407 0013
7407 0014
7407 0015
7407 0016
7407 0017
7407 0018
7407 0019
7407 0020
7407 0021
7407 0022
7407 0023
7407 0024
7407 0025
7407 0026
7407 0027
7409 0000
7409 0001
7409 0002
7409 0003
7409 0004
7409 0005
7409 0006
7409 0007
7409 0008
7409 0009
7409 0010
7409 0011
7409 0012
7409 0013
7409 0014
7409 0015
7409 0016
7409 0017
7409 0018
7409 0019
7409 0020
7415 0000
7415 0001
7415 0002
7415 0003
7415 0004
7415 0005
7415 0006
7415 0007
7415 0008
7415 0009
7415 0010
7415 0011
7415 0012
7415 0013
7415 0014
7415 0015
7415 0016
7415 0017
7415 0018
7415 0019
7420 0000
7420 0001
7420 0002
7420 0003
7420 0004
7420 0005
7420 0006
7420 0007
7420 0008
7420 0009
7420 0010
7420 0011
7420 0012
7420 0013
7420 0014
7420 0015
7420 0016
7420 0017
7420 0018
7420 0019
7420 0020
7420 0021
7420 0022
7424 0000
7424 0001
7424 0002
7424 0003
7424 0004
7424 0005
7424 0006
7424 0007
7424 0008
7424 0009
7424 0010
7424 0011
7424 0012
7424 0013
7424 0014
7424 0015
7424 0016
7424 0017
7424 0018
7424 0019
7424 0020
7425 0000
7425 0001
7425 0002
7425 0003
7425 0004
7425 0005
7425 0006
7425 0007
7425 0008
7425 0009
7425 0010
7425 0011
7425 0012
7425 0013
7425 0014
7431 0000
7431 0001
7431 0002
7431 0003
7431 0004
7431 0005
7431 0006
7431 0007
7431 0008
7431 0009
7431 0010
7431 0011
7432 0000
7432 0001
7432 0002
7432 0003
7432 0004
7432 0005
7432 0006
7432 0007
7432 0008
7432 0009
7432 0010
7432 0011
7432 0012
7432 0013
7432 0014
7432 0015
7432 0016
7432 0017
7432 0018
7432 0019
7432 0020
7432 0021
7432 0022
7432 0023
7432 0024
7432 0025
7432 0026
7432 0027
7432 0028
7435 0000
7435 0001
7435 0002
7435 0003
7435 0004
7435 0005
7435 0006
7435 0007
7435 0008
7435 0009
7435 0010
7435 0011
7435 0012
7435 0013
7435 0014
7435 0015
7435 0016
7435 0017
7436 0000
7436 0001
7436 0002
7436 0003
7436 0004
7436 0005
7436 0006
7436 0007
7436 0008
7436 0009
7436 0010
7436 0011
7436 0012
7436 0013
7452 0000
7452 0001
7452 0002
7452 0003
7452 0004
7452 0005
7452 0006
7452 0007
7452 0008
7452 0009
7452 0010
7452 0011
7452 0012
7452 0013
7452 0014
7452 0015
7452 0016
7452 0017
7452 0018
7452 0019
7452 0020
7452 0021
7452 0022
7452 0023
7452 0024
7452 0025
7452 0026
7452 0027
7452 0028
7455 0000
7455 0001
7455 0002
7455 0003
7455 0004
7455 0005
7455 0006
7455 0007
7455 0008
7455 0009
7455 0010
7455 0011
7455 0012
7455 0013
7455 0014
7455 0015
7455 0016
7455 0017
7455 0018
7455 0019
7455 0020
7455 0021
7455 0022
7455 0023
7455 0024
7469 0000
7469 0001
7469 0002
7469 0003
7469 0004
7469 0005
7469 0006
7469 0007
7469 0008
7469 0009
7469 0010
7469 0011
7469 0012
7469 0013
7469 0014
7469 0015
7469 0016
7469 0017
7469 0018
7469 0019
7469 0020
7469 0021
7469 0022
7469 0023
7469 0024
7472 0000
7472 0001
7472 0002
7472 0003
7472 0004
7472 0005
7472 0006
7472 0007
7472 0008
7472 0009
7472 0010
7472 0011
7472 0012
7472 0013
7472 0014
7472 0015
7472 0016
7472 0017
7472 0018
7472 0019
7472 0020
7472 0021
7474 0000
7474 0001
7474 0002
7474 0003
7474 0004
7474 0005
7474 0006
7474 0007
7474 0008
7474 0009
7474 0010
7474 0011
7474 0012
7474 0013
7474 0014
7474 0015
7474 0016
7474 0017
7474 0018
7474 0019
7474 0020
7474 0021
7474 0022
7476 0000
7476 0001
7476 0002
7476 0003
7476 0004
7476 0005
7476 0006
7476 0007
7476 0008
7476 0009
7476 0010
7476 0011
7476 0012
7476 0013
7476 0014
7476 0015
7476 0016
7476 0017
7476 0018
7476 0019
7476 0020
7482 0000
7482 0001
7482 0002
7482 0003
7482 0004
7482 0005
7482 0006
7482 0007
7482 0008
7482 0009
7482 0010
7482 0011
7482 0012
7482 0013
7482 0014
7482 0015
7482 0016
7482 0017
7482 0018
7484 0000
7484 0001
7484 0002
7484 0003
7484 0004
7484 0005
7484 0006
7484 0007
7484 0008
7484 0009
7484 0010
7484 0011
7484 0012
7484 0013
7484 0014
7484 0015
7484 0016
7484 0017
7484 0018
7484 0019
7484 0020
7484 0021
7484 0022
7484 0023
7484 0024
7484 0025
7484 0026
7484 0027
7484 0028
7489 0000
7489 0001
7489 0002
7489 0003
7489 0004
7489 0005
7489 0006
7489 0007
7489 0008
7489 0009
7489 0010
7489 0011
7489 0012
7489 0013
7489 0014
7489 0015
7489 0016
7489 0017
7489 0018
7489 0019
7489 0020
7489 0021
7491 0000
7491 0001
7491 0002
7491 0003
7491 0004
7491 0005
7491 0006
7491 0007
7491 0008
7491 0009
7491 0010
7491 0011
7491 0012
7495 0000
7495 0001
7495 0002
7495 0003
7495 0004
7495 0005
7495 0006
7495 0007
7495 0008
7495 0009
7495 0010
7495 0011
7495 0012
7495 0013
7495 0014
7495 0015
7495 0016
7495 0017
7495 0018
7495 0019
7495 0020
7495 0021
7495 0022
7495 0023
7495 0024
7495 0025
7495 0026
7495 0027
7495 0028
7495 0029
7495 0030
7498 0000
7498 0001
7498 0002
7498 0003
7498 0004
7498 0005
7498 0006
7498 0007
7498 0008
7498 0009
7498 0010
7498 0011
7498 0012
7498 0013
7498 0014
7498 0015
7498 0016
7498 0017
7498 0018
7498 0019
7498 0020
7498 0021
7498 0022
7498 0023
7498 0024
7498 0025
7498 0026
7498 0027
7498 0028
7498 0029
7498 0030
7498 0031
7498 0032
7500 0000
7500 0001
7500 0002
7500 0003
7500 0004
7500 0005
7500 0006
7500 0007
7500 0008
7500 0009
7500 0010
7500 0011
7500 0012
7500 0013
7500 0014
7500 0015
7500 0016
7500 0017
7500 0018
7500 0019
7500 0020
7507 0000
7507 0001
7507 0002
7507 0003
7507 0004
7507 0005
7507 0006
7507 0007
7507 0008
7507 0009
7507 0010
7507 0011
7507 0012
7507 0013
7507 0014
7507 0015
7507 0016
7507 0017
7507 0018
7507 0019
7508 0000
7508 0001
7508 0002
7508 0003
7508 0004
7508 0005
7508 0006
7508 0007
7508 0008
7508 0009
7508 0010
7508 0011
7508 0012
7508 0013
7508 0014
7508 0015
7508 0016
7508 0017
7508 0018
7508 0019
7508 0020
7508 0021
7508 0022
7508 0023
7508 0024
7508 0025
7513 0000
7513 0001
7513 0002
7513 0003
7513 0004
7513 0005
7513 0006
7513 0007
7513 0008
7513 0009
7513 0010
7513 0011
7513 0012
7513 0013
7514 0000
7514 0001
7514 0002
7514 0003
7514 0004
7514 0005
7514 0006
7514 0007
7514 0008
7514 0009
7514 0010
7514 0011
7514 0012
7514 0013
7514 0014
7514 0015
7514 0016
7514 0017
7514 0018
7514 0019
7514 0020
7514 0021
7514 0022
7514 0023
7514 0024
7514 0025
7514 0026
7514 0027
7515 0000
7515 0001
7515 0002
7515 0003
7515 0004
7515 0005
7515 0006
7515 0007
7515 0008
7515 0009
7515 0010
7515 0011
7515 0012
7515 0013
7515 0014
7515 0015
7515 0016
7515 0017
7515 0018
7515 0019
7515 0020
7515 0021
7515 0022
7516 0000
7516 0001
7516 0002
7516 0003
7516 0004
7516 0005
7516 0006
7516 0007
7516 0008
7516 0009
7516 0010
7516 0011
7516 0012
7516 0013
7516 0014
7516 0015
7516 0016
7516 0017
7516 0018
7516 0019
7516 0020
7516 0021
7516 0022
7516 0023
7516 0024
7519 0000
7519 0001
7519 0002
7519 0003
7519 0004
7519 0005
7519 0006
7519 0007
7519 0008
7519 0009
7519 0010
7519 0011
7519 0012
7519 0013
7519 0014
7519 0015
7519 0016
7529 0000
7529 0001
7529 0002
7529 0003
7529 0004
7529 0005
7529 0006
7529 0007
7529 0008
7529 0009
7529 0010
7529 0011
7529 0012
7529 0013
7529 0014
7529 0015
7529 0016
7529 0017
7529 0018
7529 0019
7529 0020
7529 0021
7529 0022
7529 0023
7529 0024
7529 0025
7537 0000
7537 0001
7537 0002
7537 0003
7537 0004
7537 0005
7537 0006
7537 0007
7537 0008
7537 0009
7537 0010
7537 0011
7537 0012
7537 0013
7537 0014
7537 0015
7537 0016
7537 0017
7537 0018
7537 0019
7537 0020
7543 0000
7543 0001
7543 0002
7543 0003
7543 0004
7543 0005
7543 0006
7543 0007
7543 0008
7543 0009
7543 0010
7543 0011
7543 0012
7543 0013
7543 0014
7543 0015
7543 0016
7543 0017
7543 0018
7543 0019
7543 0020
7543 0021
7543 0022
7543 0023
7543 0024
7543 0025
7543 0026
7543 0027
7543 0028
7543 0029
7550 0000
7550 0001
7550 0002
7550 0003
7550 0004
7550 0005
7550 0006
7550 0007
7550 0008
7550 0009
7550 0010
7550 0011
7550 0012
7550 0013
7550 0014
7550 0015
7555 0000
7555 0001
7555 0002
7555 0003
7555 0004
7555 0005
7555 0006
7555 0007
7555 0008
7555 0009
7555 0010
7555 0011
7555 0012
7555 0013
7555 0014
7555 0015
7555 0016
7555 0017
7555 0018
7555 0019
7555 0020
7556 0000
7556 0001
7556 0002
7556 0003
7556 0004
7556 0005
7556 0006
7556 0007
7556 0008
7556 0009
7556 0010
7556 0011
7556 0012
7556 0013
7556 0014
7560 0000
7560 0001
7560 0002
7560 0003
7560 0004
7560 0005
7560 0006
7560 0007
7560 0008
7560 0009
7560 0010
7560 0011
7560 0012
7560 0013
7560 0014
7560 0015
7560 0016
7560 0017
7560 0018
7560 0019
7560 0020
7560 0021
7560 0022
7563 0000
7563 0001
7563 0002
7563 0003
7563 0004
7563 0005
7563 0006
7563 0007
7563 0008
7563 0009
7563 0010
7563 0011
7563 0012
7563 0013
7563 0014
7563 0015
7563 0016
7563 0017
7563 0018
7563 0019
7563 0020
7563 0021
7563 0022
7563 0023
7563 0024
7563 0025
7563 0026
7563 0027
7563 0028
7563 0029
7567 0000
7567 0001
7567 0002
7567 0003
7567 0004
7567 0005
7567 0006
7567 0007
7567 0008
7567 0009
7567 0010
7567 0011
7567 0012
7567 0013
7567 0014
7567 0015
7567 0016
7567 0017
7567 0018
7567 0019
7567 0020
7567 0021
7567 0022
7567 0023
7567 0024
7570 0000
7570 0001
7570 0002
7570 0003
7570 0004
7570 0005
7570 0006
7570 0007
7570 0008
7570 0009
7570 0010
7570 0011
7570 0012
7570 0013
7570 0014
7570 0015
7570 0016
7570 0017
7570 0018
7570 0019
7570 0020
7589 0000
7589 0001
7589 0002
7589 0003
7589 0004
7589 0005
7589 0006
7589 0007
7589 0008
7589 0009
7589 0010
7589 0011
7589 0012
7589 0013
7589 0014
7592 0000
7592 0001
7592 0002
7592 0003
7592 0004
7592 0005
7592 0006
7592 0007
7592 0008
7592 0009
7592 0010
7592 0011
7592 0012
7592 0013
7592 0014
7592 0015
7592 0016
7592 0017
7592 0018
7592 0019
7592 0020
7592 0021
7599 0000
7599 0001
7599 0002
7599 0003
7599 0004
7599 0005
7599 0006
7599 0007
7599 0008
7599 0009
7599 0010
7599 0011
7599 0012
7599 0013
7599 0014
7599 0015
7599 0016
7599 0017
7599 0018
7599 0019
7599 0020
7599 0021
7600 0000
7600 0001
7600 0002
7600 0003
7600 0004
7600 0005
7600 0006
7600 0007
7600 0008
7600 0009
7600 0010
7600 0011
7600 0012
7600 0013
7600 0014
7600 0015
7601 0000
7601 0001
7601 0002
7601 0003
7601 0004
7601 0005
7601 0006
7601 0007
7601 0008
7601 0009
7601 0010
7601 0011
7601 0012
7601 0013
7601 0014
7601 0015
7601 0016
7601 0017
7601 0018
7601 0019
7601 0020
7601 0021
7601 0022
7601 0023
7601 0024
7607 0000
7607 0001
7607 0002
7607 0003
7607 0004
7607 0005
7607 0006
7607 0007
7607 0008
7607 0009
7607 0010
7607 0011
7607 0012
7607 0013
7607 0014
7607 0015
7607 0016
7607 0017
7607 0018
7607 0019
7607 0020
7607 0021
7607 0022
7610 0000
7610 0001
7610 0002
7610 0003
7610 0004
7610 0005
7610 0006
7610 0007
7610 0008
7610 0009
7610 0010
7610 0011
7610 0012
7610 0013
7610 0014
7610 0015
7610 0016
7610 0017
7610 0018
7610 0019
7610 0020
7610 0021
7610 0022
7614 0000
7614 0001
7614 0002
7614 0003
7614 0004
7614 0005
7614 0006
7614 0007
7614 0008
7614 0009
7614 0010
7614 0011
7614 0012
7614 0013
7614 0014
7614 0015
7614 0016
7614 0017
7614 0018
7614 0019
7614 0020
7614 0021
7614 0022
7623 0000
7623 0001
7623 0002
7623 0003
7623 0004
7623 0005
7623 0006
7623 0007
7623 0008
7623 0009
7623 0010
7623 0011
7623 0012
7623 0013
7623 0014
7623 0015
7623 0016
7623 0017
7623 0018
7623 0019
7623 0020
7623 0021
7623 0022
7623 0023
7623 0024
7623 0025
7623 0026
7626 0000
7626 0001
7626 0002
7626 0003
7626 0004
7626 0005
7626 0006
7626 0007
7626 0008
7626 0009
7626 0010
7626 0011
7626 0012
7626 0013
7626 0014
7626 0015
7626 0016
7626 0017
7626 0018
7626 0019
7626 0020
7626 0021
7626 0022
7626 0023
7630 0000
7630 0001
7630 0002
7630 0003
7630 0004
7630 0005
7630 0006
7630 0007
7630 0008
7630 0009
7630 0010
7630 0011
7630 0012
7630 0013
7630 0014
7630 0015
7630 0016
7630 0017
7630 0018
7630 0019
7630 0020
7630 0021
7630 0022
7631 0000
7631 0001
7631 0002
7631 0003
7631 0004
7631 0005
7631 0006
7631 0007
7631 0008
7631 0009
7631 0010
7631 0011
7631 0012
7631 0013
7631 0014
7631 0015
7631 0016
7631 0017
7631 0018
7631 0019
7631 0020
7631 0021
7631 0022
7631 0023
7631 0024
7633 0000
7633 0001
7633 0002
7633 0003
7633 0004
7633 0005
7633 0006
7633 0007
7633 0008
7633 0009
7633 0010
7633 0011
7633 0012
7633 0013
7633 0014
7633 0015
7633 0016
7633 0017
7633 0018
7633 0019
7637 0000
7637 0001
7637 0002
7637 0003
7637 0004
7637 0005
7637 0006
7637 0007
7637 0008
7637 0009
7637 0010
7637 0011
7637 0012
7637 0013
7637 0014
7637 0015
7637 0016
7637 0017
7644 0000
7644 0001
7644 0002
7644 0003
7644 0004
7644 0005
7644 0006
7644 0007
7644 0008
7644 0009
7644 0010
7644 0011
7644 0012
7644 0013
7644 0014
7644 0015
7644 0016
7644 0017
7644 0018
7644 0019
7644 0020
7644 0021
7644 0022
7644 0023
7644 0024
7644 0025
7644 0026
7644 0027
7649 0000
7649 0001
7649 0002
7649 0003
7649 0004
7649 0005
7649 0006
7649 0007
7649 0008
7649 0009
7649 0010
7649 0011
7649 0012
7649 0013
7649 0014
7649 0015
7649 0016
7649 0017
7649 0018
7649 0019
7649 0020
7649 0021
7649 0022
7649 0023
7649 0024
7649 0025
7650 0000
7650 0001
7650 0002
7650 0003
7650 0004
7650 0005
7650 0006
7650 0007
7650 0008
7650 0009
7650 0010
7650 0011
7650 0012
7650 0013
7650 0014
7650 0015
7650 0016
7650 0017
7650 0018
7650 0019
7650 0020
7650 0021
7650 0022
7650 0023
7653 0000
7653 0001
7653 0002
7653 0003
7653 0004
7653 0005
7653 0006
7653 0007
7653 0008
7653 0009
7653 0010
7653 0011
7653 0012
7653 0013
7653 0014
7653 0015
7653 0016
7653 0017
7653 0018
7653 0019
7653 0020
7658 0000
7658 0001
7658 0002
7658 0003
7658 0004
7658 0005
7658 0006
7658 0007
7658 0008
7658 0009
7658 0010
7658 0011
7658 0012
7658 0013
7658 0014
7658 0015
7658 0016
7658 0017
7658 0018
7658 0019
7658 0020
7658 0021
7658 0022
7659 0000
7659 0001
7659 0002
7659 0003
7659 0004
7659 0005
7659 0006
7659 0007
7659 0008
7659 0009
7659 0010
7659 0011
7659 0012
7659 0013
7659 0014
7659 0015
7659 0016
7659 0017
7659 0018
7659 0019
7659 0020
7659 0021
7659 0022
7659 0023
7659 0024
7662 0000
7662 0001
7662 0002
7662 0003
7662 0004
7662 0005
7662 0006
7662 0007
7662 0008
7662 0009
7662 0010
7662 0011
7662 0012
7662 0013
7662 0014
7662 0015
7662 0016
7662 0017
7665 0000
7665 0001
7665 0002
7665 0003
7665 0004
7665 0005
7665 0006
7665 0007
7665 0008
7665 0009
7665 0010
7665 0011
7665 0012
7665 0013
7665 0014
7665 0015
7665 0016
7665 0017
7665 0018
7665 0019
7665 0020
7665 0021
7665 0022
7665 0023
7666 0000
7666 0001
7666 0002
7666 0003
7666 0004
7666 0005
7666 0006
7666 0007
7666 0008
7666 0009
7666 0010
7666 0011
7666 0012
7666 0013
7666 0014
7666 0015
7666 0016
7666 0017
7666 0018
7666 0019
7666 0020
7666 0021
7666 0022
7666 0023
7666 0024
7666 0025
7670 0000
7670 0001
7670 0002
7670 0003
7670 0004
7670 0005
7670 0006
7670 0007
7670 0008
7670 0009
7670 0010
7670 0011
7670 0012
7670 0013
7670 0014
7670 0015
7670 0016
7670 0017
7670 0018
7670 0019
7670 0020
7670 0021
7670 0022
7670 0023
7670 0024
7670 0025
7671 0000
7671 0001
7671 0002
7671 0003
7671 0004
7671 0005
7671 0006
7671 0007
7671 0008
7671 0009
7671 0010
7671 0011
7671 0012
7671 0013
7671 0014
7671 0015
7671 0016
7671 0017
7671 0018
7671 0019
7671 0020
7671 0021
7671 0022
7671 0023
7671 0024
7671 0025
7671 0026
7671 0027
7678 0000
7678 0001
7678 0002
7678 0003
7678 0004
7678 0005
7678 0006
7678 0007
7678 0008
7678 0009
7678 0010
7678 0011
7678 0012
7678 0013
7678 0014
7678 0015
7678 0016
7678 0017
7678 0018
7680 0000
7680 0001
7680 0002
7680 0003
7680 0004
7680 0005
7680 0006
7680 0007
7680 0008
7680 0009
7680 0010
7680 0011
7680 0012
7680 0013
7680 0014
7680 0015
7680 0016
7680 0017
7680 0018
7680 0019
7680 0020
7686 0000
7686 0001
7686 0002
7686 0003
7686 0004
7686 0005
7686 0006
7686 0007
7686 0008
7686 0009
7686 0010
7686 0011
7686 0012
7686 0013
7686 0014
7686 0015
7686 0016
7686 0017
7693 0000
7693 0001
7693 0002
7693 0003
7693 0004
7693 0005
7693 0006
7693 0007
7693 0008
7693 0009
7693 0010
7693 0011
7693 0012
7693 0013
7693 0014
7693 0015
7697 0000
7697 0001
7697 0002
7697 0003
7697 0004
7697 0005
7697 0006
7697 0007
7697 0008
7697 0009
7697 0010
7697 0011
7697 0012
7697 0013
7697 0014
7697 0015
7697 0016
7697 0017
7697 0018
7697 0019
7697 0020
7697 0021
7698 0000
7698 0001
7698 0002
7698 0003
7698 0004
7698 0005
7698 0006
7698 0007
7698 0008
7698 0009
7698 0010
7698 0011
7698 0012
7698 0013
7698 0014
7698 0015
7698 0016
7698 0017
7698 0018
7698 0019
7698 0020
7698 0021
7698 0022
7698 0023
7698 0024
7698 0025
7698 0026
7699 0000
7699 0001
7699 0002
7699 0003
7699 0004
7699 0005
7699 0006
7699 0007
7699 0008
7699 0009
7699 0010
7699 0011
7699 0012
7699 0013
7699 0014
7699 0015
7699 0016
7699 0017
7699 0018
7699 0019
7699 0020
7699 0021
7699 0022
7699 0023
7699 0024
7699 0025
7699 0026
7699 0027
7699 0028
7699 0029
7700 0000
7700 0001
7700 0002
7700 0003
7700 0004
7700 0005
7700 0006
7700 0007
7700 0008
7700 0009
7700 0010
7700 0011
7700 0012
7700 0013
7700 0014
7700 0015
7700 0016
7700 0017
7700 0018
7700 0019
7700 0020
7700 0021
7700 0022
7700 0023
7700 0024
7700 0025
7700 0026
7700 0027
7700 0028
7700 0029
7700 0030
7700 0031
7700 0032
7703 0000
7703 0001
7703 0002
7703 0003
7703 0004
7703 0005
7703 0006
7703 0007
7703 0008
7703 0009
7703 0010
7703 0011
7703 0012
7703 0013
7703 0014
7703 0015
7703 0016
7703 0017
7703 0018
7703 0019
7703 0020
7709 0000
7709 0001
7709 0002
7709 0003
7709 0004
7709 0005
7709 0006
7709 0007
7709 0008
7709 0009
7709 0010
7709 0011
7709 0012
7709 0013
7709 0014
7709 0015
7709 0016
7709 0017
7709 0018
7709 0019
7709 0020
7709 0021
7709 0022
7709 0023
7710 0000
7710 0001
7710 0002
7710 0003
7710 0004
7710 0005
7710 0006
7710 0007
7710 0008
7710 0009
7710 0010
7710 0011
7710 0012
7710 0013
7710 0014
7710 0015
7710 0016
7710 0017
7710 0018
7710 0019
7710 0020
7710 0021
7710 0022
7710 0023
7710 0024
7710 0025
7711 0000
7711 0001
7711 0002
7711 0003
7711 0004
7711 0005
7711 0006
7711 0007
7711 0008
7711 0009
7711 0010
7711 0011
7711 0012
7711 0013
7711 0014
7711 0015
7711 0016
7711 0017
7711 0018
7711 0019
7711 0020
7711 0021
7711 0022
7711 0023
7711 0024
7711 0025
7711 0026
7711 0027
7712 0000
7712 0001
7712 0002
7712 0003
7712 0004
7712 0005
7712 0006
7712 0007
7712 0008
7712 0009
7712 0010
7712 0011
7712 0012
7712 0013
7712 0014
7712 0015
7712 0016
7712 0017
7712 0018
7712 0019
7712 0020
7712 0021
7715 0000
7715 0001
7715 0002
7715 0003
7715 0004
7715 0005
7715 0006
7715 0007
7715 0008
7715 0009
7715 0010
7715 0011
7715 0012
7715 0013
7715 0014
7715 0015
7715 0016
7715 0017
7715 0018
7715 0019
7715 0020
7718 0000
7718 0001
7718 0002
7718 0003
7718 0004
7718 0005
7718 0006
7718 0007
7718 0008
7718 0009
7718 0010
7718 0011
7718 0012
7718 0013
7718 0014
7718 0015
7718 0016
7718 0017
7718 0018
7718 0019
7718 0020
7718 0021
7718 0022
7718 0023
7718 0024
7718 0025
7724 0000
7724 0001
7724 0002
7724 0003
7724 0004
7724 0005
7724 0006
7724 0007
7724 0008
7724 0009
7724 0010
7724 0011
7724 0012
7724 0013
7724 0014
7724 0015
7728 0000
7728 0001
7728 0002
7728 0003
7728 0004
7728 0005
7728 0006
7728 0007
7728 0008
7728 0009
7728 0010
7728 0011
7728 0012
7728 0013
7728 0014
7741 0000
7741 0001
7741 0002
7741 0003
7741 0004
7741 0005
7741 0006
7741 0007
7741 0008
7741 0009
7741 0010
7741 0011
7741 0012
7741 0013
7741 0014
7741 0015
7741 0016
7741 0017
7741 0018
7741 0019
7741 0020
7741 0021
7741 0022
7741 0023
7741 0024
7741 0025
7742 0000
7742 0001
7742 0002
7742 0003
7742 0004
7742 0005
7742 0006
7742 0007
7742 0008
7742 0009
7742 0010
7742 0011
7742 0012
7742 0013
7742 0014
7742 0015
7742 0016
7742 0017
7742 0018
7742 0019
7742 0020
7742 0021
7742 0022
7742 0023
7742 0024
7742 0025
7742 0026
7743 0000
7743 0001
7743 0002
7743 0003
7743 0004
7743 0005
7743 0006
7743 0007
7743 0008
7743 0009
7743 0010
7743 0011
7743 0012
7743 0013
7743 0014
7743 0015
7743 0016
7743 0017
7743 0018
7743 0019
7743 0020
7743 0021
7743 0022
7748 0000
7748 0001
7748 0002
7748 0003
7748 0004
7748 0005
7748 0006
7748 0007
7748 0008
7748 0009
7748 0010
7748 0011
7748 0012
7748 0013
7748 0014
7748 0015
7748 0016
7748 0017
7748 0018
7748 0019
7748 0020
7748 0021
7748 0022
7748 0023
7748 0024
7748 0025
7749 0000
7749 0001
7749 0002
7749 0003
7749 0004
7749 0005
7749 0006
7749 0007
7749 0008
7749 0009
7749 0010
7749 0011
7749 0012
7749 0013
7749 0014
7749 0015
7749 0016
7749 0017
7749 0018
7749 0019
7749 0020
7749 0021
7749 0022
7749 0023
7749 0024
7749 0025
7749 0026
7749 0027
7749 0028
7749 0029
7749 0030
7749 0031
7749 0032
7749 0033
7750 0000
7750 0001
7750 0002
7750 0003
7750 0004
7750 0005
7750 0006
7750 0007
7750 0008
7750 0009
7750 0010
7750 0011
7750 0012
7750 0013
7750 0014
7750 0015
7750 0016
7750 0017
7750 0018
7750 0019
7750 0020
7750 0021
7750 0022
7750 0023
7750 0024
7750 0025
7751 0000
7751 0001
7751 0002
7751 0003
7751 0004
7751 0005
7751 0006
7751 0007
7751 0008
7751 0009
7751 0010
7751 0011
7751 0012
7751 0013
7751 0014
7751 0015
7751 0016
7751 0017
7751 0018
7751 0019
7751 0020
7751 0021
7751 0022
7751 0023
7751 0024
7755 0000
7755 0001
7755 0002
7755 0003
7755 0004
7755 0005
7755 0006
7755 0007
7755 0008
7755 0009
7755 0010
7755 0011
7755 0012
7755 0013
7755 0014
7755 0015
7755 0016
7755 0017
7755 0018
7755 0019
7755 0020
7755 0021
7755 0022
7755 0023
7755 0024
7755 0025
7758 0000
7758 0001
7758 0002
7758 0003
7758 0004
7758 0005
7758 0006
7758 0007
7758 0008
7758 0009
7758 0010
7758 0011
7758 0012
7758 0013
7758 0014
7758 0015
7758 0016
7758 0017
7758 0018
7758 0019
7758 0020
7758 0021
7758 0022
7758 0023
7758 0024
7758 0025
7758 0026
7758 0027
7760 0000
7760 0001
7760 0002
7760 0003
7760 0004
7760 0005
7760 0006
7760 0007
7760 0008
7760 0009
7760 0010
7760 0011
7760 0012
7760 0013
7760 0014
7762 0000
7762 0001
7762 0002
7762 0003
7762 0004
7762 0005
7762 0006
7762 0007
7762 0008
7762 0009
7762 0010
7762 0011
7762 0012
7762 0013
7762 0014
7762 0015
7762 0016
7762 0017
7762 0018
7762 0019
7762 0020
7769 0000
7769 0001
7769 0002
7769 0003
7769 0004
7769 0005
7769 0006
7769 0007
7769 0008
7769 0009
7769 0010
7769 0011
7769 0012
7769 0013
7769 0014
7769 0015
7769 0016
7769 0017
7769 0018
7769 0019
7769 0020
7769 0021
7769 0022
7770 0000
7770 0001
7770 0002
7770 0003
7770 0004
7770 0005
7770 0006
7770 0007
7770 0008
7770 0009
7770 0010
7770 0011
7770 0012
7770 0013
7770 0014
7770 0015
7770 0016
7770 0017
7776 0000
7776 0001
7776 0002
7776 0003
7776 0004
7776 0005
7776 0006
7776 0007
7776 0008
7776 0009
7776 0010
7776 0011
7776 0012
7787 0000
7787 0001
7787 0002
7787 0003
7787 0004
7787 0005
7787 0006
7787 0007
7787 0008
7787 0009
7787 0010
7787 0011
7787 0012
7787 0013
7787 0014
7787 0015
7787 0016
7787 0017
7787 0018
7787 0019
7787 0020
7787 0021
7787 0022
7787 0023
7787 0024
7787 0025
7787 0026
7787 0027
7787 0028
7788 0000
7788 0001
7788 0002
7788 0003
7788 0004
7788 0005
7788 0006
7788 0007
7788 0008
7788 0009
7788 0010
7788 0011
7788 0012
7788 0013
7788 0014
7788 0015
7788 0016
7788 0017
7788 0018
7788 0019
7788 0020
7788 0021
7788 0022
7788 0023
7788 0024
7794 0000
7794 0001
7794 0002
7794 0003
7794 0004
7794 0005
7794 0006
7794 0007
7794 0008
7794 0009
7794 0010
7794 0011
7794 0012
7794 0013
7794 0014
7794 0015
7794 0016
7794 0017
7794 0018
7795 0000
7795 0001
7795 0002
7795 0003
7795 0004
7795 0005
7795 0006
7795 0007
7795 0008
7795 0009
7795 0010
7795 0011
7795 0012
7795 0013
7795 0014
7795 0015
7795 0016
7795 0017
7795 0018
7795 0019
7795 0020
7795 0021
7795 0022
7795 0023
7795 0024
7795 0025
7795 0026
7795 0027
7795 0028
7795 0029
7795 0030
7796 0000
7796 0001
7796 0002
7796 0003
7796 0004
7796 0005
7796 0006
7796 0007
7796 0008
7796 0009
7796 0010
7796 0011
7796 0012
7796 0013
7796 0014
7796 0015
7796 0016
7808 0000
7808 0001
7808 0002
7808 0003
7808 0004
7808 0005
7808 0006
7808 0007
7808 0008
7808 0009
7808 0010
7808 0011
7808 0012
7808 0013
7808 0014
7808 0015
7808 0016
7808 0017
7808 0018
7808 0019
7808 0020
7808 0021
7808 0022
7808 0023
7808 0024
7808 0025
7808 0026
7808 0027
7811 0000
7811 0001
7811 0002
7811 0003
7811 0004
7811 0005
7811 0006
7811 0007
7811 0008
7811 0009
7811 0010
7811 0011
7811 0012
7821 0000
7821 0001
7821 0002
7821 0003
7821 0004
7821 0005
7821 0006
7821 0007
7821 0008
7821 0009
7821 0010
7821 0011
7821 0012
7821 0013
7821 0014
7821 0015
7821 0016
7821 0017
7821 0018
7821 0019
7821 0020
7821 0021
7821 0022
7821 0023
7821 0024
7821 0025
7821 0026
7821 0027
7821 0028
7822 0000
7822 0001
7822 0002
7822 0003
7822 0004
7822 0005
7822 0006
7822 0007
7822 0008
7822 0009
7822 0010
7822 0011
7822 0012
7822 0013
7822 0014
7822 0015
7822 0016
7822 0017
7822 0018
7822 0019
7823 0000
7823 0001
7823 0002
7823 0003
7823 0004
7823 0005
7823 0006
7823 0007
7823 0008
7823 0009
7823 0010
7823 0011
7823 0012
7823 0013
7823 0014
7823 0015
7823 0016
7823 0017
7823 0018
7823 0019
7823 0020
7823 0021
7823 0022
7823 0023
7823 0024
7823 0025
7826 0000
7826 0001
7826 0002
7826 0003
7826 0004
7826 0005
7826 0006
7826 0007
7826 0008
7826 0009
7826 0010
7826 0011
7826 0012
7826 0013
7828 0000
7828 0001
7828 0002
7828 0003
7828 0004
7828 0005
7828 0006
7828 0007
7828 0008
7828 0009
7828 0010
7828 0011
7828 0012
7828 0013
7828 0014
7828 0015
7831 0000
7831 0001
7831 0002
7831 0003
7831 0004
7831 0005
7831 0006
7831 0007
7831 0008
7831 0009
7831 0010
7831 0011
7831 0012
7831 0013
7831 0014
7831 0015
7831 0016
7831 0017
7831 0018
7831 0019
7831 0020
7831 0021
7831 0022
7840 0000
7840 0001
7840 0002
7840 0003
7840 0004
7840 0005
7840 0006
7840 0007
7840 0008
7840 0009
7840 0010
7840 0011
7840 0012
7840 0013
7840 0014
7840 0015
7840 0016
7840 0017
7840 0018
7840 0019
7840 0020
7840 0021
7840 0022
7840 0023
7840 0024
7840 0025
7840 0026
7840 0027
7840 0028
7841 0000
7841 0001
7841 0002
7841 0003
7841 0004
7841 0005
7841 0006
7841 0007
7841 0008
7841 0009
7841 0010
7841 0011
7841 0012
7841 0013
7841 0014
7841 0015
7841 0016
7841 0017
7841 0018
7841 0019
7841 0020
7841 0021
7841 0022
7841 0023
7841 0024
7841 0025
7843 0000
7843 0001
7843 0002
7843 0003
7843 0004
7843 0005
7843 0006
7843 0007
7843 0008
7843 0009
7843 0010
7843 0011
7843 0012
7843 0013
7843 0014
7843 0015
7843 0016
7843 0017
7843 0018
7843 0019
7843 0020
7843 0021
7843 0022
7843 0023
7843 0024
7843 0025
7843 0026
7843 0027
7843 0028
7843 0029
7843 0030
7843 0031
7843 0032
7846 0000
7846 0001
7846 0002
7846 0003
7846 0004
7846 0005
7846 0006
7846 0007
7846 0008
7846 0009
7846 0010
7846 0011
7846 0012
7846 0013
7846 0014
7846 0015
7846 0016
7846 0017
7846 0018
7846 0019
7846 0020
7846 0021
7846 0022
7846 0023
7846 0024
7847 0000
7847 0001
7847 0002
7847 0003
7847 0004
7847 0005
7847 0006
7847 0007
7847 0008
7847 0009
7847 0010
7847 0011
7847 0012
7847 0013
7847 0014
7847 0015
7847 0016
7847 0017
7847 0018
7847 0019
7847 0020
7847 0021
7847 0022
7847 0023
7847 0024
7847 0025
7847 0026
7848 0000
7848 0001
7848 0002
7848 0003
7848 0004
7848 0005
7848 0006
7848 0007
7848 0008
7848 0009
7848 0010
7848 0011
7848 0012
7848 0013
7848 0014
7848 0015
7848 0016
7848 0017
7848 0018
7848 0019
7848 0020
7848 0021
7848 0022
7848 0023
7848 0024
7848 0025
7848 0026
7848 0027
7848 0028
7848 0029
7848 0030
7848 0031
7848 0032
7848 0033
7849 0000
7849 0001
7849 0002
7849 0003
7849 0004
7849 0005
7849 0006
7849 0007
7849 0008
7849 0009
7849 0010
7849 0011
7849 0012
7849 0013
7849 0014
7849 0015
7849 0016
7849 0017
7849 0018
7849 0019
7851 0000
7851 0001
7851 0002
7851 0003
7851 0004
7851 0005
7851 0006
7851 0007
7851 0008
7851 0009
7851 0010
7851 0011
7851 0012
7851 0013
7851 0014
7851 0015
7851 0016
7851 0017
7851 0018
7851 0019
7851 0020
7851 0021
7851 0022
7854 0000
7854 0001
7854 0002
7854 0003
7854 0004
7854 0005
7854 0006
7854 0007
7854 0008
7854 0009
7854 0010
7854 0011
7854 0012
7854 0013
7854 0014
7854 0015
7855 0000
7855 0001
7855 0002
7855 0003
7855 0004
7855 0005
7855 0006
7855 0007
7855 0008
7855 0009
7855 0010
7855 0011
7855 0012
7855 0013
7855 0014
7855 0015
7855 0016
7855 0017
7855 0018
7855 0019
7855 0020
7855 0021
7855 0022
7856 0000
7856 0001
7856 0002
7856 0003
7856 0004
7856 0005
7856 0006
7856 0007
7856 0008
7856 0009
7856 0010
7856 0011
7856 0012
7856 0013
7856 0014
7856 0015
7856 0016
7856 0017
7856 0018
7856 0019
7856 0020
7856 0021
7856 0022
7856 0023
7856 0024
7856 0025
7856 0026
7856 0027
7856 0028
7856 0029
7857 0000
7857 0001
7857 0002
7857 0003
7857 0004
7857 0005
7857 0006
7857 0007
7857 0008
7857 0009
7857 0010
7857 0011
7857 0012
7857 0013
7857 0014
7857 0015
7857 0016
7857 0017
7858 0000
7858 0001
7858 0002
7858 0003
7858 0004
7858 0005
7858 0006
7858 0007
7858 0008
7858 0009
7858 0010
7858 0011
7858 0012
7858 0013
7864 0000
7864 0001
7864 0002
7864 0003
7864 0004
7864 0005
7864 0006
7864 0007
7864 0008
7864 0009
7864 0010
7864 0011
7864 0012
7864 0013
7864 0014
7864 0015
7864 0016
7864 0017
7864 0018
7864 0019
7864 0020
7864 0021
7864 0022
7864 0023
7864 0024
7866 0000
7866 0001
7866 0002
7866 0003
7866 0004
7866 0005
7866 0006
7866 0007
7866 0008
7866 0009
7866 0010
7866 0011
7866 0012
7866 0013
7866 0014
7866 0015
7866 0016
7869 0000
7869 0001
7869 0002
7869 0003
7869 0004
7869 0005
7869 0006
7869 0007
7869 0008
7869 0009
7869 0010
7869 0011
7869 0012
7869 0013
7869 0014
7869 0015
7869 0016
7869 0017
7869 0018
7869 0019
7869 0020
7869 0021
7869 0022
7869 0023
7869 0024
7871 0000
7871 0001
7871 0002
7871 0003
7871 0004
7871 0005
7871 0006
7871 0007
7871 0008
7871 0009
7871 0010
7871 0011
7871 0012
7871 0013
7871 0014
7871 0015
7871 0016
7871 0017
7871 0018
7871 0019
7871 0020
7871 0021
7871 0022
7871 0023
7876 0000
7876 0001
7876 0002
7876 0003
7876 0004
7876 0005
7876 0006
7876 0007
7876 0008
7876 0009
7876 0010
7876 0011
7876 0012
7876 0013
7876 0014
7876 0015
7876 0016
7876 0017
7876 0018
7876 0019
7876 0020
7876 0021
7876 0022
7876 0023
7876 0024
7876 0025
7876 0026
7880 0000
7880 0001
7880 0002
7880 0003
7880 0004
7880 0005
7880 0006
7880 0007
7880 0008
7880 0009
7880 0010
7880 0011
7880 0012
7880 0013
7880 0014
7880 0015
7880 0016
7880 0017
7880 0018
7880 0019
7880 0020
7882 0000
7882 0001
7882 0002
7882 0003
7882 0004
7882 0005
7882 0006
7882 0007
7882 0008
7882 0009
7882 0010
7882 0011
7882 0012
7882 0013
7882 0014
7882 0015
7882 0016
7882 0017
7882 0018
7882 0019
7882 0020
7882 0021
7882 0022
7882 0023
7882 0024
7883 0000
7883 0001
7883 0002
7883 0003
7883 0004
7883 0005
7883 0006
7883 0007
7883 0008
7883 0009
7883 0010
7883 0011
7883 0012
7883 0013
7883 0014
7883 0015
7883 0016
7883 0017
7883 0018
7883 0019
7883 0020
7883 0021
7883 0022
7883 0023
7883 0024
7889 0000
7889 0001
7889 0002
7889 0003
7889 0004
7889 0005
7889 0006
7889 0007
7889 0008
7889 0009
7889 0010
7889 0011
7889 0012
7889 0013
7889 0014
7889 0015
7889 0016
7889 0017
7889 0018
7889 0019
7889 0020
7889 0021
7889 0022
7889 0023
7889 0024
7889 0025
7889 0026
7889 0027
7889 0028
7896 0000
7896 0001
7896 0002
7896 0003
7896 0004
7896 0005
7896 0006
7896 0007
7896 0008
7896 0009
7896 0010
7896 0011
7896 0012
7896 0013
7896 0014
7896 0015
7896 0016
7896 0017
7897 0000
7897 0001
7897 0002
7897 0003
7897 0004
7897 0005
7897 0006
7897 0007
7897 0008
7897 0009
7897 0010
7897 0011
7897 0012
7897 0013
7897 0014
7897 0015
7897 0016
7897 0017
7897 0018
7897 0019
7898 0000
7898 0001
7898 0002
7898 0003
7898 0004
7898 0005
7898 0006
7898 0007
7898 0008
7898 0009
7898 0010
7898 0011
7898 0012
7898 0013
7898 0014
7898 0015
7898 0016
7898 0017
7898 0018
7898 0019
7898 0020
7898 0021
7898 0022
7898 0023
7898 0024
7898 0025
7898 0026
7898 0027
7898 0028
7898 0029
7899 0000
7899 0001
7899 0002
7899 0003
7899 0004
7899 0005
7899 0006
7899 0007
7899 0008
7899 0009
7899 0010
7899 0011
7899 0012
7899 0013
7899 0014
7899 0015
7899 0016
7899 0017
7899 0018
7899 0019
7899 0020
7899 0021
7899 0022
7899 0023
7899 0024
7899 0025
7902 0000
7902 0001
7902 0002
7902 0003
7902 0004
7902 0005
7902 0006
7902 0007
7902 0008
7902 0009
7902 0010
7902 0011
7902 0012
7902 0013
7902 0014
7902 0015
7902 0016
7902 0017
7902 0018
7902 0019
7902 0020
7904 0000
7904 0001
7904 0002
7904 0003
7904 0004
7904 0005
7904 0006
7904 0007
7904 0008
7904 0009
7904 0010
7904 0011
7904 0012
7904 0013
7904 0014
7904 0015
7904 0016
7904 0017
7906 0000
7906 0001
7906 0002
7906 0003
7906 0004
7906 0005
7906 0006
7906 0007
7906 0008
7906 0009
7906 0010
7906 0011
7906 0012
7906 0013
7906 0014
7909 0000
7909 0001
7909 0002
7909 0003
7909 0004
7909 0005
7909 0006
7909 0007
7909 0008
7909 0009
7909 0010
7909 0011
7913 0000
7913 0001
7913 0002
7913 0003
7913 0004
7913 0005
7913 0006
7913 0007
7913 0008
7913 0009
7913 0010
7913 0011
7913 0012
7913 0013
7913 0014
7913 0015
7913 0016
7913 0017
7913 0018
7913 0019
7913 0020
7913 0021
7913 0022
7913 0023
7913 0024
7913 0025
7913 0026
7917 0000
7917 0001
7917 0002
7917 0003
7917 0004
7917 0005
7917 0006
7917 0007
7917 0008
7917 0009
7917 0010
7917 0011
7917 0012
7917 0013
7917 0014
7917 0015
7917 0016
7917 0017
7917 0018
7917 0019
7917 0020
7917 0021
7917 0022
7917 0023
7917 0024
7917 0025
7917 0026
7917 0027
7917 0028
7917 0029
7917 0030
7917 0031
7919 0000
7919 0001
7919 0002
7919 0003
7919 0004
7919 0005
7919 0006
7919 0007
7919 0008
7919 0009
7919 0010
7919 0011
7919 0012
7919 0013
7919 0014
7922 0000
7922 0001
7922 0002
7922 0003
7922 0004
7922 0005
7922 0006
7922 0007
7922 0008
7922 0009
7922 0010
7922 0011
7922 0012
7922 0013
7922 0014
7922 0015
7922 0016
7922 0017
7922 0018
7922 0019
7922 0020
7924 0000
7924 0001
7924 0002
7924 0003
7924 0004
7924 0005
7924 0006
7924 0007
7924 0008
7924 0009
7924 0010
7924 0011
7924 0012
7924 0013
7924 0014
7924 0015
7924 0016
7924 0017
7924 0018
7929 0000
7929 0001
7929 0002
7929 0003
7929 0004
7929 0005
7929 0006
7929 0007
7929 0008
7929 0009
7929 0010
7929 0011
7929 0012
7929 0013
7929 0014
7929 0015
7929 0016
7929 0017
7929 0018
7929 0019
7929 0020
7929 0021
7929 0022
7929 0023
7929 0024
7929 0025
7929 0026
7929 0027
7929 0028
7932 0000
7932 0001
7932 0002
7932 0003
7932 0004
7932 0005
7932 0006
7932 0007
7932 0008
7932 0009
7932 0010
7932 0011
7932 0012
7932 0013
7932 0014
7932 0015
7932 0016
7932 0017
7932 0018
7932 0019
7932 0020
7932 0021
7932 0022
7932 0023
7932 0024
7932 0025
7932 0026
7932 0027
7932 0028
7932 0029
7938 0000
7938 0001
7938 0002
7938 0003
7938 0004
7938 0005
7938 0006
7938 0007
7938 0008
7938 0009
7938 0010
7938 0011
7940 0000
7940 0001
7940 0002
7940 0003
7940 0004
7940 0005
7940 0006
7940 0007
7940 0008
7940 0009
7940 0010
7940 0011
7940 0012
7940 0013
7940 0014
7940 0015
7940 0016
7940 0017
7940 0018
7940 0019
7940 0020
7940 0021
7940 0022
7940 0023
7940 0024
7940 0025
7940 0026
7940 0027
7940 0028
7940 0029
7940 0030
7940 0031
7942 0000
7942 0001
7942 0002
7942 0003
7942 0004
7942 0005
7942 0006
7942 0007
7942 0008
7942 0009
7942 0010
7942 0011
7942 0012
7942 0013
7942 0014
7942 0015
7942 0016
7942 0017
7942 0018
7942 0019
7942 0020
7942 0021
7942 0022
7942 0023
7942 0024
7942 0025
7942 0026
7943 0000
7943 0001
7943 0002
7943 0003
7943 0004
7943 0005
7943 0006
7943 0007
7943 0008
7943 0009
7943 0010
7943 0011
7943 0012
7943 0013
7943 0014
7943 0015
7947 0000
7947 0001
7947 0002
7947 0003
7947 0004
7947 0005
7947 0006
7947 0007
7947 0008
7947 0009
7947 0010
7947 0011
7947 0012
7947 0013
7947 0014
7947 0015
7947 0016
7947 0017
7948 0000
7948 0001
7948 0002
7948 0003
7948 0004
7948 0005
7948 0006
7948 0007
7948 0008
7948 0009
7948 0010
7948 0011
7948 0012
7948 0013
7948 0014
7948 0015
7948 0016
7948 0017
7948 0018
7948 0019
7948 0020
7948 0021
7948 0022
7952 0000
7952 0001
7952 0002
7952 0003
7952 0004
7952 0005
7952 0006
7952 0007
7952 0008
7952 0009
7952 0010
7952 0011
7952 0012
7952 0013
7952 0014
7952 0015
7952 0016
7952 0017
7952 0018
7952 0019
7952 0020
7952 0021
7952 0022
7952 0023
7952 0024
7952 0025
7952 0026
7952 0027
7952 0028
7952 0029
7952 0030
7960 0000
7960 0001
7960 0002
7960 0003
7960 0004
7960 0005
7960 0006
7960 0007
7960 0008
7960 0009
7960 0010
7960 0011
7960 0012
7960 0013
7961 0000
7961 0001
7961 0002
7961 0003
7961 0004
7961 0005
7961 0006
7961 0007
7961 0008
7961 0009
7961 0010
7961 0011
7961 0012
7961 0013
7961 0014
7961 0015
7961 0016
7961 0017
7961 0018
7961 0019
7961 0020
7961 0021
7961 0022
7961 0023
7961 0024
7961 0025
7961 0026
7961 0027
7963 0000
7963 0001
7963 0002
7963 0003
7963 0004
7963 0005
7963 0006
7963 0007
7963 0008
7963 0009
7963 0010
7963 0011
7963 0012
7963 0013
7963 0014
7963 0015
7963 0016
7963 0017
7963 0018
7963 0019
7964 0000
7964 0001
7964 0002
7964 0003
7964 0004
7964 0005
7964 0006
7964 0007
7964 0008
7964 0009
7964 0010
7964 0011
7964 0012
7964 0013
7964 0014
7965 0000
7965 0001
7965 0002
7965 0003
7965 0004
7965 0005
7965 0006
7965 0007
7965 0008
7965 0009
7965 0010
7965 0011
7965 0012
7965 0013
7965 0014
7965 0015
7965 0016
7965 0017
7965 0018
7965 0019
7965 0020
7969 0000
7969 0001
7969 0002
7969 0003
7969 0004
7969 0005
7969 0006
7969 0007
7969 0008
7969 0009
7969 0010
7969 0011
7969 0012
7969 0013
7969 0014
7969 0015
7969 0016
7971 0000
7971 0001
7971 0002
7971 0003
7971 0004
7971 0005
7971 0006
7971 0007
7971 0008
7971 0009
7971 0010
7971 0011
7971 0012
7971 0013
7978 0000
7978 0001
7978 0002
7978 0003
7978 0004
7978 0005
7978 0006
7978 0007
7978 0008
7978 0009
7978 0010
7978 0011
7978 0012
7978 0013
7978 0014
7978 0015
7978 0016
7978 0017
7978 0018
7978 0019
7978 0020
7978 0021
7978 0022
7978 0023
7978 0024
7978 0025
7978 0026
7978 0027
7980 0000
7980 0001
7980 0002
7980 0003
7980 0004
7980 0005
7980 0006
7980 0007
7980 0008
7980 0009
7980 0010
7980 0011
7980 0012
7980 0013
7980 0014
7980 0015
7980 0016
7980 0017
7980 0018
7980 0019
7980 0020
7980 0021
7980 0022
7980 0023
7980 0024
7981 0000
7981 0001
7981 0002
7981 0003
7981 0004
7981 0005
7981 0006
7981 0007
7981 0008
7981 0009
7981 0010
7981 0011
7981 0012
7981 0013
7981 0014
7981 0015
7981 0016
7981 0017
7981 0018
7981 0019
7981 0020
7981 0021
7981 0022
7981 0023
7981 0024
7985 0000
7985 0001
7985 0002
7985 0003
7985 0004
7985 0005
7985 0006
7985 0007
7985 0008
7985 0009
7985 0010
7985 0011
7985 0012
7985 0013
7985 0014
7985 0015
7985 0016
7985 0017
7985 0018
7985 0019
7985 0020
7985 0021
7985 0022
7993 0000
7993 0001
7993 0002
7993 0003
7993 0004
7993 0005
7993 0006
7993 0007
7993 0008
7993 0009
7993 0010
7993 0011
7993 0012
7993 0013
7993 0014
7995 0000
7995 0001
7995 0002
7995 0003
7995 0004
7995 0005
7995 0006
7995 0007
7995 0008
7995 0009
7995 0010
7995 0011
7995 0012
7995 0013
7995 0014
7995 0015
7995 0016
7995 0017
7995 0018
7995 0019
7995 0020
7995 0021
7995 0022
7995 0023
7995 0024
7995 0025
7995 0026
7995 0027
7995 0028
7995 0029
7995 0030
7995 0031
7995 0032
7996 0000
7996 0001
7996 0002
7996 0003
7996 0004
7996 0005
7996 0006
7996 0007
7996 0008
7996 0009
7996 0010
7996 0011
7996 0012
7996 0013
7996 0014
7996 0015
7996 0016
7996 0017
7996 0018
7996 0019
7996 0020
7996 0021
7996 0022
7996 0023
7996 0024
7996 0025
7996 0026
7997 0000
7997 0001
7997 0002
7997 0003
7997 0004
7997 0005
7997 0006
7997 0007
7997 0008
7997 0009
7997 0010
7997 0011
7997 0012
7997 0013
7997 0014
7997 0015
7997 0016
7997 0017
7997 0018
7997 0019
7997 0020
7997 0021
7997 0022
7997 0023
7997 0024
7997 0025
7997 0026
8011 0000
8011 0001
8011 0002
8011 0003
8011 0004
8011 0005
8011 0006
8011 0007
8011 0008
8011 0009
8011 0010
8011 0011
8011 0012
8011 0013
8011 0014
8011 0015
8011 0016
8011 0017
8011 0018
8019 0000
8019 0001
8019 0002
8019 0003
8019 0004
8019 0005
8019 0006
8019 0007
8019 0008
8019 0009
8019 0010
8019 0011
8019 0012
8019 0013
8019 0014
8019 0015
8019 0016
8019 0017
8019 0018
8019 0019
8019 0020
8019 0021
8019 0022
8019 0023
8022 0000
8022 0001
8022 0002
8022 0003
8022 0004
8022 0005
8022 0006
8022 0007
8022 0008
8022 0009
8022 0010
8022 0011
8022 0012
8022 0013
8022 0014
8022 0015
8022 0016
8022 0017
8022 0018
8022 0019
8022 0020
8022 0021
8022 0022
8022 0023
8022 0024
8022 0025
8022 0026
8022 0027
8022 0028
8025 0000
8025 0001
8025 0002
8025 0003
8025 0004
8025 0005
8025 0006
8025 0007
8025 0008
8025 0009
8025 0010
8025 0011
8025 0012
8025 0013
8025 0014
8025 0015
8025 0016
8025 0017
8025 0018
8025 0019
8025 0020
8025 0021
8025 0022
8025 0023
8025 0024
8025 0025
8025 0026
8025 0027
8033 0000
8033 0001
8033 0002
8033 0003
8033 0004
8033 0005
8033 0006
8033 0007
8033 0008
8033 0009
8033 0010
8033 0011
8033 0012
8033 0013
8033 0014
8033 0015
8033 0016
8033 0017
8033 0018
8033 0019
8033 0020
8033 0021
8033 0022
8033 0023
8033 0024
8033 0025
8033 0026
8033 0027
8033 0028
8033 0029
8033 0030
8033 0031
8033 0032
8033 0033
8034 0000
8034 0001
8034 0002
8034 0003
8034 0004
8034 0005
8034 0006
8034 0007
8034 0008
8034 0009
8034 0010
8034 0011
8034 0012
8034 0013
8034 0014
8034 0015
8034 0016
8034 0017
8034 0018
8034 0019
8034 0020
8034 0021
8034 0022
8034 0023
8037 0000
8037 0001
8037 0002
8037 0003
8037 0004
8037 0005
8037 0006
8037 0007
8037 0008
8037 0009
8037 0010
8037 0011
8037 0012
8037 0013
8037 0014
8037 0015
8037 0016
8037 0017
8037 0018
8037 0019
8037 0020
8041 0000
8041 0001
8041 0002
8041 0003
8041 0004
8041 0005
8041 0006
8041 0007
8041 0008
8041 0009
8041 0010
8041 0011
8041 0012
8041 0013
8041 0014
8041 0015
8041 0016
8041 0017
8041 0018
8041 0019
8041 0020
8041 0021
8041 0022
8041 0023
8041 0024
8041 0025
8041 0026
8041 0027
8041 0028
8041 0029
8045 0000
8045 0001
8045 0002
8045 0003
8045 0004
8045 0005
8045 0006
8045 0007
8045 0008
8045 0009
8045 0010
8045 0011
8045 0012
8045 0013
8045 0014
8045 0015
8045 0016
8045 0017
8045 0018
8045 0019
8045 0020
8045 0021
8045 0022
8045 0023
8045 0024
8045 0025
8045 0026
8045 0027
8048 0000
8048 0001
8048 0002
8048 0003
8048 0004
8048 0005
8048 0006
8048 0007
8048 0008
8048 0009
8048 0010
8048 0011
8048 0012
8048 0013
8048 0014
8048 0015
8048 0016
8048 0017
8048 0018
8048 0019
8048 0020
8048 0021
8049 0000
8049 0001
8049 0002
8049 0003
8049 0004
8049 0005
8049 0006
8049 0007
8049 0008
8049 0009
8049 0010
8049 0011
8049 0012
8049 0013
8049 0014
8049 0015
8049 0016
8049 0017
8051 0000
8051 0001
8051 0002
8051 0003
8051 0004
8051 0005
8051 0006
8051 0007
8051 0008
8051 0009
8051 0010
8051 0011
8051 0012
8051 0013
8051 0014
8051 0015
8051 0016
8051 0017
8051 0018
8051 0019
8051 0020
8051 0021
8051 0022
8054 0000
8054 0001
8054 0002
8054 0003
8054 0004
8054 0005
8054 0006
8054 0007
8054 0008
8054 0009
8054 0010
8054 0011
8054 0012
8054 0013
8054 0014
8054 0015
8054 0016
8054 0017
8054 0018
8054 0019
8057 0000
8057 0001
8057 0002
8057 0003
8057 0004
8057 0005
8057 0006
8057 0007
8057 0008
8057 0009
8057 0010
8057 0011
8057 0012
8057 0013
8057 0014
8057 0015
8057 0016
8057 0017
8057 0018
8057 0019
8057 0020
8057 0021
8057 0022
8057 0023
8057 0024
8057 0025
8059 0000
8059 0001
8059 0002
8059 0003
8059 0004
8059 0005
8059 0006
8059 0007
8059 0008
8059 0009
8059 0010
8059 0011
8059 0012
8059 0013
8059 0014
8059 0015
8059 0016
8059 0017
8059 0018
8059 0019
8059 0020
8059 0021
8059 0022
8059 0023
8059 0024
8059 0025
8059 0026
8059 0027
8059 0028
8059 0029
8060 0000
8060 0001
8060 0002
8060 0003
8060 0004
8060 0005
8060 0006
8060 0007
8060 0008
8060 0009
8060 0010
8060 0011
8060 0012
8060 0013
8060 0014
8060 0015
8060 0016
8060 0017
8060 0018
8060 0019
8060 0020
8061 0000
8061 0001
8061 0002
8061 0003
8061 0004
8061 0005
8061 0006
8061 0007
8061 0008
8061 0009
8061 0010
8061 0011
8061 0012
8061 0013
8061 0014
8061 0015
8061 0016
8061 0017
8061 0018
8061 0019
8061 0020
8061 0021
8061 0022
8061 0023
8061 0024
8061 0025
8061 0026
8061 0027
8061 0028
8061 0029
8061 0030
8061 0031
8061 0032
8061 0033
8065 0000
8065 0001
8065 0002
8065 0003
8065 0004
8065 0005
8065 0006
8065 0007
8065 0008
8065 0009
8065 0010
8065 0011
8065 0012
8065 0013
8065 0014
8065 0015
8065 0016
8065 0017
8065 0018
8065 0019
8065 0020
8065 0021
8065 0022
8065 0023
8065 0024
8065 0025
8069 0000
8069 0001
8069 0002
8069 0003
8069 0004
8069 0005
8069 0006
8069 0007
8069 0008
8069 0009
8069 0010
8069 0011
8069 0012
8069 0013
8069 0014
8069 0015
8069 0016
8069 0017
8069 0018
8069 0019
8069 0020
8069 0021
8069 0022
8069 0023
8069 0024
8069 0025
8069 0026
8069 0027
8069 0028
8073 0000
8073 0001
8073 0002
8073 0003
8073 0004
8073 0005
8073 0006
8073 0007
8073 0008
8073 0009
8073 0010
8073 0011
8073 0012
8073 0013
8073 0014
8073 0015
8073 0016
8073 0017
8073 0018
8073 0019
8073 0020
8073 0021
8073 0022
8073 0023
8078 0000
8078 0001
8078 0002
8078 0003
8078 0004
8078 0005
8078 0006
8078 0007
8078 0008
8078 0009
8078 0010
8078 0011
8078 0012
8080 0000
8080 0001
8080 0002
8080 0003
8080 0004
8080 0005
8080 0006
8080 0007
8080 0008
8080 0009
8080 0010
8080 0011
8080 0012
8080 0013
8080 0014
8080 0015
8080 0016
8080 0017
8080 0018
8080 0019
8080 0020
8080 0021
8080 0022
8080 0023
8092 0000
8092 0001
8092 0002
8092 0003
8092 0004
8092 0005
8092 0006
8092 0007
8092 0008
8092 0009
8092 0010
8092 0011
8092 0012
8092 0013
8092 0014
8092 0015
8092 0016
8092 0017
8092 0018
8092 0019
8092 0020
8092 0021
8092 0022
8092 0023
8092 0024
8092 0025
8092 0026
8094 0000
8094 0001
8094 0002
8094 0003
8094 0004
8094 0005
8094 0006
8094 0007
8094 0008
8094 0009
8094 0010
8094 0011
8094 0012
8094 0013
8101 0000
8101 0001
8101 0002
8101 0003
8101 0004
8101 0005
8101 0006
8101 0007
8101 0008
8101 0009
8101 0010
8101 0011
8101 0012
8101 0013
8101 0014
8101 0015
8101 0016
8101 0017
8101 0018
8101 0019
8101 0020
8101 0021
8101 0022
8101 0023
8101 0024
8101 0025
8101 0026
8101 0027
8101 0028
8101 0029
8101 0030
8113 0000
8113 0001
8113 0002
8113 0003
8113 0004
8113 0005
8113 0006
8113 0007
8113 0008
8113 0009
8113 0010
8113 0011
8113 0012
8113 0013
8113 0014
8113 0015
8113 0016
8113 0017
8113 0018
8113 0019
8125 0000
8125 0001
8125 0002
8125 0003
8125 0004
8125 0005
8125 0006
8125 0007
8125 0008
8125 0009
8125 0010
8125 0011
8125 0012
8125 0013
8125 0014
8125 0015
8125 0016
8125 0017
8125 0018
8125 0019
8125 0020
8125 0021
8125 0022
8125 0023
8125 0024
8125 0025
8125 0026
8131 0000
8131 0001
8131 0002
8131 0003
8131 0004
8131 0005
8131 0006
8131 0007
8131 0008
8131 0009
8131 0010
8131 0011
8131 0012
8131 0013
8131 0014
8131 0015
8131 0016
8131 0017
8131 0018
8131 0019
8131 0020
8134 0000
8134 0001
8134 0002
8134 0003
8134 0004
8134 0005
8134 0006
8134 0007
8134 0008
8134 0009
8134 0010
8134 0011
8134 0012
8134 0013
8134 0014
8134 0015
8134 0016
8134 0017
8134 0018
8134 0019
8134 0020
8134 0021
8137 0000
8137 0001
8137 0002
8137 0003
8137 0004
8137 0005
8137 0006
8137 0007
8137 0008
8137 0009
8137 0010
8137 0011
8137 0012
8137 0013
8137 0014
8137 0015
8137 0016
8137 0017
8137 0018
8137 0019
8137 0020
8137 0021
8137 0022
8137 0023
8138 0000
8138 0001
8138 0002
8138 0003
8138 0004
8138 0005
8138 0006
8138 0007
8138 0008
8138 0009
8138 0010
8138 0011
8138 0012
8138 0013
8138 0014
8138 0015
8138 0016
8138 0017
8138 0018
8138 0019
8138 0020
8138 0021
8138 0022
8138 0023
8138 0024
8148 0000
8148 0001
8148 0002
8148 0003
8148 0004
8148 0005
8148 0006
8148 0007
8148 0008
8148 0009
8148 0010
8148 0011
8148 0012
8148 0013
8148 0014
8148 0015
8148 0016
8148 0017
8148 0018
8148 0019
8148 0020
8148 0021
8149 0000
8149 0001
8149 0002
8149 0003
8149 0004
8149 0005
8149 0006
8149 0007
8149 0008
8149 0009
8149 0010
8149 0011
8149 0012
8149 0013
8149 0014
8149 0015
8149 0016
8149 0017
8149 0018
8149 0019
8149 0020
8149 0021
8149 0022
8149 0023
8149 0024
8149 0025
8149 0026
8162 0000
8162 0001
8162 0002
8162 0003
8162 0004
8162 0005
8162 0006
8162 0007
8162 0008
8162 0009
8162 0010
8162 0011
8162 0012
8162 0013
8162 0014
8162 0015
8162 0016
8162 0017
8162 0018
8162 0019
8162 0020
8162 0021
8162 0022
8165 0000
8165 0001
8165 0002
8165 0003
8165 0004
8165 0005
8165 0006
8165 0007
8165 0008
8165 0009
8165 0010
8165 0011
8165 0012
8165 0013
8165 0014
8165 0015
8165 0016
8165 0017
8165 0018
8165 0019
8165 0020
8165 0021
8165 0022
8165 0023
8165 0024
8168 0000
8168 0001
8168 0002
8168 0003
8168 0004
8168 0005
8168 0006
8168 0007
8168 0008
8168 0009
8168 0010
8168 0011
8168 0012
8168 0013
8168 0014
8168 0015
8168 0016
8168 0017
8168 0018
8168 0019
8168 0020
8168 0021
8168 0022
8168 0023
8168 0024
8177 0000
8177 0001
8177 0002
8177 0003
8177 0004
8177 0005
8177 0006
8177 0007
8177 0008
8177 0009
8177 0010
8177 0011
8177 0012
8177 0013
8177 0014
8177 0015
8177 0016
8177 0017
8177 0018
8177 0019
8177 0020
8177 0021
8177 0022
8177 0023
8177 0024
8177 0025
8177 0026
8177 0027
8181 0000
8181 0001
8181 0002
8181 0003
8181 0004
8181 0005
8181 0006
8181 0007
8181 0008
8181 0009
8181 0010
8181 0011
8181 0012
8181 0013
8181 0014
8181 0015
8181 0016
8181 0017
8181 0018
8181 0019
8181 0020
8181 0021
8181 0022
8181 0023
8182 0000
8182 0001
8182 0002
8182 0003
8182 0004
8182 0005
8182 0006
8182 0007
8182 0008
8182 0009
8182 0010
8182 0011
8182 0012
8182 0013
8182 0014
8182 0015
8182 0016
8182 0017
8182 0018
8182 0019
8182 0020
8182 0021
8182 0022
8182 0023
8182 0024
8182 0025
8182 0026
8190 0000
8190 0001
8190 0002
8190 0003
8190 0004
8190 0005
8190 0006
8190 0007
8190 0008
8190 0009
8190 0010
8190 0011
8190 0012
8190 0013
8190 0014
8190 0015
8190 0016
8190 0017
8190 0018
8190 0019
8190 0020
8190 0021
8190 0022
8190 0023
8190 0024
8195 0000
8195 0001
8195 0002
8195 0003
8195 0004
8195 0005
8195 0006
8195 0007
8195 0008
8195 0009
8195 0010
8195 0011
8195 0012
8195 0013
8195 0014
8196 0000
8196 0001
8196 0002
8196 0003
8196 0004
8196 0005
8196 0006
8196 0007
8196 0008
8196 0009
8196 0010
8196 0011
8196 0012
8196 0013
8196 0014
8196 0015
8196 0016
8196 0017
8196 0018
8196 0019
8196 0020
8196 0021
8196 0022
8196 0023
8196 0024
8207 0000
8207 0001
8207 0002
8207 0003
8207 0004
8207 0005
8207 0006
8207 0007
8207 0008
8207 0009
8207 0010
8207 0011
8207 0012
8207 0013
8207 0014
8207 0015
8207 0016
8207 0017
8207 0018
8207 0019
8207 0020
8207 0021
8207 0022
8207 0023
8207 0024
8210 0000
8210 0001
8210 0002
8210 0003
8210 0004
8210 0005
8210 0006
8210 0007
8210 0008
8210 0009
8210 0010
8210 0011
8210 0012
8210 0013
8210 0014
8210 0015
8210 0016
8210 0017
8210 0018
8210 0019
8210 0020
8210 0021
8210 0022
8210 0023
8210 0024
8210 0025
8210 0026
8210 0027
8210 0028
8210 0029
8210 0030
8212 0000
8212 0001
8212 0002
8212 0003
8212 0004
8212 0005
8212 0006
8212 0007
8212 0008
8212 0009
8212 0010
8212 0011
8212 0012
8212 0013
8212 0014
8212 0015
8216 0000
8216 0001
8216 0002
8216 0003
8216 0004
8216 0005
8216 0006
8216 0007
8216 0008
8216 0009
8216 0010
8216 0011
8216 0012
8216 0013
8216 0014
8216 0015
8216 0016
8216 0017
8216 0018
8216 0019
8216 0020
8216 0021
8216 0022
8216 0023
8216 0024
8217 0000
8217 0001
8217 0002
8217 0003
8217 0004
8217 0005
8217 0006
8217 0007
8217 0008
8217 0009
8217 0010
8217 0011
8217 0012
8217 0013
8217 0014
8217 0015
8217 0016
8217 0017
8217 0018
8217 0019
8217 0020
8217 0021
8217 0022
8217 0023
8217 0024
8217 0025
8217 0026
8217 0027
8217 0028
8217 0029
8217 0030
8217 0031
8217 0032
8220 0000
8220 0001
8220 0002
8220 0003
8220 0004
8220 0005
8220 0006
8220 0007
8220 0008
8220 0009
8220 0010
8220 0011
8220 0012
8220 0013
8220 0014
8220 0015
8220 0016
8220 0017
8220 0018
8220 0019
8220 0020
8220 0021
8220 0022
8220 0023
8220 0024
8220 0025
8220 0026
8226 0000
8226 0001
8226 0002
8226 0003
8226 0004
8226 0005
8226 0006
8226 0007
8226 0008
8226 0009
8226 0010
8226 0011
8226 0012
8232 0000
8232 0001
8232 0002
8232 0003
8232 0004
8232 0005
8232 0006
8232 0007
8232 0008
8232 0009
8232 0010
8232 0011
8232 0012
8232 0013
8232 0014
8232 0015
8236 0000
8236 0001
8236 0002
8236 0003
8236 0004
8236 0005
8236 0006
8236 0007
8236 0008
8236 0009
8236 0010
8236 0011
8236 0012
8236 0013
8236 0014
8236 0015
8236 0016
8236 0017
8236 0018
8236 0019
8236 0020
8236 0021
8236 0022
8236 0023
8236 0024
8236 0025
8236 0026
8236 0027
8238 0000
8238 0001
8238 0002
8238 0003
8238 0004
8238 0005
8238 0006
8238 0007
8238 0008
8238 0009
8238 0010
8238 0011
8238 0012
8238 0013
8238 0014
8238 0015
8238 0016
8238 0017
8238 0018
8238 0019
8244 0000
8244 0001
8244 0002
8244 0003
8244 0004
8244 0005
8244 0006
8244 0007
8244 0008
8244 0009
8244 0010
8244 0011
8244 0012
8244 0013
8244 0014
8244 0015
8244 0016
8249 0000
8249 0001
8249 0002
8249 0003
8249 0004
8249 0005
8249 0006
8249 0007
8249 0008
8249 0009
8249 0010
8249 0011
8249 0012
8249 0013
8249 0014
8249 0015
8249 0016
8249 0017
8249 0018
8249 0019
8249 0020
8249 0021
8253 0000
8253 0001
8253 0002
8253 0003
8253 0004
8253 0005
8253 0006
8253 0007
8253 0008
8253 0009
8253 0010
8253 0011
8253 0012
8253 0013
8253 0014
8253 0015
8253 0016
8253 0017
8253 0018
8253 0019
8253 0020
8253 0021
8253 0022
8253 0023
8253 0024
8262 0000
8262 0001
8262 0002
8262 0003
8262 0004
8262 0005
8262 0006
8262 0007
8262 0008
8262 0009
8262 0010
8262 0011
8262 0012
8262 0013
8262 0014
8262 0015
8262 0016
8262 0017
8267 0000
8267 0001
8267 0002
8267 0003
8267 0004
8267 0005
8267 0006
8267 0007
8267 0008
8267 0009
8267 0010
8267 0011
8267 0012
8291 0000
8291 0001
8291 0002
8291 0003
8291 0004
8291 0005
8291 0006
8291 0007
8291 0008
8291 0009
8291 0010
8291 0011
8291 0012
8291 0013
8291 0014
8291 0015
8291 0016
8291 0017
8291 0018
8291 0019
8294 0000
8294 0001
8294 0002
8294 0003
8294 0004
8294 0005
8294 0006
8294 0007
8294 0008
8294 0009
8294 0010
8294 0011
8294 0012
8294 0013
8294 0014
8294 0015
8294 0016
8294 0017
8294 0018
8294 0019
8294 0020
8294 0021
8294 0022
8298 0000
8298 0001
8298 0002
8298 0003
8298 0004
8298 0005
8298 0006
8298 0007
8298 0008
8298 0009
8298 0010
8298 0011
8298 0012
8298 0013
8298 0014
8298 0015
8298 0016
8298 0017
8298 0018
8298 0019
8302 0000
8302 0001
8302 0002
8302 0003
8302 0004
8302 0005
8302 0006
8302 0007
8302 0008
8302 0009
8302 0010
8302 0011
8302 0012
8302 0013
8302 0014
8302 0015
8302 0016
8302 0017
8302 0018
8302 0019
8304 0000
8304 0001
8304 0002
8304 0003
8304 0004
8304 0005
8304 0006
8304 0007
8304 0008
8304 0009
8304 0010
8304 0011
8304 0012
8304 0013
8304 0014
8304 0015
8304 0016
8304 0017
8304 0018
8304 0019
8304 0020
8304 0021
8304 0022
8304 0023
8304 0024
8304 0025
8304 0026
8304 0027
8304 0028
8305 0000
8305 0001
8305 0002
8305 0003
8305 0004
8305 0005
8305 0006
8305 0007
8305 0008
8305 0009
8305 0010
8305 0011
8305 0012
8305 0013
8305 0014
8305 0015
8305 0016
8308 0000
8308 0001
8308 0002
8308 0003
8308 0004
8308 0005
8308 0006
8308 0007
8308 0008
8308 0009
8308 0010
8308 0011
8308 0012
8308 0013
8308 0014
8308 0015
8308 0016
8310 0000
8310 0001
8310 0002
8310 0003
8310 0004
8310 0005
8310 0006
8310 0007
8310 0008
8310 0009
8310 0010
8310 0011
8310 0012
8310 0013
8310 0014
8310 0015
8310 0016
8310 0017
8310 0018
8310 0019
8310 0020
8310 0021
8310 0022
8310 0023
8310 0024
8311 0000
8311 0001
8311 0002
8311 0003
8311 0004
8311 0005
8311 0006
8311 0007
8311 0008
8311 0009
8311 0010
8311 0011
8311 0012
8311 0013
8311 0014
8311 0015
8311 0016
8311 0017
8311 0018
8311 0019
8311 0020
8311 0021
8311 0022
8311 0023
8312 0000
8312 0001
8312 0002
8312 0003
8312 0004
8312 0005
8312 0006
8312 0007
8312 0008
8312 0009
8312 0010
8312 0011
8312 0012
8312 0013
8312 0014
8312 0015
8312 0016
8312 0017
8312 0018
8312 0019
8312 0020
8312 0021
8312 0022
8313 0000
8313 0001
8313 0002
8313 0003
8313 0004
8313 0005
8313 0006
8313 0007
8313 0008
8313 0009
8313 0010
8313 0011
8313 0012
8313 0013
8313 0014
8313 0015
8313 0016
8313 0017
8313 0018
8313 0019
8313 0020
8313 0021
8313 0022
8313 0023
8313 0024
8313 0025
8317 0000
8317 0001
8317 0002
8317 0003
8317 0004
8317 0005
8317 0006
8317 0007
8317 0008
8317 0009
8317 0010
8317 0011
8317 0012
8318 0000
8318 0001
8318 0002
8318 0003
8318 0004
8318 0005
8318 0006
8318 0007
8318 0008
8318 0009
8318 0010
8318 0011
8318 0012
8318 0013
8318 0014
8318 0015
8318 0016
8318 0017
8318 0018
8318 0019
8318 0020
8318 0021
8318 0022
8318 0023
8318 0024
8318 0025
8318 0026
8318 0027
8318 0028
8318 0029
8319 0000
8319 0001
8319 0002
8319 0003
8319 0004
8319 0005
8319 0006
8319 0007
8319 0008
8319 0009
8319 0010
8319 0011
8319 0012
8319 0013
8319 0014
8319 0015
8319 0016
8319 0017
8319 0018
8319 0019
8319 0020
8319 0021
8319 0022
8319 0023
8319 0024
8319 0025
8324 0000
8324 0001
8324 0002
8324 0003
8324 0004
8324 0005
8324 0006
8324 0007
8324 0008
8324 0009
8324 0010
8324 0011
8324 0012
8324 0013
8324 0014
8324 0015
8324 0016
8324 0017
8324 0018
8324 0019
8324 0020
8324 0021
8324 0022
8324 0023
8324 0024
8324 0025
8324 0026
8329 0000
8329 0001
8329 0002
8329 0003
8329 0004
8329 0005
8329 0006
8329 0007
8329 0008
8329 0009
8329 0010
8329 0011
8329 0012
8329 0013
8329 0014
8329 0015
8330 0000
8330 0001
8330 0002
8330 0003
8330 0004
8330 0005
8330 0006
8330 0007
8330 0008
8330 0009
8330 0010
8330 0011
8330 0012
8330 0013
8330 0014
8330 0015
8330 0016
8330 0017
8330 0018
8330 0019
8330 0020
8330 0021
8330 0022
8330 0023
8330 0024
8330 0025
8330 0026
8330 0027
8331 0000
8331 0001
8331 0002
8331 0003
8331 0004
8331 0005
8331 0006
8331 0007
8331 0008
8331 0009
8331 0010
8331 0011
8331 0012
8331 0013
8331 0014
8331 0015
8331 0016
8331 0017
8332 0000
8332 0001
8332 0002
8332 0003
8332 0004
8332 0005
8332 0006
8332 0007
8332 0008
8332 0009
8332 0010
8332 0011
8332 0012
8332 0013
8332 0014
8332 0015
8332 0016
8332 0017
8332 0018
8332 0019
8337 0000
8337 0001
8337 0002
8337 0003
8337 0004
8337 0005
8337 0006
8337 0007
8337 0008
8337 0009
8337 0010
8337 0011
8337 0012
8337 0013
8337 0014
8337 0015
8337 0016
8337 0017
8337 0018
8337 0019
8337 0020
8337 0021
8337 0022
8337 0023
8337 0024
8337 0025
8350 0000
8350 0001
8350 0002
8350 0003
8350 0004
8350 0005
8350 0006
8350 0007
8350 0008
8350 0009
8350 0010
8350 0011
8350 0012
8350 0013
8350 0014
8350 0015
8350 0016
8350 0017
8350 0018
8350 0019
8350 0020
8350 0021
8350 0022
8352 0000
8352 0001
8352 0002
8352 0003
8352 0004
8352 0005
8352 0006
8352 0007
8352 0008
8352 0009
8352 0010
8352 0011
8352 0012
8352 0013
8352 0014
8352 0015
8352 0016
8352 0017
8352 0018
8352 0019
8352 0020
8352 0021
8352 0022
8352 0023
8352 0024
8352 0025
8353 0000
8353 0001
8353 0002
8353 0003
8353 0004
8353 0005
8353 0006
8353 0007
8353 0008
8353 0009
8353 0010
8353 0011
8353 0012
8353 0013
8353 0014
8353 0015
8353 0016
8353 0017
8353 0018
8353 0019
8353 0020
8353 0021
8353 0022
8353 0023
8353 0024
8353 0025
8353 0026
8353 0027
8360 0000
8360 0001
8360 0002
8360 0003
8360 0004
8360 0005
8360 0006
8360 0007
8360 0008
8360 0009
8360 0010
8360 0011
8360 0012
8360 0013
8360 0014
8360 0015
8360 0016
8360 0017
8360 0018
8360 0019
8360 0020
8360 0021
8360 0022
8360 0023
8360 0024
8360 0025
8360 0026
8365 0000
8365 0001
8365 0002
8365 0003
8365 0004
8365 0005
8365 0006
8365 0007
8365 0008
8365 0009
8365 0010
8365 0011
8365 0012
8365 0013
8365 0014
8365 0015
8365 0016
8365 0017
8365 0018
8365 0019
8365 0020
8365 0021
8365 0022
8365 0023
8365 0024
8365 0025
8365 0026
8365 0027
8365 0028
8365 0029
8367 0000
8367 0001
8367 0002
8367 0003
8367 0004
8367 0005
8367 0006
8367 0007
8367 0008
8367 0009
8367 0010
8367 0011
8367 0012
8367 0013
8367 0014
8367 0015
8367 0016
8367 0017
8367 0018
8367 0019
8367 0020
8367 0021
8367 0022
8367 0023
8367 0024
8367 0025
8368 0000
8368 0001
8368 0002
8368 0003
8368 0004
8368 0005
8368 0006
8368 0007
8368 0008
8368 0009
8368 0010
8368 0011
8368 0012
8368 0013
8370 0000
8370 0001
8370 0002
8370 0003
8370 0004
8370 0005
8370 0006
8370 0007
8370 0008
8370 0009
8370 0010
8370 0011
8370 0012
8370 0013
8370 0014
8370 0015
8370 0016
8370 0017
8370 0018
8370 0019
8370 0020
8370 0021
8370 0022
8370 0023
8370 0024
8380 0000
8380 0001
8380 0002
8380 0003
8380 0004
8380 0005
8380 0006
8380 0007
8380 0008
8380 0009
8380 0010
8380 0011
8380 0012
8380 0013
8380 0014
8380 0015
8380 0016
8380 0017
8380 0018
8380 0019
8380 0020
8380 0021
8380 0022
8380 0023
8380 0024
8389 0000
8389 0001
8389 0002
8389 0003
8389 0004
8389 0005
8389 0006
8389 0007
8389 0008
8389 0009
8389 0010
8389 0011
8389 0012
8389 0013
8389 0014
8389 0015
8389 0016
8389 0017
8389 0018
8391 0000
8391 0001
8391 0002
8391 0003
8391 0004
8391 0005
8391 0006
8391 0007
8391 0008
8391 0009
8391 0010
8391 0011
8391 0012
8391 0013
8391 0014
8391 0015
8391 0016
8391 0017
8391 0018
8391 0019
8391 0020
8391 0021
8391 0022
8391 0023
8391 0024
8393 0000
8393 0001
8393 0002
8393 0003
8393 0004
8393 0005
8393 0006
8393 0007
8393 0008
8393 0009
8393 0010
8393 0011
8393 0012
8393 0013
8393 0014
8393 0015
8393 0016
8393 0017
8393 0018
8393 0019
8395 0000
8395 0001
8395 0002
8395 0003
8395 0004
8395 0005
8395 0006
8395 0007
8395 0008
8395 0009
8395 0010
8395 0011
8395 0012
8395 0013
8395 0014
8395 0015
8395 0016
8395 0017
8395 0018
8395 0019
8395 0020
8395 0021
8395 0022
8395 0023
8395 0024
8395 0025
8395 0026
8395 0027
8407 0000
8407 0001
8407 0002
8407 0003
8407 0004
8407 0005
8407 0006
8407 0007
8407 0008
8407 0009
8407 0010
8407 0011
8407 0012
8407 0013
8407 0014
8407 0015
8407 0016
8407 0017
8407 0018
8407 0019
8407 0020
8407 0021
8407 0022
8407 0023
8407 0024
8407 0025
8407 0026
8407 0027
8407 0028
8407 0029
8407 0030
8407 0031
8407 0032
8407 0033
8418 0000
8418 0001
8418 0002
8418 0003
8418 0004
8418 0005
8418 0006
8418 0007
8418 0008
8418 0009
8418 0010
8418 0011
8418 0012
8418 0013
8418 0014
8418 0015
8418 0016
8418 0017
8418 0018
8418 0019
8418 0020
8418 0021
8418 0022
8418 0023
8418 0024
8418 0025
8418 0026
8418 0027
8418 0028
8418 0029
8419 0000
8419 0001
8419 0002
8419 0003
8419 0004
8419 0005
8419 0006
8419 0007
8419 0008
8419 0009
8419 0010
8419 0011
8419 0012
8419 0013
8419 0014
8419 0015
8419 0016
8419 0017
8419 0018
8419 0019
8419 0020
8420 0000
8420 0001
8420 0002
8420 0003
8420 0004
8420 0005
8420 0006
8420 0007
8420 0008
8420 0009
8420 0010
8420 0011
8420 0012
8423 0000
8423 0001
8423 0002
8423 0003
8423 0004
8423 0005
8423 0006
8423 0007
8423 0008
8423 0009
8423 0010
8423 0011
8423 0012
8423 0013
8423 0014
8423 0015
8423 0016
8423 0017
8423 0018
8423 0019
8423 0020
8423 0021
8423 0022
8423 0023
8423 0024
8423 0025
8423 0026
8423 0027
8423 0028
8424 0000
8424 0001
8424 0002
8424 0003
8424 0004
8424 0005
8424 0006
8424 0007
8424 0008
8424 0009
8424 0010
8424 0011
8424 0012
8424 0013
8424 0014
8424 0015
8424 0016
8424 0017
8424 0018
8424 0019
8424 0020
8424 0021
8424 0022
8424 0023
8424 0024
8424 0025
8424 0026
8424 0027
8424 0028
8424 0029
8428 0000
8428 0001
8428 0002
8428 0003
8428 0004
8428 0005
8428 0006
8428 0007
8428 0008
8428 0009
8428 0010
8428 0011
8428 0012
8428 0013
8428 0014
8428 0015
8428 0016
8428 0017
8428 0018
8428 0019
8428 0020
8428 0021
8428 0022
8428 0023
8428 0024
8428 0025
8428 0026
8428 0027
8435 0000
8435 0001
8435 0002
8435 0003
8435 0004
8435 0005
8435 0006
8435 0007
8435 0008
8435 0009
8435 0010
8435 0011
8435 0012
8435 0013
8435 0014
8435 0015
8435 0016
8435 0017
8435 0018
8435 0019
8435 0020
8435 0021
8435 0022
8435 0023
8435 0024
8436 0000
8436 0001
8436 0002
8436 0003
8436 0004
8436 0005
8436 0006
8436 0007
8436 0008
8436 0009
8436 0010
8436 0011
8436 0012
8436 0013
8442 0000
8442 0001
8442 0002
8442 0003
8442 0004
8442 0005
8442 0006
8442 0007
8442 0008
8442 0009
8442 0010
8442 0011
8442 0012
8442 0013
8442 0014
8442 0015
8442 0016
8442 0017
8445 0000
8445 0001
8445 0002
8445 0003
8445 0004
8445 0005
8445 0006
8445 0007
8445 0008
8445 0009
8445 0010
8445 0011
8445 0012
8445 0013
8445 0014
8445 0015
8445 0016
8445 0017
8454 0000
8454 0001
8454 0002
8454 0003
8454 0004
8454 0005
8454 0006
8454 0007
8454 0008
8454 0009
8454 0010
8454 0011
8454 0012
8454 0013
8454 0014
8454 0015
8454 0016
8454 0017
8454 0018
8454 0019
8454 0020
8454 0021
8454 0022
8454 0023
8458 0000
8458 0001
8458 0002
8458 0003
8458 0004
8458 0005
8458 0006
8458 0007
8458 0008
8458 0009
8458 0010
8458 0011
8458 0012
8458 0013
8458 0014
8458 0015
8458 0016
8458 0017
8458 0018
8458 0019
8458 0020
8459 0000
8459 0001
8459 0002
8459 0003
8459 0004
8459 0005
8459 0006
8459 0007
8459 0008
8459 0009
8459 0010
8459 0011
8459 0012
8459 0013
8459 0014
8459 0015
8459 0016
8460 0000
8460 0001
8460 0002
8460 0003
8460 0004
8460 0005
8460 0006
8460 0007
8460 0008
8460 0009
8460 0010
8460 0011
8460 0012
8460 0013
8460 0014
8460 0015
8460 0016
8460 0017
8461 0000
8461 0001
8461 0002
8461 0003
8461 0004
8461 0005
8461 0006
8461 0007
8461 0008
8461 0009
8461 0010
8461 0011
8461 0012
8461 0013
8461 0014
8461 0015
8461 0016
8461 0017
8461 0018
8461 0019
8461 0020
8461 0021
8461 0022
8461 0023
8461 0024
8461 0025
8461 0026
8461 0027
8461 0028
8464 0000
8464 0001
8464 0002
8464 0003
8464 0004
8464 0005
8464 0006
8464 0007
8464 0008
8464 0009
8464 0010
8464 0011
8464 0012
8464 0013
8464 0014
8464 0015
8464 0016
8464 0017
8464 0018
8464 0019
8464 0020
8464 0021
8464 0022
8464 0023
8464 0024
8464 0025
8464 0026
8464 0027
8464 0028
8464 0029
8471 0000
8471 0001
8471 0002
8471 0003
8471 0004
8471 0005
8471 0006
8471 0007
8471 0008
8471 0009
8471 0010
8471 0011
8471 0012
8471 0013
8471 0014
8471 0015
8475 0000
8475 0001
8475 0002
8475 0003
8475 0004
8475 0005
8475 0006
8475 0007
8475 0008
8475 0009
8475 0010
8475 0011
8475 0012
8475 0013
8475 0014
8475 0015
8475 0016
8475 0017
8475 0018
8475 0019
8475 0020
8475 0021
8475 0022
8475 0023
8475 0024
8475 0025
8475 0026
8475 0027
8477 0000
8477 0001
8477 0002
8477 0003
8477 0004
8477 0005
8477 0006
8477 0007
8477 0008
8477 0009
8477 0010
8477 0011
8477 0012
8477 0013
8477 0014
8477 0015
8480 0000
8480 0001
8480 0002
8480 0003
8480 0004
8480 0005
8480 0006
8480 0007
8480 0008
8480 0009
8480 0010
8480 0011
8480 0012
8480 0013
8480 0014
8480 0015
8480 0016
8480 0017
8480 0018
8480 0019
8480 0020
8480 0021
8483 0000
8483 0001
8483 0002
8483 0003
8483 0004
8483 0005
8483 0006
8483 0007
8483 0008
8483 0009
8483 0010
8483 0011
8483 0012
8483 0013
8483 0014
8483 0015
8483 0016
8483 0017
8483 0018
8483 0019
8483 0020
8483 0021
8483 0022
8483 0023
8483 0024
8487 0000
8487 0001
8487 0002
8487 0003
8487 0004
8487 0005
8487 0006
8487 0007
8487 0008
8487 0009
8487 0010
8487 0011
8487 0012
8487 0013
8487 0014
8487 0015
8487 0016
8487 0017
8487 0018
8487 0019
8487 0020
8487 0021
8487 0022
8487 0023
8487 0024
8487 0025
8487 0026
8487 0027
8489 0000
8489 0001
8489 0002
8489 0003
8489 0004
8489 0005
8489 0006
8489 0007
8489 0008
8489 0009
8489 0010
8489 0011
8489 0012
8489 0013
8489 0014
8489 0015
8489 0016
8489 0017
8489 0018
8489 0019
8499 0000
8499 0001
8499 0002
8499 0003
8499 0004
8499 0005
8499 0006
8499 0007
8499 0008
8499 0009
8499 0010
8499 0011
8499 0012
8499 0013
8499 0014
8499 0015
8499 0016
8499 0017
8499 0018
8499 0019
8499 0020
8499 0021
8499 0022
8499 0023
8499 0024
8499 0025
8500 0000
8500 0001
8500 0002
8500 0003
8500 0004
8500 0005
8500 0006
8500 0007
8500 0008
8500 0009
8500 0010
8500 0011
8500 0012
8500 0013
8500 0014
8500 0015
8500 0016
8500 0017
8500 0018
8500 0019
8500 0020
8500 0021
8502 0000
8502 0001
8502 0002
8502 0003
8502 0004
8502 0005
8502 0006
8502 0007
8502 0008
8502 0009
8502 0010
8502 0011
8502 0012
8502 0013
8502 0014
8502 0015
8502 0016
8503 0000
8503 0001
8503 0002
8503 0003
8503 0004
8503 0005
8503 0006
8503 0007
8503 0008
8503 0009
8503 0010
8503 0011
8503 0012
8503 0013
8503 0014
8503 0015
8503 0016
8503 0017
8503 0018
8503 0019
8503 0020
8503 0021
8503 0022
8503 0023
8503 0024
8503 0025
8503 0026
8503 0027
8503 0028
8503 0029
8503 0030
8504 0000
8504 0001
8504 0002
8504 0003
8504 0004
8504 0005
8504 0006
8504 0007
8504 0008
8504 0009
8504 0010
8504 0011
8504 0012
8504 0013
8504 0014
8504 0015
8504 0016
8504 0017
8504 0018
8504 0019
8504 0020
8504 0021
8504 0022
8504 0023
8504 0024
8504 0025
8504 0026
8504 0027
8504 0028
8504 0029
8504 0030
8504 0031
8506 0000
8506 0001
8506 0002
8506 0003
8506 0004
8506 0005
8506 0006
8506 0007
8506 0008
8506 0009
8506 0010
8506 0011
8506 0012
8506 0013
8506 0014
8506 0015
8506 0016
8506 0017
8506 0018
8506 0019
8506 0020
8509 0000
8509 0001
8509 0002
8509 0003
8509 0004
8509 0005
8509 0006
8509 0007
8509 0008
8509 0009
8509 0010
8509 0011
8509 0012
8509 0013
8509 0014
8509 0015
8509 0016
8509 0017
8509 0018
8509 0019
8509 0020
8509 0021
8509 0022
8510 0000
8510 0001
8510 0002
8510 0003
8510 0004
8510 0005
8510 0006
8510 0007
8510 0008
8510 0009
8510 0010
8510 0011
8510 0012
8510 0013
8510 0014
8510 0015
8510 0016
8510 0017
8510 0018
8510 0019
8510 0020
8510 0021
8510 0022
8510 0023
8510 0024
8510 0025
8510 0026
8522 0000
8522 0001
8522 0002
8522 0003
8522 0004
8522 0005
8522 0006
8522 0007
8522 0008
8522 0009
8522 0010
8522 0011
8522 0012
8522 0013
8522 0014
8522 0015
8522 0016
8522 0017
8522 0018
8522 0019
8522 0020
8522 0021
8522 0022
8522 0023
8522 0024
8523 0000
8523 0001
8523 0002
8523 0003
8523 0004
8523 0005
8523 0006
8523 0007
8523 0008
8523 0009
8523 0010
8523 0011
8523 0012
8523 0013
8523 0014
8523 0015
8523 0016
8523 0017
8523 0018
8531 0000
8531 0001
8531 0002
8531 0003
8531 0004
8531 0005
8531 0006
8531 0007
8531 0008
8531 0009
8531 0010
8531 0011
8531 0012
8531 0013
8531 0014
8536 0000
8536 0001
8536 0002
8536 0003
8536 0004
8536 0005
8536 0006
8536 0007
8536 0008
8536 0009
8536 0010
8536 0011
8536 0012
8536 0013
8536 0014
8536 0015
8536 0016
8536 0017
8536 0018
8536 0019
8536 0020
8536 0021
8536 0022
8536 0023
8536 0024
8536 0025
8536 0026
8536 0027
8536 0028
8537 0000
8537 0001
8537 0002
8537 0003
8537 0004
8537 0005
8537 0006
8537 0007
8537 0008
8537 0009
8537 0010
8537 0011
8537 0012
8537 0013
8537 0014
8537 0015
8537 0016
8537 0017
8537 0018
8537 0019
8537 0020
8537 0021
8537 0022
8537 0023
8537 0024
8539 0000
8539 0001
8539 0002
8539 0003
8539 0004
8539 0005
8539 0006
8539 0007
8539 0008
8539 0009
8539 0010
8539 0011
8539 0012
8539 0013
8539 0014
8539 0015
8539 0016
8539 0017
8539 0018
8547 0000
8547 0001
8547 0002
8547 0003
8547 0004
8547 0005
8547 0006
8547 0007
8547 0008
8547 0009
8547 0010
8547 0011
8547 0012
8560 0000
8560 0001
8560 0002
8560 0003
8560 0004
8560 0005
8560 0006
8560 0007
8560 0008
8560 0009
8560 0010
8560 0011
8560 0012
8560 0013
8560 0014
8560 0015
8560 0016
8560 0017
8560 0018
8560 0019
8560 0020
8560 0021
8560 0022
8560 0023
8568 0000
8568 0001
8568 0002
8568 0003
8568 0004
8568 0005
8568 0006
8568 0007
8568 0008
8568 0009
8568 0010
8568 0011
8568 0012
8568 0013
8568 0014
8568 0015
8568 0016
8568 0017
8568 0018
8568 0019
8574 0000
8574 0001
8574 0002
8574 0003
8574 0004
8574 0005
8574 0006
8574 0007
8574 0008
8574 0009
8574 0010
8574 0011
8574 0012
8574 0013
8574 0014
8574 0015
8574 0016
8574 0017
8574 0018
8576 0000
8576 0001
8576 0002
8576 0003
8576 0004
8576 0005
8576 0006
8576 0007
8576 0008
8576 0009
8576 0010
8576 0011
8576 0012
8576 0013
8576 0014
8576 0015
8576 0016
8576 0017
8576 0018
8576 0019
8576 0020
8576 0021
8576 0022
8576 0023
8576 0024
8580 0000
8580 0001
8580 0002
8580 0003
8580 0004
8580 0005
8580 0006
8580 0007
8580 0008
8580 0009
8580 0010
8580 0011
8580 0012
8580 0013
8580 0014
8580 0015
8582 0000
8582 0001
8582 0002
8582 0003
8582 0004
8582 0005
8582 0006
8582 0007
8582 0008
8582 0009
8582 0010
8582 0011
8582 0012
8582 0013
8582 0014
8582 0015
8584 0000
8584 0001
8584 0002
8584 0003
8584 0004
8584 0005
8584 0006
8584 0007
8584 0008
8584 0009
8584 0010
8584 0011
8584 0012
8584 0013
8584 0014
8584 0015
8584 0016
8584 0017
8584 0018
8584 0019
8584 0020
8584 0021
8584 0022
8584 0023
8584 0024
8597 0000
8597 0001
8597 0002
8597 0003
8597 0004
8597 0005
8597 0006
8597 0007
8597 0008
8597 0009
8597 0010
8597 0011
8597 0012
8597 0013
8597 0014
8597 0015
8597 0016
8597 0017
8597 0018
8597 0019
8597 0020
8597 0021
8597 0022
8597 0023
8597 0024
8597 0025
8597 0026
8599 0000
8599 0001
8599 0002
8599 0003
8599 0004
8599 0005
8599 0006
8599 0007
8599 0008
8599 0009
8599 0010
8599 0011
8599 0012
8599 0013
8599 0014
8599 0015
8599 0016
8599 0017
8599 0018
8599 0019
8599 0020
8599 0021
8603 0000
8603 0001
8603 0002
8603 0003
8603 0004
8603 0005
8603 0006
8603 0007
8603 0008
8603 0009
8603 0010
8603 0011
8603 0012
8603 0013
8603 0014
8603 0015
8603 0016
8603 0017
8603 0018
8603 0019
8603 0020
8603 0021
8603 0022
8603 0023
8603 0024
8603 0025
8603 0026
8603 0027
8603 0028
8604 0000
8604 0001
8604 0002
8604 0003
8604 0004
8604 0005
8604 0006
8604 0007
8604 0008
8604 0009
8604 0010
8604 0011
8604 0012
8604 0013
8604 0014
8614 0000
8614 0001
8614 0002
8614 0003
8614 0004
8614 0005
8614 0006
8614 0007
8614 0008
8614 0009
8614 0010
8614 0011
8614 0012
8614 0013
8614 0014
8614 0015
8614 0016
8614 0017
8614 0018
8614 0019
8614 0020
8614 0021
8614 0022
8614 0023
8614 0024
8614 0025
8616 0000
8616 0001
8616 0002
8616 0003
8616 0004
8616 0005
8616 0006
8616 0007
8616 0008
8616 0009
8616 0010
8616 0011
8616 0012
8616 0013
8616 0014
8616 0015
8616 0016
8616 0017
8616 0018
8616 0019
8616 0020
8616 0021
8616 0022
8616 0023
8616 0024
8616 0025
8616 0026
8616 0027
8616 0028
8617 0000
8617 0001
8617 0002
8617 0003
8617 0004
8617 0005
8617 0006
8617 0007
8617 0008
8617 0009
8617 0010
8617 0011
8617 0012
8617 0013
8617 0014
8617 0015
8617 0016
8617 0017
8617 0018
8617 0019
8617 0020
8617 0021
8617 0022
8617 0023
8617 0024
8617 0025
8617 0026
8617 0027
8617 0028
8621 0000
8621 0001
8621 0002
8621 0003
8621 0004
8621 0005
8621 0006
8621 0007
8621 0008
8621 0009
8621 0010
8621 0011
8621 0012
8621 0013
8621 0014
8621 0015
8621 0016
8621 0017
8621 0018
8622 0000
8622 0001
8622 0002
8622 0003
8622 0004
8622 0005
8622 0006
8622 0007
8622 0008
8622 0009
8622 0010
8622 0011
8622 0012
8622 0013
8622 0014
8622 0015
8622 0016
8622 0017
8622 0018
8622 0019
8622 0020
8622 0021
8622 0022
8622 0023
8622 0024
8622 0025
8622 0026
8622 0027
8622 0028
8622 0029
8622 0030
8623 0000
8623 0001
8623 0002
8623 0003
8623 0004
8623 0005
8623 0006
8623 0007
8623 0008
8623 0009
8623 0010
8623 0011
8623 0012
8623 0013
8623 0014
8623 0015
8623 0016
8623 0017
8623 0018
8623 0019
8624 0000
8624 0001
8624 0002
8624 0003
8624 0004
8624 0005
8624 0006
8624 0007
8624 0008
8624 0009
8624 0010
8624 0011
8624 0012
8624 0013
8624 0014
8624 0015
8624 0016
8624 0017
8624 0018
8624 0019
8625 0000
8625 0001
8625 0002
8625 0003
8625 0004
8625 0005
8625 0006
8625 0007
8625 0008
8625 0009
8625 0010
8625 0011
8625 0012
8625 0013
8629 0000
8629 0001
8629 0002
8629 0003
8629 0004
8629 0005
8629 0006
8629 0007
8629 0008
8629 0009
8629 0010
8629 0011
8629 0012
8629 0013
8629 0014
8629 0015
8629 0016
8629 0017
8629 0018
8629 0019
8629 0020
8629 0021
8629 0022
8629 0023
8629 0024
8629 0025
8629 0026
8629 0027
8629 0028
8629 0029
8629 0030
8629 0031
8634 0000
8634 0001
8634 0002
8634 0003
8634 0004
8634 0005
8634 0006
8634 0007
8634 0008
8634 0009
8634 0010
8634 0011
8634 0012
8634 0013
8634 0014
8634 0015
8634 0016
8634 0017
8634 0018
8634 0019
8634 0020
8634 0021
8634 0022
8635 0000
8635 0001
8635 0002
8635 0003
8635 0004
8635 0005
8635 0006
8635 0007
8635 0008
8635 0009
8635 0010
8635 0011
8635 0012
8635 0013
8635 0014
8635 0015
8641 0000
8641 0001
8641 0002
8641 0003
8641 0004
8641 0005
8641 0006
8641 0007
8641 0008
8641 0009
8641 0010
8641 0011
8641 0012
8641 0013
8641 0014
8641 0015
8641 0016
8641 0017
8641 0018
8641 0019
8642 0000
8642 0001
8642 0002
8642 0003
8642 0004
8642 0005
8642 0006
8642 0007
8642 0008
8642 0009
8642 0010
8642 0011
8642 0012
8642 0013
8644 0000
8644 0001
8644 0002
8644 0003
8644 0004
8644 0005
8644 0006
8644 0007
8644 0008
8644 0009
8644 0010
8644 0011
8644 0012
8644 0013
8644 0014
8644 0015
8644 0016
8644 0017
8644 0018
8644 0019
8644 0020
8644 0021
8644 0022
8644 0023
8644 0024
8644 0025
8644 0026
8644 0027
8652 0000
8652 0001
8652 0002
8652 0003
8652 0004
8652 0005
8652 0006
8652 0007
8652 0008
8652 0009
8652 0010
8652 0011
8652 0012
8652 0013
8657 0000
8657 0001
8657 0002
8657 0003
8657 0004
8657 0005
8657 0006
8657 0007
8657 0008
8657 0009
8657 0010
8657 0011
8657 0012
8657 0013
8657 0014
8657 0015
8657 0016
8657 0017
8657 0018
8657 0019
8657 0020
8657 0021
8657 0022
8657 0023
8657 0024
8657 0025
8657 0026
8657 0027
8657 0028
8657 0029
8663 0000
8663 0001
8663 0002
8663 0003
8663 0004
8663 0005
8663 0006
8663 0007
8663 0008
8663 0009
8663 0010
8663 0011
8663 0012
8663 0013
8663 0014
8663 0015
8663 0016
8663 0017
8663 0018
8663 0019
8663 0020
8663 0021
8665 0000
8665 0001
8665 0002
8665 0003
8665 0004
8665 0005
8665 0006
8665 0007
8665 0008
8665 0009
8665 0010
8665 0011
8665 0012
8665 0013
8665 0014
8665 0015
8665 0016
8676 0000
8676 0001
8676 0002
8676 0003
8676 0004
8676 0005
8676 0006
8676 0007
8676 0008
8676 0009
8676 0010
8676 0011
8676 0012
8676 0013
8676 0014
8676 0015
8676 0016
8676 0017
8676 0018
8676 0019
8676 0020
8676 0021
8676 0022
8676 0023
8676 0024
8676 0025
8676 0026
8676 0027
8676 0028
8676 0029
8676 0030
8684 0000
8684 0001
8684 0002
8684 0003
8684 0004
8684 0005
8684 0006
8684 0007
8684 0008
8684 0009
8684 0010
8684 0011
8684 0012
8684 0013
8684 0014
8684 0015
8684 0016
8684 0017
8684 0018
8684 0019
8684 0020
8684 0021
8685 0000
8685 0001
8685 0002
8685 0003
8685 0004
8685 0005
8685 0006
8685 0007
8685 0008
8685 0009
8685 0010
8685 0011
8685 0012
8685 0013
8685 0014
8685 0015
8685 0016
8685 0017
8685 0018
8685 0019
8685 0020
8685 0021
8685 0022
8689 0000
8689 0001
8689 0002
8689 0003
8689 0004
8689 0005
8689 0006
8689 0007
8689 0008
8689 0009
8689 0010
8689 0011
8689 0012
8689 0013
8689 0014
8689 0015
8689 0016
8689 0017
8689 0018
8690 0000
8690 0001
8690 0002
8690 0003
8690 0004
8690 0005
8690 0006
8690 0007
8690 0008
8690 0009
8690 0010
8690 0011
8690 0012
8690 0013
8690 0014
8690 0015
8690 0016
8690 0017
8690 0018
8690 0019
8690 0020
8690 0021
8690 0022
8694 0000
8694 0001
8694 0002
8694 0003
8694 0004
8694 0005
8694 0006
8694 0007
8694 0008
8694 0009
8694 0010
8694 0011
8694 0012
8694 0013
8694 0014
8694 0015
8694 0016
8694 0017
8694 0018
8694 0019
8694 0020
8694 0021
8694 0022
8694 0023
8694 0024
8694 0025
8694 0026
8694 0027
8694 0028
8694 0029
8694 0030
8694 0031
8694 0032
8695 0000
8695 0001
8695 0002
8695 0003
8695 0004
8695 0005
8695 0006
8695 0007
8695 0008
8695 0009
8695 0010
8695 0011
8695 0012
8695 0013
8695 0014
8695 0015
8695 0016
8695 0017
8695 0018
8695 0019
8695 0020
8695 0021
8695 0022
8695 0023
8695 0024
8695 0025
8695 0026
8695 0027
8695 0028
8695 0029
8696 0000
8696 0001
8696 0002
8696 0003
8696 0004
8696 0005
8696 0006
8696 0007
8696 0008
8696 0009
8696 0010
8696 0011
8696 0012
8696 0013
8696 0014
8696 0015
8696 0016
8696 0017
8696 0018
8696 0019
8696 0020
8696 0021
8696 0022
8696 0023
8696 0024
8702 0000
8702 0001
8702 0002
8702 0003
8702 0004
8702 0005
8702 0006
8702 0007
8702 0008
8702 0009
8702 0010
8702 0011
8702 0012
8702 0013
8704 0000
8704 0001
8704 0002
8704 0003
8704 0004
8704 0005
8704 0006
8704 0007
8704 0008
8704 0009
8704 0010
8704 0011
8704 0012
8704 0013
8704 0014
8704 0015
8704 0016
8704 0017
8704 0018
8704 0019
8704 0020
8704 0021
8704 0022
8704 0023
8704 0024
8704 0025
8704 0026
8704 0027
8704 0028
8704 0029
8704 0030
8705 0000
8705 0001
8705 0002
8705 0003
8705 0004
8705 0005
8705 0006
8705 0007
8705 0008
8705 0009
8705 0010
8705 0011
8705 0012
8705 0013
8705 0014
8705 0015
8705 0016
8705 0017
8709 0000
8709 0001
8709 0002
8709 0003
8709 0004
8709 0005
8709 0006
8709 0007
8709 0008
8709 0009
8709 0010
8709 0011
8709 0012
8709 0013
8709 0014
8709 0015
8709 0016
8709 0017
8709 0018
8709 0019
8709 0020
8714 0000
8714 0001
8714 0002
8714 0003
8714 0004
8714 0005
8714 0006
8714 0007
8714 0008
8714 0009
8714 0010
8714 0011
8714 0012
8714 0013
8714 0014
8714 0015
8717 0000
8717 0001
8717 0002
8717 0003
8717 0004
8717 0005
8717 0006
8717 0007
8717 0008
8717 0009
8717 0010
8717 0011
8717 0012
8717 0013
8717 0014
8717 0015
8717 0016
8717 0017
8717 0018
8717 0019
8717 0020
8717 0021
8719 0000
8719 0001
8719 0002
8719 0003
8719 0004
8719 0005
8719 0006
8719 0007
8719 0008
8719 0009
8719 0010
8719 0011
8719 0012
8719 0013
8732 0000
8732 0001
8732 0002
8732 0003
8732 0004
8732 0005
8732 0006
8732 0007
8732 0008
8732 0009
8732 0010
8732 0011
8732 0012
8732 0013
8732 0014
8732 0015
8732 0016
8732 0017
8732 0018
8732 0019
8732 0020
8732 0021
8732 0022
8732 0023
8736 0000
8736 0001
8736 0002
8736 0003
8736 0004
8736 0005
8736 0006
8736 0007
8736 0008
8736 0009
8736 0010
8736 0011
8736 0012
8736 0013
8736 0014
8736 0015
8736 0016
8736 0017
8736 0018
8736 0019
8736 0020
8736 0021
8736 0022
8736 0023
8736 0024
8736 0025
8736 0026
8745 0000
8745 0001
8745 0002
8745 0003
8745 0004
8745 0005
8745 0006
8745 0007
8745 0008
8745 0009
8745 0010
8745 0011
8745 0012
8745 0013
8745 0014
8745 0015
8745 0016
8745 0017
8745 0018
8745 0019
8745 0020
8745 0021
8745 0022
8745 0023
8746 0000
8746 0001
8746 0002
8746 0003
8746 0004
8746 0005
8746 0006
8746 0007
8746 0008
8746 0009
8746 0010
8746 0011
8746 0012
8746 0013
8746 0014
8746 0015
8746 0016
8746 0017
8754 0000
8754 0001
8754 0002
8754 0003
8754 0004
8754 0005
8754 0006
8754 0007
8754 0008
8754 0009
8754 0010
8754 0011
8754 0012
8754 0013
8754 0014
8754 0015
8754 0016
8754 0017
8754 0018
8754 0019
8754 0020
8754 0021
8754 0022
8754 0023
8754 0024
8754 0025
8754 0026
8754 0027
8754 0028
8756 0000
8756 0001
8756 0002
8756 0003
8756 0004
8756 0005
8756 0006
8756 0007
8756 0008
8756 0009
8756 0010
8756 0011
8756 0012
8756 0013
8756 0014
8756 0015
8756 0016
8756 0017
8756 0018
8756 0019
8756 0020
8756 0021
8756 0022
8756 0023
8756 0024
8756 0025
8756 0026
8756 0027
8757 0000
8757 0001
8757 0002
8757 0003
8757 0004
8757 0005
8757 0006
8757 0007
8757 0008
8757 0009
8757 0010
8757 0011
8757 0012
8757 0013
8757 0014
8757 0015
8757 0016
8757 0017
8757 0018
8757 0019
8759 0000
8759 0001
8759 0002
8759 0003
8759 0004
8759 0005
8759 0006
8759 0007
8759 0008
8759 0009
8759 0010
8759 0011
8759 0012
8759 0013
8759 0014
8759 0015
8759 0016
8759 0017
8760 0000
8760 0001
8760 0002
8760 0003
8760 0004
8760 0005
8760 0006
8760 0007
8760 0008
8760 0009
8760 0010
8760 0011
8760 0012
8760 0013
8760 0014
8760 0015
8760 0016
8760 0017
8760 0018
8760 0019
8760 0020
8760 0021
8760 0022
8762 0000
8762 0001
8762 0002
8762 0003
8762 0004
8762 0005
8762 0006
8762 0007
8762 0008
8762 0009
8762 0010
8762 0011
8762 0012
8762 0013
8762 0014
8762 0015
8762 0016
8762 0017
8762 0018
8762 0019
8762 0020
8762 0021
8762 0022
8762 0023
8762 0024
8762 0025
8766 0000
8766 0001
8766 0002
8766 0003
8766 0004
8766 0005
8766 0006
8766 0007
8766 0008
8766 0009
8766 0010
8766 0011
8766 0012
8766 0013
8766 0014
8766 0015
8766 0016
8766 0017
8766 0018
8766 0019
8766 0020
8766 0021
8766 0022
8766 0023
8767 0000
8767 0001
8767 0002
8767 0003
8767 0004
8767 0005
8767 0006
8767 0007
8767 0008
8767 0009
8767 0010
8767 0011
8767 0012
8767 0013
8767 0014
8767 0015
8767 0016
8767 0017
8767 0018
8767 0019
8767 0020
8767 0021
8767 0022
8767 0023
8767 0024
8767 0025
8767 0026
8774 0000
8774 0001
8774 0002
8774 0003
8774 0004
8774 0005
8774 0006
8774 0007
8774 0008
8774 0009
8774 0010
8774 0011
8774 0012
8774 0013
8774 0014
8774 0015
8774 0016
8774 0017
8774 0018
8774 0019
8774 0020
8774 0021
8774 0022
8774 0023
8774 0024
8776 0000
8776 0001
8776 0002
8776 0003
8776 0004
8776 0005
8776 0006
8776 0007
8776 0008
8776 0009
8776 0010
8776 0011
8776 0012
8776 0013
8776 0014
8776 0015
8776 0016
8776 0017
8776 0018
8776 0019
8776 0020
8776 0021
8776 0022
8776 0023
8778 0000
8778 0001
8778 0002
8778 0003
8778 0004
8778 0005
8778 0006
8778 0007
8778 0008
8778 0009
8778 0010
8778 0011
8778 0012
8778 0013
8778 0014
8778 0015
8782 0000
8782 0001
8782 0002
8782 0003
8782 0004
8782 0005
8782 0006
8782 0007
8782 0008
8782 0009
8782 0010
8782 0011
8782 0012
8782 0013
8782 0014
8782 0015
8782 0016
8782 0017
8786 0000
8786 0001
8786 0002
8786 0003
8786 0004
8786 0005
8786 0006
8786 0007
8786 0008
8786 0009
8786 0010
8786 0011
8786 0012
8786 0013
8786 0014
8786 0015
8786 0016
8786 0017
8792 0000
8792 0001
8792 0002
8792 0003
8792 0004
8792 0005
8792 0006
8792 0007
8792 0008
8792 0009
8792 0010
8792 0011
8792 0012
8792 0013
8792 0014
8792 0015
8792 0016
8792 0017
8806 0000
8806 0001
8806 0002
8806 0003
8806 0004
8806 0005
8806 0006
8806 0007
8806 0008
8806 0009
8806 0010
8806 0011
8806 0012
8806 0013
8806 0014
8806 0015
8806 0016
8806 0017
8806 0018
8806 0019
8815 0000
8815 0001
8815 0002
8815 0003
8815 0004
8815 0005
8815 0006
8815 0007
8815 0008
8815 0009
8815 0010
8815 0011
8815 0012
8815 0013
8815 0014
8815 0015
8815 0016
8815 0017
8815 0018
8815 0019
8815 0020
8815 0021
8820 0000
8820 0001
8820 0002
8820 0003
8820 0004
8820 0005
8820 0006
8820 0007
8820 0008
8820 0009
8820 0010
8820 0011
8820 0012
8820 0013
8820 0014
8820 0015
8820 0016
8820 0017
8820 0018
8820 0019
8820 0020
8820 0021
8820 0022
8820 0023
8820 0024
8820 0025
8820 0026
8820 0027
8827 0000
8827 0001
8827 0002
8827 0003
8827 0004
8827 0005
8827 0006
8827 0007
8827 0008
8827 0009
8827 0010
8827 0011
8827 0012
8827 0013
8827 0014
8827 0015
8827 0016
8827 0017
8827 0018
8827 0019
8827 0020
8827 0021
8827 0022
8827 0023
8827 0024
8827 0025
8827 0026
8827 0027
8827 0028
8827 0029
8827 0030
8828 0000
8828 0001
8828 0002
8828 0003
8828 0004
8828 0005
8828 0006
8828 0007
8828 0008
8828 0009
8828 0010
8828 0011
8828 0012
8828 0013
8828 0014
8828 0015
8828 0016
8828 0017
8828 0018
8828 0019
8828 0020
8828 0021
8828 0022
8828 0023
8828 0024
8828 0025
8828 0026
8828 0027
8828 0028
8828 0029
8830 0000
8830 0001
8830 0002
8830 0003
8830 0004
8830 0005
8830 0006
8830 0007
8830 0008
8830 0009
8830 0010
8830 0011
8830 0012
8830 0013
8830 0014
8830 0015
8830 0016
8830 0017
8830 0018
8830 0019
8830 0020
8830 0021
8830 0022
8832 0000
8832 0001
8832 0002
8832 0003
8832 0004
8832 0005
8832 0006
8832 0007
8832 0008
8832 0009
8832 0010
8832 0011
8832 0012
8832 0013
8832 0014
8832 0015
8832 0016
8832 0017
8832 0018
8832 0019
8832 0020
8832 0021
8832 0022
8832 0023
8832 0024
8832 0025
8832 0026
8834 0000
8834 0001
8834 0002
8834 0003
8834 0004
8834 0005
8834 0006
8834 0007
8834 0008
8834 0009
8834 0010
8834 0011
8834 0012
8834 0013
8834 0014
8834 0015
8834 0016
8834 0017
8836 0000
8836 0001
8836 0002
8836 0003
8836 0004
8836 0005
8836 0006
8836 0007
8836 0008
8836 0009
8836 0010
8836 0011
8836 0012
8836 0013
8836 0014
8836 0015
8836 0016
8836 0017
8836 0018
8836 0019
8836 0020
8836 0021
8836 0022
8836 0023
8836 0024
8841 0000
8841 0001
8841 0002
8841 0003
8841 0004
8841 0005
8841 0006
8841 0007
8841 0008
8841 0009
8841 0010
8841 0011
8841 0012
8841 0013
8841 0014
8841 0015
8841 0016
8841 0017
8841 0018
8841 0019
8841 0020
8841 0021
8841 0022
8841 0023
8846 0000
8846 0001
8846 0002
8846 0003
8846 0004
8846 0005
8846 0006
8846 0007
8846 0008
8846 0009
8846 0010
8846 0011
8846 0012
8846 0013
8846 0014
8846 0015
8846 0016
8848 0000
8848 0001
8848 0002
8848 0003
8848 0004
8848 0005
8848 0006
8848 0007
8848 0008
8848 0009
8848 0010
8848 0011
8848 0012
8848 0013
8848 0014
8848 0015
8848 0016
8848 0017
8848 0018
8848 0019
8848 0020
8848 0021
8848 0022
8848 0023
8848 0024
8848 0025
8848 0026
8848 0027
8848 0028
8850 0000
8850 0001
8850 0002
8850 0003
8850 0004
8850 0005
8850 0006
8850 0007
8850 0008
8850 0009
8850 0010
8850 0011
8850 0012
8850 0013
8850 0014
8850 0015
8850 0016
8850 0017
8855 0000
8855 0001
8855 0002
8855 0003
8855 0004
8855 0005
8855 0006
8855 0007
8855 0008
8855 0009
8855 0010
8855 0011
8855 0012
8855 0013
8856 0000
8856 0001
8856 0002
8856 0003
8856 0004
8856 0005
8856 0006
8856 0007
8856 0008
8856 0009
8856 0010
8856 0011
8856 0012
8856 0013
8856 0014
8856 0015
8856 0016
8856 0017
8856 0018
8856 0019
8856 0020
8856 0021
8856 0022
8856 0023
8856 0024
8860 0000
8860 0001
8860 0002
8860 0003
8860 0004
8860 0005
8860 0006
8860 0007
8860 0008
8860 0009
8860 0010
8860 0011
8860 0012
8860 0013
8860 0014
8860 0015
8860 0016
8860 0017
8863 0000
8863 0001
8863 0002
8863 0003
8863 0004
8863 0005
8863 0006
8863 0007
8863 0008
8863 0009
8863 0010
8863 0011
8863 0012
8863 0013
8863 0014
8863 0015
8863 0016
8863 0017
8863 0018
8863 0019
8863 0020
8863 0021
8863 0022
8863 0023
8863 0024
8863 0025
8863 0026
8863 0027
8863 0028
8865 0000
8865 0001
8865 0002
8865 0003
8865 0004
8865 0005
8865 0006
8865 0007
8865 0008
8865 0009
8865 0010
8865 0011
8865 0012
8865 0013
8865 0014
8865 0015
8869 0000
8869 0001
8869 0002
8869 0003
8869 0004
8869 0005
8869 0006
8869 0007
8869 0008
8869 0009
8869 0010
8869 0011
8869 0012
8869 0013
8869 0014
8869 0015
8869 0016
8869 0017
8869 0018
8871 0000
8871 0001
8871 0002
8871 0003
8871 0004
8871 0005
8871 0006
8871 0007
8871 0008
8871 0009
8871 0010
8871 0011
8871 0012
8871 0013
8871 0014
8871 0015
8871 0016
8871 0017
8871 0018
8871 0019
8871 0020
8871 0021
8874 0000
8874 0001
8874 0002
8874 0003
8874 0004
8874 0005
8874 0006
8874 0007
8874 0008
8874 0009
8874 0010
8874 0011
8874 0012
8874 0013
8874 0014
8874 0015
8874 0016
8874 0017
8874 0018
8874 0019
8874 0020
8874 0021
8874 0022
8874 0023
8874 0024
8874 0025
8874 0026
8874 0027
8874 0028
8876 0000
8876 0001
8876 0002
8876 0003
8876 0004
8876 0005
8876 0006
8876 0007
8876 0008
8882 0000
8882 0001
8882 0002
8882 0003
8882 0004
8882 0005
8882 0006
8882 0007
8882 0008
8882 0009
8882 0010
8882 0011
8882 0012
8882 0013
8882 0014
8882 0015
8882 0016
8882 0017
8887 0000
8887 0001
8887 0002
8887 0003
8887 0004
8887 0005
8887 0006
8887 0007
8887 0008
8887 0009
8887 0010
8887 0011
8887 0012
8887 0013
8887 0014
8887 0015
8887 0016
8887 0017
8887 0018
8887 0019
8887 0020
8887 0021
8887 0022
8891 0000
8891 0001
8891 0002
8891 0003
8891 0004
8891 0005
8891 0006
8891 0007
8891 0008
8891 0009
8891 0010
8891 0011
8891 0012
8891 0013
8891 0014
8891 0015
8891 0016
8898 0000
8898 0001
8898 0002
8898 0003
8898 0004
8898 0005
8898 0006
8898 0007
8898 0008
8898 0009
8898 0010
8898 0011
8898 0012
8898 0013
8898 0014
8898 0015
8898 0016
8898 0017
8898 0018
8898 0019
8898 0020
8898 0021
8898 0022
8898 0023
8903 0000
8903 0001
8903 0002
8903 0003
8903 0004
8903 0005
8903 0006
8903 0007
8903 0008
8903 0009
8903 0010
8903 0011
8903 0012
8903 0013
8903 0014
8903 0015
8903 0016
8903 0017
8903 0018
8903 0019
8903 0020
8903 0021
8903 0022
8903 0023
8903 0024
8907 0000
8907 0001
8907 0002
8907 0003
8907 0004
8907 0005
8907 0006
8907 0007
8907 0008
8907 0009
8907 0010
8907 0011
8907 0012
8907 0013
8907 0014
8907 0015
8907 0016
8907 0017
8907 0018
8907 0019
8907 0020
8907 0021
8907 0022
8907 0023
8909 0000
8909 0001
8909 0002
8909 0003
8909 0004
8909 0005
8909 0006
8909 0007
8909 0008
8909 0009
8909 0010
8909 0011
8909 0012
8909 0013
8909 0014
8909 0015
8909 0016
8914 0000
8914 0001
8914 0002
8914 0003
8914 0004
8914 0005
8914 0006
8914 0007
8914 0008
8914 0009
8914 0010
8914 0011
8914 0012
8914 0013
8914 0014
8914 0015
8914 0016
8914 0017
8914 0018
8914 0019
8914 0020
8919 0000
8919 0001
8919 0002
8919 0003
8919 0004
8919 0005
8919 0006
8919 0007
8919 0008
8919 0009
8919 0010
8919 0011
8919 0012
8919 0013
8919 0014
8919 0015
8919 0016
8919 0017
8919 0018
8919 0019
8919 0020
8919 0021
8919 0022
8919 0023
8919 0024
8919 0025
8919 0026
8919 0027
8921 0000
8921 0001
8921 0002
8921 0003
8921 0004
8921 0005
8921 0006
8921 0007
8921 0008
8921 0009
8921 0010
8921 0011
8921 0012
8921 0013
8921 0014
8921 0015
8921 0016
8921 0017
8921 0018
8921 0019
8921 0020
8921 0021
8921 0022
8930 0000
8930 0001
8930 0002
8930 0003
8930 0004
8930 0005
8930 0006
8930 0007
8930 0008
8930 0009
8930 0010
8930 0011
8930 0012
8930 0013
8930 0014
8940 0000
8940 0001
8940 0002
8940 0003
8940 0004
8940 0005
8940 0006
8940 0007
8940 0008
8940 0009
8940 0010
8940 0011
8940 0012
8940 0013
8940 0014
8940 0015
8940 0016
8945 0000
8945 0001
8945 0002
8945 0003
8945 0004
8945 0005
8945 0006
8945 0007
8945 0008
8945 0009
8945 0010
8945 0011
8945 0012
8945 0013
8945 0014
8945 0015
8945 0016
8945 0017
8945 0018
8945 0019
8945 0020
8945 0021
8945 0022
8945 0023
8945 0024
8945 0025
8945 0026
8945 0027
8945 0028
8945 0029
8948 0000
8948 0001
8948 0002
8948 0003
8948 0004
8948 0005
8948 0006
8948 0007
8948 0008
8948 0009
8948 0010
8948 0011
8948 0012
8948 0013
8948 0014
8948 0015
8948 0016
8948 0017
8948 0018
8948 0019
8948 0020
8948 0021
8948 0022
8948 0023
8948 0024
8949 0000
8949 0001
8949 0002
8949 0003
8949 0004
8949 0005
8949 0006
8949 0007
8949 0008
8949 0009
8949 0010
8949 0011
8949 0012
8949 0013
8949 0014
8949 0015
8949 0016
8949 0017
8949 0018
8951 0000
8951 0001
8951 0002
8951 0003
8951 0004
8951 0005
8951 0006
8951 0007
8951 0008
8951 0009
8951 0010
8951 0011
8951 0012
8951 0013
8951 0014
8951 0015
8951 0016
8951 0017
8951 0018
8952 0000
8952 0001
8952 0002
8952 0003
8952 0004
8952 0005
8952 0006
8952 0007
8952 0008
8952 0009
8952 0010
8952 0011
8952 0012
8952 0013
8952 0014
8952 0015
8952 0016
8952 0017
8952 0018
8952 0019
8952 0020
8957 0000
8957 0001
8957 0002
8957 0003
8957 0004
8957 0005
8957 0006
8957 0007
8957 0008
8957 0009
8957 0010
8957 0011
8957 0012
8957 0013
8957 0014
8957 0015
8957 0016
8960 0000
8960 0001
8960 0002
8960 0003
8960 0004
8960 0005
8960 0006
8960 0007
8960 0008
8960 0009
8960 0010
8960 0011
8960 0012
8960 0013
8960 0014
8960 0015
8960 0016
8960 0017
8960 0018
8960 0019
8960 0020
8960 0021
8960 0022
8960 0023
8960 0024
8960 0025
8960 0026
8960 0027
8960 0028
8961 0000
8961 0001
8961 0002
8961 0003
8961 0004
8961 0005
8961 0006
8961 0007
8961 0008
8961 0009
8961 0010
8961 0011
8961 0012
8961 0013
8961 0014
8961 0015
8961 0016
8961 0017
8961 0018
8961 0019
8961 0020
8961 0021
8961 0022
8964 0000
8964 0001
8964 0002
8964 0003
8964 0004
8964 0005
8964 0006
8964 0007
8964 0008
8964 0009
8964 0010
8964 0011
8964 0012
8964 0013
8964 0014
8964 0015
8970 0000
8970 0001
8970 0002
8970 0003
8970 0004
8970 0005
8970 0006
8970 0007
8970 0008
8970 0009
8970 0010
8970 0011
8970 0012
8970 0013
8970 0014
8970 0015
8970 0016
8970 0017
8970 0018
8970 0019
8970 0020
8973 0000
8973 0001
8973 0002
8973 0003
8973 0004
8973 0005
8973 0006
8973 0007
8973 0008
8973 0009
8973 0010
8973 0011
8973 0012
8973 0013
8973 0014
8973 0015
8973 0016
8973 0017
8973 0018
8973 0019
8973 0020
8973 0021
8973 0022
8973 0023
8973 0024
8975 0000
8975 0001
8975 0002
8975 0003
8975 0004
8975 0005
8975 0006
8975 0007
8975 0008
8975 0009
8975 0010
8975 0011
8975 0012
8975 0013
8975 0014
8975 0015
8975 0016
8975 0017
8975 0018
8975 0019
8975 0020
8975 0021
8975 0022
8975 0023
8975 0024
8975 0025
8975 0026
8975 0027
8975 0028
8975 0029
8975 0030
8978 0000
8978 0001
8978 0002
8978 0003
8978 0004
8978 0005
8978 0006
8978 0007
8978 0008
8978 0009
8978 0010
8978 0011
8978 0012
8978 0013
8978 0014
8978 0015
8978 0016
8978 0017
8978 0018
8978 0019
8978 0020
8978 0021
8978 0022
8978 0023
8979 0000
8979 0001
8979 0002
8979 0003
8979 0004
8979 0005
8979 0006
8979 0007
8979 0008
8979 0009
8979 0010
8979 0011
8979 0012
8979 0013
8979 0014
8979 0015
8979 0016
8979 0017
8979 0018
8979 0019
8979 0020
8979 0021
8980 0000
8980 0001
8980 0002
8980 0003
8980 0004
8980 0005
8980 0006
8980 0007
8980 0008
8980 0009
8980 0010
8980 0011
8980 0012
8980 0013
8980 0014
8980 0015
8980 0016
8980 0017
8980 0018
8980 0019
8980 0020
8980 0021
8981 0000
8981 0001
8981 0002
8981 0003
8981 0004
8981 0005
8981 0006
8981 0007
8981 0008
8981 0009
8981 0010
8981 0011
8981 0012
8981 0013
8984 0000
8984 0001
8984 0002
8984 0003
8984 0004
8984 0005
8984 0006
8984 0007
8984 0008
8984 0009
8984 0010
8984 0011
8984 0012
8984 0013
8984 0014
8984 0015
8984 0016
8984 0017
8984 0018
8984 0019
8984 0020
8984 0021
8988 0000
8988 0001
8988 0002
8988 0003
8988 0004
8988 0005
8988 0006
8988 0007
8988 0008
8988 0009
8988 0010
8988 0011
8988 0012
8988 0013
8988 0014
8988 0015
8988 0016
8992 0000
8992 0001
8992 0002
8992 0003
8992 0004
8992 0005
8992 0006
8992 0007
8992 0008
8992 0009
8992 0010
8992 0011
8992 0012
8992 0013
8992 0014
8992 0015
8992 0016
8992 0017
8992 0018
8992 0019
8992 0020
8997 0000
8997 0001
8997 0002
8997 0003
8997 0004
8997 0005
8997 0006
8997 0007
8997 0008
8997 0009
8997 0010
8997 0011
8997 0012
8997 0013
8997 0014
8997 0015
8997 0016
8997 0017
8997 0018
8997 0019
8997 0020
9000 0000
9000 0001
9000 0002
9000 0003
9000 0004
9000 0005
9000 0006
9000 0007
9000 0008
9000 0009
9000 0010
9000 0011
9000 0012
9000 0013
9000 0014
9000 0015
9001 0000
9001 0001
9001 0002
9001 0003
9001 0004
9001 0005
9001 0006
9001 0007
9001 0008
9001 0009
9001 0010
9001 0011
9001 0012
9001 0013
9007 0000
9007 0001
9007 0002
9007 0003
9007 0004
9007 0005
9007 0006
9007 0007
9007 0008
9007 0009
9007 0010
9007 0011
9007 0012
9007 0013
9007 0014
9007 0015
9007 0016
9007 0017
9007 0018
9007 0019
9007 0020
9007 0021
9008 0000
9008 0001
9008 0002
9008 0003
9008 0004
9008 0005
9008 0006
9008 0007
9008 0008
9008 0009
9008 0010
9008 0011
9008 0012
9008 0013
9008 0014
9008 0015
9008 0016
9008 0017
9008 0018
9008 0019
9008 0020
9011 0000
9011 0001
9011 0002
9011 0003
9011 0004
9011 0005
9011 0006
9011 0007
9011 0008
9011 0009
9011 0010
9011 0011
9011 0012
9011 0013
9011 0014
9011 0015
9011 0016
9011 0017
9011 0018
9011 0019
9011 0020
9011 0021
9025 0000
9025 0001
9025 0002
9025 0003
9025 0004
9025 0005
9025 0006
9025 0007
9025 0008
9025 0009
9025 0010
9025 0011
9025 0012
9025 0013
9025 0014
9025 0015
9025 0016
9025 0017
9025 0018
9025 0019
9025 0020
9025 0021
9025 0022
9030 0000
9030 0001
9030 0002
9030 0003
9030 0004
9030 0005
9030 0006
9030 0007
9030 0008
9030 0009
9030 0010
9030 0011
9030 0012
9030 0013
9030 0014
9030 0015
9030 0016
9030 0017
9031 0000
9031 0001
9031 0002
9031 0003
9031 0004
9031 0005
9031 0006
9031 0007
9031 0008
9031 0009
9031 0010
9031 0011
9031 0012
9031 0013
9031 0014
9031 0015
9031 0016
9031 0017
9031 0018
9031 0019
9031 0020
9031 0021
9031 0022
9034 0000
9034 0001
9034 0002
9034 0003
9034 0004
9034 0005
9034 0006
9034 0007
9034 0008
9034 0009
9034 0010
9034 0011
9034 0012
9034 0013
9034 0014
9034 0015
9034 0016
9034 0017
9034 0018
9034 0019
9036 0000
9036 0001
9036 0002
9036 0003
9036 0004
9036 0005
9036 0006
9036 0007
9036 0008
9036 0009
9036 0010
9036 0011
9036 0012
9036 0013
9036 0014
9036 0015
9036 0016
9036 0017
9036 0018
9036 0019
9036 0020
9036 0021
9041 0000
9041 0001
9041 0002
9041 0003
9041 0004
9041 0005
9041 0006
9041 0007
9041 0008
9041 0009
9041 0010
9041 0011
9041 0012
9041 0013
9041 0014
9041 0015
9041 0016
9041 0017
9041 0018
9041 0019
9041 0020
9041 0021
9041 0022
9041 0023
9041 0024
9041 0025
9041 0026
9041 0027
9041 0028
9043 0000
9043 0001
9043 0002
9043 0003
9043 0004
9043 0005
9043 0006
9043 0007
9043 0008
9043 0009
9043 0010
9043 0011
9043 0012
9043 0013
9043 0014
9043 0015
9052 0000
9052 0001
9052 0002
9052 0003
9052 0004
9052 0005
9052 0006
9052 0007
9052 0008
9052 0009
9052 0010
9052 0011
9052 0012
9052 0013
9052 0014
9052 0015
9052 0016
9052 0017
9052 0018
9052 0019
9052 0020
9052 0021
9052 0022
9052 0023
9052 0024
9052 0025
9052 0026
9052 0027
9052 0028
9052 0029
9052 0030
9052 0031
9052 0032
9054 0000
9054 0001
9054 0002
9054 0003
9054 0004
9054 0005
9054 0006
9054 0007
9054 0008
9054 0009
9054 0010
9054 0011
9054 0012
9054 0013
9054 0014
9054 0015
9054 0016
9054 0017
9054 0018
9054 0019
9054 0020
9054 0021
9054 0022
9054 0023
9054 0024
9067 0000
9067 0001
9067 0002
9067 0003
9067 0004
9067 0005
9067 0006
9067 0007
9067 0008
9067 0009
9067 0010
9067 0011
9067 0012
9067 0013
9067 0014
9067 0015
9067 0016
9067 0017
9078 0000
9078 0001
9078 0002
9078 0003
9078 0004
9078 0005
9078 0006
9078 0007
9078 0008
9078 0009
9078 0010
9078 0011
9078 0012
9078 0013
9078 0014
9078 0015
9078 0016
9078 0017
9078 0018
9078 0019
9078 0020
9078 0021
9078 0022
9078 0023
9078 0024
9082 0000
9082 0001
9082 0002
9082 0003
9082 0004
9082 0005
9082 0006
9082 0007
9082 0008
9082 0009
9082 0010
9082 0011
9082 0012
9082 0013
9082 0014
9082 0015
9087 0000
9087 0001
9087 0002
9087 0003
9087 0004
9087 0005
9087 0006
9087 0007
9087 0008
9087 0009
9087 0010
9087 0011
9087 0012
9087 0013
9087 0014
9087 0015
9087 0016
9090 0000
9090 0001
9090 0002
9090 0003
9090 0004
9090 0005
9090 0006
9090 0007
9090 0008
9090 0009
9090 0010
9090 0011
9090 0012
9090 0013
9090 0014
9090 0015
9090 0016
9090 0017
9090 0018
9090 0019
9090 0020
9090 0021
9090 0022
9090 0023
9090 0024
9090 0025
9090 0026
9090 0027
9090 0028
9090 0029
9090 0030
9090 0031
9090 0032
9093 0000
9093 0001
9093 0002
9093 0003
9093 0004
9093 0005
9093 0006
9093 0007
9093 0008
9093 0009
9093 0010
9093 0011
9093 0012
9093 0013
9093 0014
9093 0015
9093 0016
9093 0017
9093 0018
9093 0019
9093 0020
9093 0021
9093 0022
9093 0023
9093 0024
9093 0025
9093 0026
9093 0027
9093 0028
9095 0000
9095 0001
9095 0002
9095 0003
9095 0004
9095 0005
9095 0006
9095 0007
9095 0008
9095 0009
9095 0010
9095 0011
9095 0012
9095 0013
9095 0014
9095 0015
9095 0016
9095 0017
9095 0018
9095 0019
9095 0020
9095 0021
9095 0022
9095 0023
9095 0024
9095 0025
9095 0026
9096 0000
9096 0001
9096 0002
9096 0003
9096 0004
9096 0005
9096 0006
9096 0007
9096 0008
9096 0009
9096 0010
9096 0011
9096 0012
9096 0013
9096 0014
9096 0015
9096 0016
9096 0017
9096 0018
9096 0019
9096 0020
9096 0021
9096 0022
9096 0023
9096 0024
9096 0025
9096 0026
9100 0000
9100 0001
9100 0002
9100 0003
9100 0004
9100 0005
9100 0006
9100 0007
9100 0008
9100 0009
9100 0010
9100 0011
9100 0012
9100 0013
9100 0014
9100 0015
9100 0016
9100 0017
9100 0018
9100 0019
9100 0020
9100 0021
9100 0022
9100 0023
9100 0024
9102 0000
9102 0001
9102 0002
9102 0003
9102 0004
9102 0005
9102 0006
9102 0007
9102 0008
9102 0009
9102 0010
9102 0011
9102 0012
9102 0013
9102 0014
9102 0015
9102 0016
9102 0017
9102 0018
9102 0019
9102 0020
9102 0021
9102 0022
9102 0023
9102 0024
9102 0025
9102 0026
9102 0027
9102 0028
9102 0029
9102 0030
9102 0031
9102 0032
9102 0033
9104 0000
9104 0001
9104 0002
9104 0003
9104 0004
9104 0005
9104 0006
9104 0007
9104 0008
9104 0009
9104 0010
9104 0011
9104 0012
9104 0013
9104 0014
9104 0015
9104 0016
9104 0017
9104 0018
9105 0000
9105 0001
9105 0002
9105 0003
9105 0004
9105 0005
9105 0006
9105 0007
9105 0008
9105 0009
9105 0010
9105 0011
9105 0012
9105 0013
9105 0014
9105 0015
9109 0000
9109 0001
9109 0002
9109 0003
9109 0004
9109 0005
9109 0006
9109 0007
9109 0008
9109 0009
9109 0010
9109 0011
9109 0012
9109 0013
9109 0014
9109 0015
9109 0016
9109 0017
9109 0018
9109 0019
9109 0020
9109 0021
9109 0022
9109 0023
9109 0024
9109 0025
9109 0026
9110 0000
9110 0001
9110 0002
9110 0003
9110 0004
9110 0005
9110 0006
9110 0007
9110 0008
9110 0009
9110 0010
9110 0011
9110 0012
9110 0013
9110 0014
9110 0015
9110 0016
9110 0017
9110 0018
9110 0019
9110 0020
9110 0021
9110 0022
9110 0023
9110 0024
9110 0025
9113 0000
9113 0001
9113 0002
9113 0003
9113 0004
9113 0005
9113 0006
9113 0007
9113 0008
9113 0009
9113 0010
9113 0011
9113 0012
9113 0013
9113 0014
9113 0015
9113 0016
9113 0017
9113 0018
9113 0019
9113 0020
9113 0021
9113 0022
9113 0023
9113 0024
9113 0025
9113 0026
9116 0000
9116 0001
9116 0002
9116 0003
9116 0004
9116 0005
9116 0006
9116 0007
9116 0008
9116 0009
9116 0010
9116 0011
9116 0012
9116 0013
9116 0014
9116 0015
9116 0016
9116 0017
9116 0018
9116 0019
9122 0000
9122 0001
9122 0002
9122 0003
9122 0004
9122 0005
9122 0006
9122 0007
9122 0008
9122 0009
9122 0010
9122 0011
9122 0012
9122 0013
9122 0014
9122 0015
9122 0016
9122 0017
9122 0018
9123 0000
9123 0001
9123 0002
9123 0003
9123 0004
9123 0005
9123 0006
9123 0007
9123 0008
9123 0009
9123 0010
9123 0011
9123 0012
9123 0013
9123 0014
9123 0015
9123 0016
9123 0017
9123 0018
9123 0019
9123 0020
9123 0021
9123 0022
9123 0023
9123 0024
9123 0025
9125 0000
9125 0001
9125 0002
9125 0003
9125 0004
9125 0005
9125 0006
9125 0007
9125 0008
9125 0009
9125 0010
9125 0011
9125 0012
9125 0013
9125 0014
9125 0015
9125 0016
9125 0017
9125 0018
9125 0019
9125 0020
9125 0021
9125 0022
9125 0023
9125 0024
9125 0025
9135 0000
9135 0001
9135 0002
9135 0003
9135 0004
9135 0005
9135 0006
9135 0007
9135 0008
9135 0009
9135 0010
9135 0011
9135 0012
9135 0013
9135 0014
9135 0015
9135 0016
9135 0017
9135 0018
9135 0019
9135 0020
9135 0021
9135 0022
9135 0023
9135 0024
9135 0025
9135 0026
9135 0027
9135 0028
9138 0000
9138 0001
9138 0002
9138 0003
9138 0004
9138 0005
9138 0006
9138 0007
9138 0008
9138 0009
9138 0010
9138 0011
9138 0012
9138 0013
9138 0014
9138 0015
9138 0016
9138 0017
9138 0018
9142 0000
9142 0001
9142 0002
9142 0003
9142 0004
9142 0005
9142 0006
9142 0007
9142 0008
9142 0009
9142 0010
9142 0011
9142 0012
9142 0013
9142 0014
9143 0000
9143 0001
9143 0002
9143 0003
9143 0004
9143 0005
9143 0006
9143 0007
9143 0008
9143 0009
9143 0010
9143 0011
9143 0012
9143 0013
9143 0014
9143 0015
9143 0016
9143 0017
9143 0018
9143 0019
9143 0020
9143 0021
9143 0022
9143 0023
9143 0024
9143 0025
9143 0026
9143 0027
9143 0028
9143 0029
9143 0030
9143 0031
9143 0032
9145 0000
9145 0001
9145 0002
9145 0003
9145 0004
9145 0005
9145 0006
9145 0007
9145 0008
9145 0009
9145 0010
9145 0011
9145 0012
9145 0013
9145 0014
9145 0015
9145 0016
9145 0017
9145 0018
9145 0019
9145 0020
9145 0021
9150 0000
9150 0001
9150 0002
9150 0003
9150 0004
9150 0005
9150 0006
9150 0007
9150 0008
9150 0009
9150 0010
9150 0011
9150 0012
9150 0013
9150 0014
9150 0015
9150 0016
9150 0017
9150 0018
9150 0019
9150 0020
9150 0021
9150 0022
9150 0023
9150 0024
9150 0025
9150 0026
9153 0000
9153 0001
9153 0002
9153 0003
9153 0004
9153 0005
9153 0006
9153 0007
9153 0008
9153 0009
9153 0010
9153 0011
9153 0012
9153 0013
9153 0014
9153 0015
9153 0016
9153 0017
9156 0000
9156 0001
9156 0002
9156 0003
9156 0004
9156 0005
9156 0006
9156 0007
9156 0008
9156 0009
9156 0010
9156 0011
9156 0012
9156 0013
9156 0014
9156 0015
9156 0016
9156 0017
9156 0018
9156 0019
9156 0020
9156 0021
9159 0000
9159 0001
9159 0002
9159 0003
9159 0004
9159 0005
9159 0006
9159 0007
9159 0008
9159 0009
9159 0010
9159 0011
9159 0012
9159 0013
9159 0014
9159 0015
9159 0016
9159 0017
9159 0018
9159 0019
9159 0020
9159 0021
9161 0000
9161 0001
9161 0002
9161 0003
9161 0004
9161 0005
9161 0006
9161 0007
9161 0008
9161 0009
9161 0010
9161 0011
9161 0012
9161 0013
9161 0014
9161 0015
9161 0016
9161 0017
9161 0018
9161 0019
9161 0020
9161 0021
9161 0022
9161 0023
9161 0024
9161 0025
9163 0000
9163 0001
9163 0002
9163 0003
9163 0004
9163 0005
9163 0006
9163 0007
9163 0008
9163 0009
9163 0010
9163 0011
9163 0012
9163 0013
9163 0014
9163 0015
9163 0016
9163 0017
9163 0018
9163 0019
9163 0020
9163 0021
9163 0022
9163 0023
9163 0024
9163 0025
9163 0026
9163 0027
9169 0000
9169 0001
9169 0002
9169 0003
9169 0004
9169 0005
9169 0006
9169 0007
9169 0008
9169 0009
9169 0010
9169 0011
9169 0012
9169 0013
9169 0014
9169 0015
9169 0016
9169 0017
9169 0018
9169 0019
9169 0020
9169 0021
9169 0022
9169 0023
9169 0024
9169 0025
9169 0026
9172 0000
9172 0001
9172 0002
9172 0003
9172 0004
9172 0005
9172 0006
9172 0007
9172 0008
9172 0009
9172 0010
9172 0011
9172 0012
9172 0013
9172 0014
9172 0015
9172 0016
9172 0017
9172 0018
9172 0019
9172 0020
9172 0021
9172 0022
9172 0023
9172 0024
9172 0025
9177 0000
9177 0001
9177 0002
9177 0003
9177 0004
9177 0005
9177 0006
9177 0007
9177 0008
9177 0009
9177 0010
9177 0011
9177 0012
9177 0013
9177 0014
9177 0015
9177 0016
9177 0017
9177 0018
9177 0019
9177 0020
9178 0000
9178 0001
9178 0002
9178 0003
9178 0004
9178 0005
9178 0006
9178 0007
9178 0008
9178 0009
9178 0010
9178 0011
9178 0012
9178 0013
9178 0014
9178 0015
9178 0016
9178 0017
9178 0018
9178 0019
9178 0020
9187 0000
9187 0001
9187 0002
9187 0003
9187 0004
9187 0005
9187 0006
9187 0007
9187 0008
9187 0009
9187 0010
9187 0011
9187 0012
9187 0013
9187 0014
9187 0015
9187 0016
9187 0017
9193 0000
9193 0001
9193 0002
9193 0003
9193 0004
9193 0005
9193 0006
9193 0007
9193 0008
9193 0009
9193 0010
9193 0011
9193 0012
9193 0013
9193 0014
9193 0015
9193 0016
9193 0017
9193 0018
9193 0019
9193 0020
9193 0021
9193 0022
9193 0023
9194 0000
9194 0001
9194 0002
9194 0003
9194 0004
9194 0005
9194 0006
9194 0007
9194 0008
9194 0009
9194 0010
9194 0011
9194 0012
9194 0013
9194 0014
9194 0015
9194 0016
9194 0017
9194 0018
9194 0019
9194 0020
9194 0021
9195 0000
9195 0001
9195 0002
9195 0003
9195 0004
9195 0005
9195 0006
9195 0007
9195 0008
9195 0009
9195 0010
9195 0011
9195 0012
9195 0013
9195 0014
9195 0015
9195 0016
9195 0017
9199 0000
9199 0001
9199 0002
9199 0003
9199 0004
9199 0005
9199 0006
9199 0007
9199 0008
9199 0009
9199 0010
9199 0011
9199 0012
9199 0013
9199 0014
9199 0015
9199 0016
9199 0017
9199 0018
9205 0000
9205 0001
9205 0002
9205 0003
9205 0004
9205 0005
9205 0006
9205 0007
9205 0008
9205 0009
9205 0010
9205 0011
9205 0012
9205 0013
9205 0014
9205 0015
9205 0016
9205 0017
9205 0018
9205 0019
9205 0020
9205 0021
9205 0022
9213 0000
9213 0001
9213 0002
9213 0003
9213 0004
9213 0005
9213 0006
9213 0007
9213 0008
9213 0009
9213 0010
9213 0011
9213 0012
9213 0013
9213 0014
9213 0015
9213 0016
9213 0017
9213 0018
9213 0019
9213 0020
9213 0021
9218 0000
9218 0001
9218 0002
9218 0003
9218 0004
9218 0005
9218 0006
9218 0007
9218 0008
9218 0009
9218 0010
9218 0011
9218 0012
9218 0013
9218 0014
9218 0015
9218 0016
9218 0017
9218 0018
9218 0019
9218 0020
9218 0021
9218 0022
9218 0023
9218 0024
9220 0000
9220 0001
9220 0002
9220 0003
9220 0004
9220 0005
9220 0006
9220 0007
9220 0008
9220 0009
9220 0010
9220 0011
9220 0012
9220 0013
9220 0014
9220 0015
9220 0016
9222 0000
9222 0001
9222 0002
9222 0003
9222 0004
9222 0005
9222 0006
9222 0007
9222 0008
9222 0009
9222 0010
9222 0011
9222 0012
9222 0013
9222 0014
9222 0015
9222 0016
9222 0017
9222 0018
9222 0019
9222 0020
9222 0021
9222 0022
9222 0023
9222 0024
9222 0025
9224 0000
9224 0001
9224 0002
9224 0003
9224 0004
9224 0005
9224 0006
9224 0007
9224 0008
9224 0009
9224 0010
9224 0011
9224 0012
9224 0013
9224 0014
9224 0015
9224 0016
9224 0017
9224 0018
9224 0019
9224 0020
9224 0021
9224 0022
9224 0023
9224 0024
9225 0000
9225 0001
9225 0002
9225 0003
9225 0004
9225 0005
9225 0006
9225 0007
9225 0008
9225 0009
9225 0010
9225 0011
9225 0012
9225 0013
9225 0014
9225 0015
9225 0016
9225 0017
9225 0018
9225 0019
9225 0020
9225 0021
9225 0022
9225 0023
9225 0024
9225 0025
9228 0000
9228 0001
9228 0002
9228 0003
9228 0004
9228 0005
9228 0006
9228 0007
9228 0008
9228 0009
9228 0010
9228 0011
9228 0012
9228 0013
9228 0014
9228 0015
9228 0016
9228 0017
9228 0018
9228 0019
9228 0020
9228 0021
9228 0022
9228 0023
9228 0024
9228 0025
9234 0000
9234 0001
9234 0002
9234 0003
9234 0004
9234 0005
9234 0006
9234 0007
9234 0008
9234 0009
9234 0010
9234 0011
9234 0012
9234 0013
9234 0014
9234 0015
9234 0016
9234 0017
9234 0018
9234 0019
9234 0020
9234 0021
9234 0022
9235 0000
9235 0001
9235 0002
9235 0003
9235 0004
9235 0005
9235 0006
9235 0007
9235 0008
9235 0009
9235 0010
9235 0011
9235 0012
9235 0013
9235 0014
9235 0015
9235 0016
9235 0017
9235 0018
9235 0019
9238 0000
9238 0001
9238 0002
9238 0003
9238 0004
9238 0005
9238 0006
9238 0007
9238 0008
9238 0009
9238 0010
9238 0011
9238 0012
9238 0013
9240 0000
9240 0001
9240 0002
9240 0003
9240 0004
9240 0005
9240 0006
9240 0007
9240 0008
9240 0009
9240 0010
9240 0011
9240 0012
9240 0013
9240 0014
9240 0015
9240 0016
9240 0017
9240 0018
9240 0019
9240 0020
9240 0021
9240 0022
9241 0000
9241 0001
9241 0002
9241 0003
9241 0004
9241 0005
9241 0006
9241 0007
9241 0008
9241 0009
9241 0010
9241 0011
9241 0012
9241 0013
9241 0014
9241 0015
9241 0016
9241 0017
9241 0018
9241 0019
9241 0020
9241 0021
9241 0022
9243 0000
9243 0001
9243 0002
9243 0003
9243 0004
9243 0005
9243 0006
9243 0007
9243 0008
9243 0009
9243 0010
9243 0011
9243 0012
9243 0013
9243 0014
9243 0015
9243 0016
9243 0017
9243 0018
9243 0019
9247 0000
9247 0001
9247 0002
9247 0003
9247 0004
9247 0005
9247 0006
9247 0007
9247 0008
9247 0009
9247 0010
9247 0011
9247 0012
9247 0013
9247 0014
9247 0015
9247 0016
9247 0017
9247 0018
9247 0019
9248 0000
9248 0001
9248 0002
9248 0003
9248 0004
9248 0005
9248 0006
9248 0007
9248 0008
9248 0009
9248 0010
9248 0011
9248 0012
9248 0013
9248 0014
9248 0015
9248 0016
9248 0017
9248 0018
9248 0019
9248 0020
9248 0021
9248 0022
9248 0023
9248 0024
9248 0025
9248 0026
9248 0027
9248 0028
9248 0029
9255 0000
9255 0001
9255 0002
9255 0003
9255 0004
9255 0005
9255 0006
9255 0007
9255 0008
9255 0009
9255 0010
9255 0011
9255 0012
9255 0013
9255 0014
9255 0015
9255 0016
9255 0017
9255 0018
9255 0019
9255 0020
9255 0021
9255 0022
9256 0000
9256 0001
9256 0002
9256 0003
9256 0004
9256 0005
9256 0006
9256 0007
9256 0008
9256 0009
9256 0010
9256 0011
9256 0012
9256 0013
9256 0014
9258 0000
9258 0001
9258 0002
9258 0003
9258 0004
9258 0005
9258 0006
9258 0007
9258 0008
9258 0009
9258 0010
9258 0011
9258 0012
9258 0013
9258 0014
9258 0015
9258 0016
9258 0017
9258 0018
9258 0019
9258 0020
9258 0021
9261 0000
9261 0001
9261 0002
9261 0003
9261 0004
9261 0005
9261 0006
9261 0007
9261 0008
9261 0009
9261 0010
9261 0011
9261 0012
9261 0013
9261 0014
9261 0015
9261 0016
9261 0017
9261 0018
9261 0019
9261 0020
9261 0021
9261 0022
9262 0000
9262 0001
9262 0002
9262 0003
9262 0004
9262 0005
9262 0006
9262 0007
9262 0008
9262 0009
9262 0010
9262 0011
9262 0012
9262 0013
9262 0014
9262 0015
9262 0016
9262 0017
9262 0018
9262 0019
9262 0020
9262 0021
9262 0022
9262 0023
9262 0024
9262 0025
9262 0026
9262 0027
9263 0000
9263 0001
9263 0002
9263 0003
9263 0004
9263 0005
9263 0006
9263 0007
9263 0008
9263 0009
9263 0010
9263 0011
9263 0012
9263 0013
9263 0014
9263 0015
9263 0016
9263 0017
9263 0018
9263 0019
9263 0020
9263 0021
9263 0022
9263 0023
9263 0024
9268 0000
9268 0001
9268 0002
9268 0003
9268 0004
9268 0005
9268 0006
9268 0007
9268 0008
9268 0009
9268 0010
9268 0011
9268 0012
9268 0013
9268 0014
9268 0015
9268 0016
9268 0017
9268 0018
9268 0019
9268 0020
9268 0021
9268 0022
9268 0023
9268 0024
9268 0025
9268 0026
9268 0027
9268 0028
9268 0029
9268 0030
9268 0031
9268 0032
9268 0033
9269 0000
9269 0001
9269 0002
9269 0003
9269 0004
9269 0005
9269 0006
9269 0007
9269 0008
9269 0009
9269 0010
9269 0011
9269 0012
9269 0013
9269 0014
9269 0015
9269 0016
9269 0017
9269 0018
9269 0019
9269 0020
9269 0021
9272 0000
9272 0001
9272 0002
9272 0003
9272 0004
9272 0005
9272 0006
9272 0007
9272 0008
9272 0009
9272 0010
9272 0011
9272 0012
9272 0013
9272 0014
9272 0015
9272 0016
9272 0017
9272 0018
9272 0019
9272 0020
9272 0021
9272 0022
9272 0023
9276 0000
9276 0001
9276 0002
9276 0003
9276 0004
9276 0005
9276 0006
9276 0007
9276 0008
9276 0009
9276 0010
9276 0011
9276 0012
9276 0013
9276 0014
9276 0015
9276 0016
9276 0017
9276 0018
9280 0000
9280 0001
9280 0002
9280 0003
9280 0004
9280 0005
9280 0006
9280 0007
9280 0008
9280 0009
9280 0010
9280 0011
9280 0012
9280 0013
9280 0014
9280 0015
9280 0016
9280 0017
9280 0018
9280 0019
9280 0020
9280 0021
9280 0022
9288 0000
9288 0001
9288 0002
9288 0003
9288 0004
9288 0005
9288 0006
9288 0007
9288 0008
9288 0009
9288 0010
9288 0011
9288 0012
9288 0013
9288 0014
9288 0015
9288 0016
9288 0017
9288 0018
9290 0000
9290 0001
9290 0002
9290 0003
9290 0004
9290 0005
9290 0006
9290 0007
9290 0008
9290 0009
9290 0010
9290 0011
9290 0012
9290 0013
9290 0014
9290 0015
9290 0016
9290 0017
9292 0000
9292 0001
9292 0002
9292 0003
9292 0004
9292 0005
9292 0006
9292 0007
9292 0008
9292 0009
9292 0010
9292 0011
9292 0012
9292 0013
9292 0014
9292 0015
9292 0016
9292 0017
9292 0018
9292 0019
9292 0020
9292 0021
9292 0022
9292 0023
9292 0024
9292 0025
9292 0026
9292 0027
9292 0028
9292 0029
9292 0030
9293 0000
9293 0001
9293 0002
9293 0003
9293 0004
9293 0005
9293 0006
9293 0007
9293 0008
9293 0009
9293 0010
9293 0011
9293 0012
9293 0013
9293 0014
9293 0015
9293 0016
9293 0017
9293 0018
9293 0019
9293 0020
9293 0021
9293 0022
9293 0023
9299 0000
9299 0001
9299 0002
9299 0003
9299 0004
9299 0005
9299 0006
9299 0007
9299 0008
9299 0009
9299 0010
9299 0011
9299 0012
9299 0013
9299 0014
9299 0015
9299 0016
9299 0017
9299 0018
9300 0000
9300 0001
9300 0002
9300 0003
9300 0004
9300 0005
9300 0006
9300 0007
9300 0008
9300 0009
9300 0010
9300 0011
9300 0012
9300 0013
9300 0014
9300 0015
9300 0016
9300 0017
9304 0000
9304 0001
9304 0002
9304 0003
9304 0004
9304 0005
9304 0006
9304 0007
9304 0008
9304 0009
9304 0010
9304 0011
9304 0012
9304 0013
9304 0014
9304 0015
9304 0016
9304 0017
9304 0018
9304 0019
9304 0020
9304 0021
9304 0022
9304 0023
9304 0024
9304 0025
9304 0026
9304 0027
9304 0028
9304 0029
9305 0000
9305 0001
9305 0002
9305 0003
9305 0004
9305 0005
9305 0006
9305 0007
9305 0008
9305 0009
9305 0010
9305 0011
9305 0012
9305 0013
9305 0014
9305 0015
9305 0016
9305 0017
9305 0018
9305 0019
9305 0020
9307 0000
9307 0001
9307 0002
9307 0003
9307 0004
9307 0005
9307 0006
9307 0007
9307 0008
9307 0009
9307 0010
9307 0011
9307 0012
9307 0013
9307 0014
9307 0015
9307 0016
9307 0017
9307 0018
9307 0019
9307 0020
9307 0021
9309 0000
9309 0001
9309 0002
9309 0003
9309 0004
9309 0005
9309 0006
9309 0007
9309 0008
9309 0009
9309 0010
9309 0011
9309 0012
9309 0013
9309 0014
9309 0015
9309 0016
9309 0017
9309 0018
9309 0019
9309 0020
9309 0021
9312 0000
9312 0001
9312 0002
9312 0003
9312 0004
9312 0005
9312 0006
9312 0007
9312 0008
9312 0009
9312 0010
9312 0011
9312 0012
9312 0013
9312 0014
9312 0015
9314 0000
9314 0001
9314 0002
9314 0003
9314 0004
9314 0005
9314 0006
9314 0007
9314 0008
9314 0009
9314 0010
9314 0011
9314 0012
9314 0013
9314 0014
9314 0015
9314 0016
9314 0017
9314 0018
9314 0019
9314 0020
9317 0000
9317 0001
9317 0002
9317 0003
9317 0004
9317 0005
9317 0006
9317 0007
9317 0008
9317 0009
9317 0010
9317 0011
9317 0012
9317 0013
9317 0014
9317 0015
9317 0016
9317 0017
9317 0018
9321 0000
9321 0001
9321 0002
9321 0003
9321 0004
9321 0005
9321 0006
9321 0007
9321 0008
9321 0009
9321 0010
9321 0011
9321 0012
9321 0013
9321 0014
9321 0015
9321 0016
9321 0017
9321 0018
9322 0000
9322 0001
9322 0002
9322 0003
9322 0004
9322 0005
9322 0006
9322 0007
9322 0008
9322 0009
9322 0010
9322 0011
9322 0012
9322 0013
9322 0014
9322 0015
9322 0016
9322 0017
9322 0018
9322 0019
9322 0020
9322 0021
9322 0022
9322 0023
9322 0024
9323 0000
9323 0001
9323 0002
9323 0003
9323 0004
9323 0005
9323 0006
9323 0007
9323 0008
9323 0009
9323 0010
9323 0011
9323 0012
9323 0013
9323 0014
9323 0015
9323 0016
9323 0017
9323 0018
9323 0019
9323 0020
9323 0021
9323 0022
9324 0000
9324 0001
9324 0002
9324 0003
9324 0004
9324 0005
9324 0006
9324 0007
9324 0008
9324 0009
9324 0010
9324 0011
9324 0012
9324 0013
9324 0014
9324 0015
9324 0016
9324 0017
9324 0018
9324 0019
9324 0020
9324 0021
9324 0022
9324 0023
9329 0000
9329 0001
9329 0002
9329 0003
9329 0004
9329 0005
9329 0006
9329 0007
9329 0008
9329 0009
9329 0010
9329 0011
9329 0012
9329 0013
9329 0014
9329 0015
9329 0016
9329 0017
9329 0018
9329 0019
9329 0020
9329 0021
9329 0022
9339 0000
9339 0001
9339 0002
9339 0003
9339 0004
9339 0005
9339 0006
9339 0007
9339 0008
9339 0009
9339 0010
9339 0011
9339 0012
9339 0013
9339 0014
9339 0015
9339 0016
9339 0017
9339 0018
9339 0019
9339 0020
9341 0000
9341 0001
9341 0002
9341 0003
9341 0004
9341 0005
9341 0006
9341 0007
9341 0008
9341 0009
9341 0010
9341 0011
9341 0012
9341 0013
9341 0014
9341 0015
9341 0016
9341 0017
9341 0018
9341 0019
9341 0020
9341 0021
9341 0022
9341 0023
9341 0024
9341 0025
9341 0026
9341 0027
9341 0028
9341 0029
9343 0000
9343 0001
9343 0002
9343 0003
9343 0004
9343 0005
9343 0006
9343 0007
9343 0008
9343 0009
9343 0010
9343 0011
9343 0012
9343 0013
9343 0014
9343 0015
9343 0016
9343 0017
9343 0018
9350 0000
9350 0001
9350 0002
9350 0003
9350 0004
9350 0005
9350 0006
9350 0007
9350 0008
9350 0009
9350 0010
9350 0011
9350 0012
9350 0013
9350 0014
9350 0015
9350 0016
9350 0017
9350 0018
9350 0019
9350 0020
9350 0021
9350 0022
9350 0023
9350 0024
9350 0025
9350 0026
9351 0000
9351 0001
9351 0002
9351 0003
9351 0004
9351 0005
9351 0006
9351 0007
9351 0008
9351 0009
9351 0010
9351 0011
9351 0012
9351 0013
9351 0014
9351 0015
9354 0000
9354 0001
9354 0002
9354 0003
9354 0004
9354 0005
9354 0006
9354 0007
9354 0008
9354 0009
9354 0010
9354 0011
9354 0012
9354 0013
9354 0014
9354 0015
9354 0016
9354 0017
9354 0018
9354 0019
9354 0020
9355 0000
9355 0001
9355 0002
9355 0003
9355 0004
9355 0005
9355 0006
9355 0007
9355 0008
9355 0009
9355 0010
9355 0011
9355 0012
9355 0013
9355 0014
9355 0015
9355 0016
9355 0017
9355 0018
9357 0000
9357 0001
9357 0002
9357 0003
9357 0004
9357 0005
9357 0006
9357 0007
9357 0008
9357 0009
9357 0010
9357 0011
9357 0012
9357 0013
9357 0014
9357 0015
9357 0016
9357 0017
9357 0018
9357 0019
9357 0020
9357 0021
9357 0022
9357 0023
9368 0000
9368 0001
9368 0002
9368 0003
9368 0004
9368 0005
9368 0006
9368 0007
9368 0008
9368 0009
9368 0010
9368 0011
9368 0012
9368 0013
9368 0014
9368 0015
9368 0016
9368 0017
9368 0018
9368 0019
9368 0020
9368 0021
9368 0022
9368 0023
9374 0000
9374 0001
9374 0002
9374 0003
9374 0004
9374 0005
9374 0006
9374 0007
9374 0008
9374 0009
9374 0010
9374 0011
9374 0012
9374 0013
9374 0014
9374 0015
9374 0016
9374 0017
9374 0018
9374 0019
9374 0020
9374 0021
9374 0022
9374 0023
9374 0024
9374 0025
9374 0026
9384 0000
9384 0001
9384 0002
9384 0003
9384 0004
9384 0005
9384 0006
9384 0007
9384 0008
9384 0009
9384 0010
9384 0011
9384 0012
9384 0013
9384 0014
9384 0015
9384 0016
9384 0017
9384 0018
9384 0019
9384 0020
9384 0021
9384 0022
9384 0023
9384 0024
9384 0025
9384 0026
9388 0000
9388 0001
9388 0002
9388 0003
9388 0004
9388 0005
9388 0006
9388 0007
9388 0008
9388 0009
9388 0010
9388 0011
9388 0012
9388 0013
9388 0014
9388 0015
9388 0016
9388 0017
9388 0018
9388 0019
9388 0020
9388 0021
9390 0000
9390 0001
9390 0002
9390 0003
9390 0004
9390 0005
9390 0006
9390 0007
9390 0008
9390 0009
9390 0010
9390 0011
9390 0012
9390 0013
9390 0014
9390 0015
9390 0016
9390 0017
9390 0018
9390 0019
9390 0020
9390 0021
9390 0022
9390 0023
9390 0024
9390 0025
9390 0026
9394 0000
9394 0001
9394 0002
9394 0003
9394 0004
9394 0005
9394 0006
9394 0007
9394 0008
9394 0009
9394 0010
9394 0011
9394 0012
9394 0013
9394 0014
9394 0015
9394 0016
9394 0017
9394 0018
9394 0019
9394 0020
9394 0021
9394 0022
9394 0023
9394 0024
9394 0025
9394 0026
9394 0027
9394 0028
9396 0000
9396 0001
9396 0002
9396 0003
9396 0004
9396 0005
9396 0006
9396 0007
9396 0008
9396 0009
9396 0010
9396 0011
9396 0012
9396 0013
9396 0014
9396 0015
9396 0016
9396 0017
9396 0018
9396 0019
9400 0000
9400 0001
9400 0002
9400 0003
9400 0004
9400 0005
9400 0006
9400 0007
9400 0008
9400 0009
9400 0010
9400 0011
9400 0012
9400 0013
9402 0000
9402 0001
9402 0002
9402 0003
9402 0004
9402 0005
9402 0006
9402 0007
9402 0008
9402 0009
9402 0010
9402 0011
9402 0012
9402 0013
9402 0014
9402 0015
9402 0016
9402 0017
9402 0018
9402 0019
9402 0020
9402 0021
9402 0022
9402 0023
9402 0024
9402 0025
9406 0000
9406 0001
9406 0002
9406 0003
9406 0004
9406 0005
9406 0006
9406 0007
9406 0008
9406 0009
9406 0010
9406 0011
9406 0012
9406 0013
9406 0014
9406 0015
9406 0016
9406 0017
9406 0018
9406 0019
9406 0020
9406 0021
9406 0022
9406 0023
9406 0024
9406 0025
9406 0026
9406 0027
9406 0028
9407 0000
9407 0001
9407 0002
9407 0003
9407 0004
9407 0005
9407 0006
9407 0007
9407 0008
9407 0009
9407 0010
9407 0011
9407 0012
9407 0013
9407 0014
9407 0015
9407 0016
9407 0017
9407 0018
9407 0019
9407 0020
9407 0021
9407 0022
9407 0023
9413 0000
9413 0001
9413 0002
9413 0003
9413 0004
9413 0005
9413 0006
9413 0007
9413 0008
9413 0009
9413 0010
9413 0011
9413 0012
9413 0013
9413 0014
9413 0015
9413 0016
9413 0017
9413 0018
9413 0019
9413 0020
9413 0021
9413 0022
9413 0023
9420 0000
9420 0001
9420 0002
9420 0003
9420 0004
9420 0005
9420 0006
9420 0007
9420 0008
9420 0009
9420 0010
9420 0011
9420 0012
9420 0013
9420 0014
9420 0015
9420 0016
9420 0017
9420 0018
9420 0019
9421 0000
9421 0001
9421 0002
9421 0003
9421 0004
9421 0005
9421 0006
9421 0007
9421 0008
9421 0009
9421 0010
9421 0011
9421 0012
9421 0013
9421 0014
9421 0015
9421 0016
9421 0017
9425 0000
9425 0001
9425 0002
9425 0003
9425 0004
9425 0005
9425 0006
9425 0007
9425 0008
9425 0009
9425 0010
9425 0011
9425 0012
9425 0013
9425 0014
9425 0015
9425 0016
9425 0017
9425 0018
9425 0019
9425 0020
9425 0021
9425 0022
9425 0023
9425 0024
9425 0025
9425 0026
9425 0027
9425 0028
9427 0000
9427 0001
9427 0002
9427 0003
9427 0004
9427 0005
9427 0006
9427 0007
9427 0008
9427 0009
9427 0010
9427 0011
9427 0012
9427 0013
9427 0014
9427 0015
9427 0016
9427 0017
9427 0018
9427 0019
9427 0020
9427 0021
9427 0022
9427 0023
9427 0024
9427 0025
9427 0026
9427 0027
9427 0028
9427 0029
9428 0000
9428 0001
9428 0002
9428 0003
9428 0004
9428 0005
9428 0006
9428 0007
9428 0008
9428 0009
9428 0010
9428 0011
9428 0012
9428 0013
9428 0014
9428 0015
9428 0016
9428 0017
9428 0018
9428 0019
9428 0020
9428 0021
9428 0022
9428 0023
9430 0000
9430 0001
9430 0002
9430 0003
9430 0004
9430 0005
9430 0006
9430 0007
9430 0008
9430 0009
9430 0010
9430 0011
9430 0012
9430 0013
9430 0014
9430 0015
9430 0016
9430 0017
9430 0018
9430 0019
9430 0020
9430 0021
9430 0022
9430 0023
9430 0024
9430 0025
9430 0026
9441 0000
9441 0001
9441 0002
9441 0003
9441 0004
9441 0005
9441 0006
9441 0007
9441 0008
9441 0009
9441 0010
9441 0011
9441 0012
9441 0013
9441 0014
9441 0015
9441 0016
9441 0017
9441 0018
9441 0019
9441 0020
9441 0021
9444 0000
9444 0001
9444 0002
9444 0003
9444 0004
9444 0005
9444 0006
9444 0007
9444 0008
9444 0009
9444 0010
9444 0011
9444 0012
9444 0013
9444 0014
9447 0000
9447 0001
9447 0002
9447 0003
9447 0004
9447 0005
9447 0006
9447 0007
9447 0008
9447 0009
9447 0010
9447 0011
9447 0012
9447 0013
9447 0014
9447 0015
9447 0016
9447 0017
9447 0018
9447 0019
9447 0020
9447 0021
9447 0022
9447 0023
9447 0024
9447 0025
9447 0026
9447 0027
9451 0000
9451 0001
9451 0002
9451 0003
9451 0004
9451 0005
9451 0006
9451 0007
9451 0008
9451 0009
9451 0010
9451 0011
9451 0012
9451 0013
9451 0014
9451 0015
9451 0016
9451 0017
9451 0018
9451 0019
9451 0020
9451 0021
9451 0022
9451 0023
9455 0000
9455 0001
9455 0002
9455 0003
9455 0004
9455 0005
9455 0006
9455 0007
9455 0008
9455 0009
9455 0010
9455 0011
9455 0012
9455 0013
9455 0014
9455 0015
9455 0016
9455 0017
9455 0018
9455 0019
9455 0020
9455 0021
9455 0022
9455 0023
9455 0024
9455 0025
9457 0000
9457 0001
9457 0002
9457 0003
9457 0004
9457 0005
9457 0006
9457 0007
9457 0008
9457 0009
9457 0010
9457 0011
9457 0012
9457 0013
9457 0014
9457 0015
9457 0016
9457 0017
9457 0018
9457 0019
9457 0020
9457 0021
9457 0022
9457 0023
9457 0024
9463 0000
9463 0001
9463 0002
9463 0003
9463 0004
9463 0005
9463 0006
9463 0007
9463 0008
9463 0009
9463 0010
9463 0011
9463 0012
9463 0013
9463 0014
9463 0015
9463 0016
9463 0017
9463 0018
9463 0019
9463 0020
9463 0021
9463 0022
9463 0023
9463 0024
9463 0025
9468 0000
9468 0001
9468 0002
9468 0003
9468 0004
9468 0005
9468 0006
9468 0007
9468 0008
9468 0009
9468 0010
9468 0011
9468 0012
9468 0013
9468 0014
9468 0015
9468 0016
9468 0017
9468 0018
9469 0000
9469 0001
9469 0002
9469 0003
9469 0004
9469 0005
9469 0006
9469 0007
9469 0008
9469 0009
9469 0010
9469 0011
9469 0012
9469 0013
9469 0014
9469 0015
9469 0016
9469 0017
9469 0018
9469 0019
9469 0020
9469 0021
9469 0022
9469 0023
9472 0000
9472 0001
9472 0002
9472 0003
9472 0004
9472 0005
9472 0006
9472 0007
9472 0008
9472 0009
9472 0010
9472 0011
9472 0012
9472 0013
9472 0014
9472 0015
9473 0000
9473 0001
9473 0002
9473 0003
9473 0004
9473 0005
9473 0006
9473 0007
9473 0008
9473 0009
9473 0010
9473 0011
9473 0012
9473 0013
9473 0014
9473 0015
9473 0016
9473 0017
9473 0018
9473 0019
9473 0020
9473 0021
9473 0022
9473 0023
9473 0024
9473 0025
9473 0026
9473 0027
9473 0028
9473 0029
9480 0000
9480 0001
9480 0002
9480 0003
9480 0004
9480 0005
9480 0006
9480 0007
9480 0008
9480 0009
9480 0010
9480 0011
9480 0012
9480 0013
9480 0014
9480 0015
9480 0016
9480 0017
9480 0018
9480 0019
9480 0020
9480 0021
9480 0022
9480 0023
9481 0000
9481 0001
9481 0002
9481 0003
9481 0004
9481 0005
9481 0006
9481 0007
9481 0008
9481 0009
9481 0010
9481 0011
9481 0012
9481 0013
9481 0014
9481 0015
9481 0016
9482 0000
9482 0001
9482 0002
9482 0003
9482 0004
9482 0005
9482 0006
9482 0007
9482 0008
9482 0009
9482 0010
9482 0011
9482 0012
9482 0013
9482 0014
9482 0015
9482 0016
9482 0017
9482 0018
9485 0000
9485 0001
9485 0002
9485 0003
9485 0004
9485 0005
9485 0006
9485 0007
9485 0008
9485 0009
9485 0010
9485 0011
9485 0012
9485 0013
9485 0014
9485 0015
9485 0016
9485 0017
9485 0018
9487 0000
9487 0001
9487 0002
9487 0003
9487 0004
9487 0005
9487 0006
9487 0007
9487 0008
9487 0009
9487 0010
9487 0011
9487 0012
9487 0013
9487 0014
9487 0015
9487 0016
9487 0017
9487 0018
9487 0019
9487 0020
9487 0021
9487 0022
9487 0023
9487 0024
9487 0025
9487 0026
9487 0027
9487 0028
9487 0029
9489 0000
9489 0001
9489 0002
9489 0003
9489 0004
9489 0005
9489 0006
9489 0007
9489 0008
9489 0009
9489 0010
9489 0011
9489 0012
9489 0013
9489 0014
9489 0015
9489 0016
9489 0017
9489 0018
9496 0000
9496 0001
9496 0002
9496 0003
9496 0004
9496 0005
9496 0006
9496 0007
9496 0008
9496 0009
9496 0010
9496 0011
9496 0012
9496 0013
9496 0014
9496 0015
9496 0016
9496 0017
9496 0018
9496 0019
9496 0020
9496 0021
9496 0022
9496 0023
9496 0024
9496 0025
9496 0026
9502 0000
9502 0001
9502 0002
9502 0003
9502 0004
9502 0005
9502 0006
9502 0007
9502 0008
9502 0009
9502 0010
9502 0011
9502 0012
9502 0013
9502 0014
9502 0015
9502 0016
9503 0000
9503 0001
9503 0002
9503 0003
9503 0004
9503 0005
9503 0006
9503 0007
9503 0008
9503 0009
9503 0010
9503 0011
9503 0012
9503 0013
9503 0014
9503 0015
9503 0016
9503 0017
9503 0018
9503 0019
9503 0020
9503 0021
9503 0022
9503 0023
9503 0024
9503 0025
9503 0026
9505 0000
9505 0001
9505 0002
9505 0003
9505 0004
9505 0005
9505 0006
9505 0007
9505 0008
9505 0009
9505 0010
9505 0011
9505 0012
9505 0013
9505 0014
9505 0015
9505 0016
9506 0000
9506 0001
9506 0002
9506 0003
9506 0004
9506 0005
9506 0006
9506 0007
9506 0008
9506 0009
9506 0010
9506 0011
9506 0012
9506 0013
9506 0014
9506 0015
9506 0016
9506 0017
9506 0018
9506 0019
9506 0020
9506 0021
9506 0022
9506 0023
9506 0024
9506 0025
9509 0000
9509 0001
9509 0002
9509 0003
9509 0004
9509 0005
9509 0006
9509 0007
9509 0008
9509 0009
9509 0010
9509 0011
9509 0012
9509 0013
9509 0014
9509 0015
9509 0016
9509 0017
9509 0018
9509 0019
9509 0020
9509 0021
9509 0022
9509 0023
9509 0024
9509 0025
9509 0026
9509 0027
9509 0028
9509 0029
9509 0030
9514 0000
9514 0001
9514 0002
9514 0003
9514 0004
9514 0005
9514 0006
9514 0007
9514 0008
9514 0009
9514 0010
9514 0011
9514 0012
9514 0013
9514 0014
9514 0015
9514 0016
9514 0017
9514 0018
9514 0019
9514 0020
9514 0021
9514 0022
9514 0023
9514 0024
9514 0025
9520 0000
9520 0001
9520 0002
9520 0003
9520 0004
9520 0005
9520 0006
9520 0007
9520 0008
9520 0009
9520 0010
9520 0011
9520 0012
9520 0013
9520 0014
9520 0015
9520 0016
9520 0017
9520 0018
9520 0019
9520 0020
9520 0021
9520 0022
9520 0023
9523 0000
9523 0001
9523 0002
9523 0003
9523 0004
9523 0005
9523 0006
9523 0007
9523 0008
9523 0009
9523 0010
9523 0011
9523 0012
9523 0013
9523 0014
9523 0015
9523 0016
9523 0017
9523 0018
9523 0019
9523 0020
9523 0021
9523 0022
9523 0023
9523 0024
9523 0025
9523 0026
9523 0027
9528 0000
9528 0001
9528 0002
9528 0003
9528 0004
9528 0005
9528 0006
9528 0007
9528 0008
9528 0009
9528 0010
9528 0011
9528 0012
9528 0013
9528 0014
9528 0015
9528 0016
9528 0017
9528 0018
9528 0019
9528 0020
9528 0021
9528 0022
9528 0023
9528 0024
9532 0000
9532 0001
9532 0002
9532 0003
9532 0004
9532 0005
9532 0006
9532 0007
9532 0008
9532 0009
9532 0010
9532 0011
9532 0012
9532 0013
9532 0014
9532 0015
9532 0016
9538 0000
9538 0001
9538 0002
9538 0003
9538 0004
9538 0005
9538 0006
9538 0007
9538 0008
9538 0009
9538 0010
9538 0011
9538 0012
9538 0013
9538 0014
9538 0015
9538 0016
9538 0017
9538 0018
9538 0019
9538 0020
9538 0021
9538 0022
9538 0023
9538 0024
9540 0000
9540 0001
9540 0002
9540 0003
9540 0004
9540 0005
9540 0006
9540 0007
9540 0008
9540 0009
9540 0010
9540 0011
9540 0012
9540 0013
9540 0014
9540 0015
9540 0016
9540 0017
9540 0018
9540 0019
9540 0020
9540 0021
9540 0022
9540 0023
9540 0024
9540 0025
9541 0000
9541 0001
9541 0002
9541 0003
9541 0004
9541 0005
9541 0006
9541 0007
9541 0008
9541 0009
9541 0010
9541 0011
9541 0012
9541 0013
9541 0014
9541 0015
9541 0016
9541 0017
9541 0018
9541 0019
9541 0020
9541 0021
9541 0022
9541 0023
9541 0024
9541 0025
9541 0026
9541 0027
9541 0028
9541 0029
9541 0030
9544 0000
9544 0001
9544 0002
9544 0003
9544 0004
9544 0005
9544 0006
9544 0007
9544 0008
9544 0009
9544 0010
9544 0011
9544 0012
9544 0013
9544 0014
9544 0015
9544 0016
9544 0017
9544 0018
9544 0019
9544 0020
9544 0021
9544 0022
9544 0023
9544 0024
9544 0025
9545 0000
9545 0001
9545 0002
9545 0003
9545 0004
9545 0005
9545 0006
9545 0007
9545 0008
9545 0009
9545 0010
9545 0011
9545 0012
9545 0013
9545 0014
9545 0015
9545 0016
9545 0017
9545 0018
9545 0019
9545 0020
9545 0021
9545 0022
9545 0023
9547 0000
9547 0001
9547 0002
9547 0003
9547 0004
9547 0005
9547 0006
9547 0007
9547 0008
9547 0009
9547 0010
9547 0011
9547 0012
9547 0013
9547 0014
9547 0015
9547 0016
9547 0017
9547 0018
9550 0000
9550 0001
9550 0002
9550 0003
9550 0004
9550 0005
9550 0006
9550 0007
9550 0008
9550 0009
9550 0010
9550 0011
9550 0012
9550 0013
9550 0014
9550 0015
9553 0000
9553 0001
9553 0002
9553 0003
9553 0004
9553 0005
9553 0006
9553 0007
9553 0008
9553 0009
9553 0010
9553 0011
9553 0012
9553 0013
9553 0014
9553 0015
9553 0016
9553 0017
9553 0018
9553 0019
9553 0020
9553 0021
9553 0022
9553 0023
9553 0024
9553 0025
9553 0026
9553 0027
9554 0000
9554 0001
9554 0002
9554 0003
9554 0004
9554 0005
9554 0006
9554 0007
9554 0008
9554 0009
9554 0010
9554 0011
9554 0012
9554 0013
9554 0014
9554 0015
9568 0000
9568 0001
9568 0002
9568 0003
9568 0004
9568 0005
9568 0006
9568 0007
9568 0008
9568 0009
9568 0010
9568 0011
9568 0012
9568 0013
9568 0014
9568 0015
9568 0016
9568 0017
9568 0018
9568 0019
9568 0020
9569 0000
9569 0001
9569 0002
9569 0003
9569 0004
9569 0005
9569 0006
9569 0007
9569 0008
9569 0009
9569 0010
9569 0011
9569 0012
9569 0013
9569 0014
9569 0015
9569 0016
9569 0017
9569 0018
9572 0000
9572 0001
9572 0002
9572 0003
9572 0004
9572 0005
9572 0006
9572 0007
9572 0008
9572 0009
9572 0010
9572 0011
9572 0012
9572 0013
9572 0014
9572 0015
9572 0016
9572 0017
9572 0018
9572 0019
9572 0020
9572 0021
9572 0022
9572 0023
9572 0024
9573 0000
9573 0001
9573 0002
9573 0003
9573 0004
9573 0005
9573 0006
9573 0007
9573 0008
9573 0009
9573 0010
9573 0011
9573 0012
9573 0013
9573 0014
9573 0015
9573 0016
9573 0017
9573 0018
9573 0019
9573 0020
9573 0021
9573 0022
9573 0023
9573 0024
9575 0000
9575 0001
9575 0002
9575 0003
9575 0004
9575 0005
9575 0006
9575 0007
9575 0008
9575 0009
9575 0010
9575 0011
9575 0012
9575 0013
9575 0014
9575 0015
9575 0016
9575 0017
9575 0018
9575 0019
9575 0020
9575 0021
9575 0022
9575 0023
9575 0024
9575 0025
9575 0026
9575 0027
9575 0028
9579 0000
9579 0001
9579 0002
9579 0003
9579 0004
9579 0005
9579 0006
9579 0007
9579 0008
9579 0009
9579 0010
9579 0011
9579 0012
9579 0013
9579 0014
9579 0015
9579 0016
9579 0017
9579 0018
9579 0019
9579 0020
9579 0021
9579 0022
9581 0000
9581 0001
9581 0002
9581 0003
9581 0004
9581 0005
9581 0006
9581 0007
9581 0008
9581 0009
9581 0010
9581 0011
9581 0012
9581 0013
9581 0014
9581 0015
9581 0016
9581 0017
9581 0018
9581 0019
9581 0020
9581 0021
9581 0022
9581 0023
9581 0024
9581 0025
9581 0026
9581 0027
9581 0028
9581 0029
9581 0030
9581 0031
9581 0032
9588 0000
9588 0001
9588 0002
9588 0003
9588 0004
9588 0005
9588 0006
9588 0007
9588 0008
9588 0009
9588 0010
9588 0011
9588 0012
9588 0013
9588 0014
9588 0015
9588 0016
9588 0017
9588 0018
9588 0019
9588 0020
9588 0021
9588 0022
9604 0000
9604 0001
9604 0002
9604 0003
9604 0004
9604 0005
9604 0006
9604 0007
9604 0008
9604 0009
9604 0010
9604 0011
9604 0012
9604 0013
9604 0014
9604 0015
9604 0016
9604 0017
9604 0018
9604 0019
9619 0000
9619 0001
9619 0002
9619 0003
9619 0004
9619 0005
9619 0006
9619 0007
9619 0008
9619 0009
9619 0010
9619 0011
9619 0012
9619 0013
9619 0014
9619 0015
9619 0016
9619 0017
9619 0018
9619 0019
9622 0000
9622 0001
9622 0002
9622 0003
9622 0004
9622 0005
9622 0006
9622 0007
9622 0008
9622 0009
9622 0010
9622 0011
9622 0012
9622 0013
9622 0014
9622 0015
9622 0016
9622 0017
9622 0018
9622 0019
9622 0020
9625 0000
9625 0001
9625 0002
9625 0003
9625 0004
9625 0005
9625 0006
9625 0007
9625 0008
9625 0009
9625 0010
9625 0011
9625 0012
9625 0013
9625 0014
9625 0015
9625 0016
9625 0017
9625 0018
9625 0019
9625 0020
9625 0021
9626 0000
9626 0001
9626 0002
9626 0003
9626 0004
9626 0005
9626 0006
9626 0007
9626 0008
9626 0009
9626 0010
9626 0011
9626 0012
9626 0013
9626 0014
9626 0015
9626 0016
9626 0017
9626 0018
9626 0019
9626 0020
9626 0021
9626 0022
9626 0023
9626 0024
9626 0025
9626 0026
9626 0027
9626 0028
9627 0000
9627 0001
9627 0002
9627 0003
9627 0004
9627 0005
9627 0006
9627 0007
9627 0008
9627 0009
9627 0010
9627 0011
9627 0012
9627 0013
9627 0014
9627 0015
9627 0016
9627 0017
9627 0018
9627 0019
9627 0020
9627 0021
9628 0000
9628 0001
9628 0002
9628 0003
9628 0004
9628 0005
9628 0006
9628 0007
9628 0008
9628 0009
9628 0010
9628 0011
9628 0012
9628 0013
9628 0014
9630 0000
9630 0001
9630 0002
9630 0003
9630 0004
9630 0005
9630 0006
9630 0007
9630 0008
9630 0009
9630 0010
9630 0011
9630 0012
9630 0013
9630 0014
9630 0015
9630 0016
9630 0017
9630 0018
9630 0019
9630 0020
9636 0000
9636 0001
9636 0002
9636 0003
9636 0004
9636 0005
9636 0006
9636 0007
9636 0008
9636 0009
9636 0010
9636 0011
9636 0012
9636 0013
9636 0014
9636 0015
9636 0016
9637 0000
9637 0001
9637 0002
9637 0003
9637 0004
9637 0005
9637 0006
9637 0007
9637 0008
9637 0009
9637 0010
9637 0011
9637 0012
9637 0013
9637 0014
9637 0015
9637 0016
9637 0017
9637 0018
9638 0000
9638 0001
9638 0002
9638 0003
9638 0004
9638 0005
9638 0006
9638 0007
9638 0008
9638 0009
9638 0010
9638 0011
9638 0012
9638 0013
9638 0014
9638 0015
9638 0016
9638 0017
9638 0018
9638 0019
9638 0020
9638 0021
9638 0022
9638 0023
9638 0024
9638 0025
9640 0000
9640 0001
9640 0002
9640 0003
9640 0004
9640 0005
9640 0006
9640 0007
9640 0008
9640 0009
9640 0010
9640 0011
9640 0012
9640 0013
9640 0014
9640 0015
9640 0016
9640 0017
9640 0018
9640 0019
9640 0020
9642 0000
9642 0001
9642 0002
9642 0003
9642 0004
9642 0005
9642 0006
9642 0007
9642 0008
9642 0009
9642 0010
9642 0011
9642 0012
9642 0013
9642 0014
9642 0015
9642 0016
9642 0017
9642 0018
9642 0019
9642 0020
9642 0021
9642 0022
9655 0000
9655 0001
9655 0002
9655 0003
9655 0004
9655 0005
9655 0006
9655 0007
9655 0008
9655 0009
9655 0010
9655 0011
9655 0012
9655 0013
9655 0014
9655 0015
9655 0016
9655 0017
9655 0018
9655 0019
9655 0020
9655 0021
9655 0022
9655 0023
9655 0024
9655 0025
9655 0026
9655 0027
9655 0028
9655 0029
9657 0000
9657 0001
9657 0002
9657 0003
9657 0004
9657 0005
9657 0006
9657 0007
9657 0008
9657 0009
9657 0010
9657 0011
9657 0012
9657 0013
9657 0014
9657 0015
9657 0016
9657 0017
9657 0018
9657 0019
9657 0020
9657 0021
9657 0022
9657 0023
9657 0024
9657 0025
9657 0026
9661 0000
9661 0001
9661 0002
9661 0003
9661 0004
9661 0005
9661 0006
9661 0007
9661 0008
9661 0009
9661 0010
9661 0011
9661 0012
9661 0013
9661 0014
9661 0015
9663 0000
9663 0001
9663 0002
9663 0003
9663 0004
9663 0005
9663 0006
9663 0007
9663 0008
9663 0009
9663 0010
9663 0011
9663 0012
9663 0013
9663 0014
9663 0015
9663 0016
9663 0017
9663 0018
9663 0019
9663 0020
9663 0021
9665 0000
9665 0001
9665 0002
9665 0003
9665 0004
9665 0005
9665 0006
9665 0007
9665 0008
9665 0009
9665 0010
9665 0011
9665 0012
9665 0013
9665 0014
9665 0015
9665 0016
9665 0017
9665 0018
9665 0019
9665 0020
9665 0021
9665 0022
9665 0023
9665 0024
9665 0025
9665 0026
9665 0027
9665 0028
9665 0029
9665 0030
9665 0031
9673 0000
9673 0001
9673 0002
9673 0003
9673 0004
9673 0005
9673 0006
9673 0007
9673 0008
9673 0009
9673 0010
9673 0011
9673 0012
9673 0013
9673 0014
9674 0000
9674 0001
9674 0002
9674 0003
9674 0004
9674 0005
9674 0006
9674 0007
9674 0008
9674 0009
9674 0010
9674 0011
9674 0012
9674 0013
9674 0014
9674 0015
9674 0016
9674 0017
9674 0018
9674 0019
9674 0020
9674 0021
9674 0022
9674 0023
9674 0024
9677 0000
9677 0001
9677 0002
9677 0003
9677 0004
9677 0005
9677 0006
9677 0007
9677 0008
9677 0009
9677 0010
9677 0011
9677 0012
9677 0013
9677 0014
9677 0015
9680 0000
9680 0001
9680 0002
9680 0003
9680 0004
9680 0005
9680 0006
9680 0007
9680 0008
9680 0009
9680 0010
9680 0011
9680 0012
9680 0013
9680 0014
9680 0015
9680 0016
9680 0017
9680 0018
9680 0019
9680 0020
9680 0021
9680 0022
9680 0023
9680 0024
9680 0025
9686 0000
9686 0001
9686 0002
9686 0003
9686 0004
9686 0005
9686 0006
9686 0007
9686 0008
9686 0009
9686 0010
9686 0011
9686 0012
9686 0013
9686 0014
9686 0015
9686 0016
9686 0017
9686 0018
9686 0019
9686 0020
9686 0021
9686 0022
9686 0023
9686 0024
9689 0000
9689 0001
9689 0002
9689 0003
9689 0004
9689 0005
9689 0006
9689 0007
9689 0008
9689 0009
9689 0010
9689 0011
9689 0012
9689 0013
9689 0014
9689 0015
9689 0016
9690 0000
9690 0001
9690 0002
9690 0003
9690 0004
9690 0005
9690 0006
9690 0007
9690 0008
9690 0009
9690 0010
9690 0011
9690 0012
9690 0013
9690 0014
9690 0015
9690 0016
9693 0000
9693 0001
9693 0002
9693 0003
9693 0004
9693 0005
9693 0006
9693 0007
9693 0008
9693 0009
9693 0010
9693 0011
9693 0012
9693 0013
9693 0014
9693 0015
9693 0016
9697 0000
9697 0001
9697 0002
9697 0003
9697 0004
9697 0005
9697 0006
9697 0007
9697 0008
9697 0009
9697 0010
9697 0011
9697 0012
9697 0013
9697 0014
9697 0015
9697 0016
9697 0017
9697 0018
9697 0019
9697 0020
9700 0000
9700 0001
9700 0002
9700 0003
9700 0004
9700 0005
9700 0006
9700 0007
9700 0008
9700 0009
9700 0010
9700 0011
9700 0012
9700 0013
9700 0014
9700 0015
9700 0016
9700 0017
9700 0018
9700 0019
9700 0020
9702 0000
9702 0001
9702 0002
9702 0003
9702 0004
9702 0005
9702 0006
9702 0007
9702 0008
9702 0009
9702 0010
9702 0011
9702 0012
9702 0013
9702 0014
9702 0015
9702 0016
9706 0000
9706 0001
9706 0002
9706 0003
9706 0004
9706 0005
9706 0006
9706 0007
9706 0008
9706 0009
9706 0010
9706 0011
9706 0012
9706 0013
9706 0014
9706 0015
9706 0016
9706 0017
9706 0018
9706 0019
9710 0000
9710 0001
9710 0002
9710 0003
9710 0004
9710 0005
9710 0006
9710 0007
9710 0008
9710 0009
9710 0010
9710 0011
9710 0012
9710 0013
9710 0014
9710 0015
9710 0016
9710 0017
9716 0000
9716 0001
9716 0002
9716 0003
9716 0004
9716 0005
9716 0006
9716 0007
9716 0008
9716 0009
9716 0010
9716 0011
9716 0012
9716 0013
9716 0014
9716 0015
9721 0000
9721 0001
9721 0002
9721 0003
9721 0004
9721 0005
9721 0006
9721 0007
9721 0008
9721 0009
9721 0010
9721 0011
9721 0012
9721 0013
9721 0014
9721 0015
9721 0016
9721 0017
9721 0018
9721 0019
9721 0020
9721 0021
9721 0022
9721 0023
9732 0000
9732 0001
9732 0002
9732 0003
9732 0004
9732 0005
9732 0006
9732 0007
9732 0008
9732 0009
9732 0010
9732 0011
9732 0012
9732 0013
9732 0014
9732 0015
9732 0016
9732 0017
9732 0018
9732 0019
9732 0020
9732 0021
9732 0022
9733 0000
9733 0001
9733 0002
9733 0003
9733 0004
9733 0005
9733 0006
9733 0007
9733 0008
9733 0009
9733 0010
9733 0011
9733 0012
9733 0013
9733 0014
9733 0015
9733 0016
9733 0017
9733 0018
9733 0019
9733 0020
9733 0021
9733 0022
9745 0000
9745 0001
9745 0002
9745 0003
9745 0004
9745 0005
9745 0006
9745 0007
9745 0008
9745 0009
9745 0010
9745 0011
9745 0012
9745 0013
9745 0014
9745 0015
9745 0016
9745 0017
9745 0018
9745 0019
9745 0020
9745 0021
9746 0000
9746 0001
9746 0002
9746 0003
9746 0004
9746 0005
9746 0006
9746 0007
9746 0008
9746 0009
9746 0010
9746 0011
9746 0012
9746 0013
9746 0014
9746 0015
9746 0016
9746 0017
9746 0018
9746 0019
9746 0020
9746 0021
9748 0000
9748 0001
9748 0002
9748 0003
9748 0004
9748 0005
9748 0006
9748 0007
9748 0008
9748 0009
9748 0010
9748 0011
9748 0012
9748 0013
9748 0014
9748 0015
9748 0016
9748 0017
9748 0018
9748 0019
9748 0020
9751 0000
9751 0001
9751 0002
9751 0003
9751 0004
9751 0005
9751 0006
9751 0007
9751 0008
9751 0009
9751 0010
9751 0011
9751 0012
9751 0013
9751 0014
9751 0015
9751 0016
9751 0017
9751 0018
9751 0019
9751 0020
9751 0021
9751 0022
9751 0023
9761 0000
9761 0001
9761 0002
9761 0003
9761 0004
9761 0005
9761 0006
9761 0007
9761 0008
9761 0009
9761 0010
9761 0011
9761 0012
9761 0013
9761 0014
9761 0015
9761 0016
9761 0017
9761 0018
9761 0019
9761 0020
9761 0021
9761 0022
9761 0023
9761 0024
9761 0025
9761 0026
9761 0027
9762 0000
9762 0001
9762 0002
9762 0003
9762 0004
9762 0005
9762 0006
9762 0007
9762 0008
9762 0009
9762 0010
9762 0011
9762 0012
9762 0013
9762 0014
9762 0015
9762 0016
9762 0017
9762 0018
9762 0019
9762 0020
9762 0021
9762 0022
9762 0023
9762 0024
9762 0025
9762 0026
9762 0027
9770 0000
9770 0001
9770 0002
9770 0003
9770 0004
9770 0005
9770 0006
9770 0007
9770 0008
9770 0009
9770 0010
9770 0011
9770 0012
9770 0013
9770 0014
9770 0015
9770 0016
9770 0017
9770 0018
9770 0019
9770 0020
9770 0021
9770 0022
9770 0023
9770 0024
9779 0000
9779 0001
9779 0002
9779 0003
9779 0004
9779 0005
9779 0006
9779 0007
9779 0008
9779 0009
9779 0010
9779 0011
9779 0012
9779 0013
9779 0014
9779 0015
9779 0016
9779 0017
9779 0018
9779 0019
9779 0020
9779 0021
9779 0022
9779 0023
9779 0024
9779 0025
9779 0026
9779 0027
9779 0028
9785 0000
9785 0001
9785 0002
9785 0003
9785 0004
9785 0005
9785 0006
9785 0007
9785 0008
9785 0009
9785 0010
9785 0011
9785 0012
9785 0013
9785 0014
9785 0015
9785 0016
9785 0017
9785 0018
9785 0019
9785 0020
9786 0000
9786 0001
9786 0002
9786 0003
9786 0004
9786 0005
9786 0006
9786 0007
9786 0008
9786 0009
9786 0010
9786 0011
9786 0012
9786 0013
9786 0014
9786 0015
9786 0016
9786 0017
9786 0018
9786 0019
9786 0020
9786 0021
9786 0022
9786 0023
9786 0024
9786 0025
9786 0026
9786 0027
9786 0028
9786 0029
9786 0030
9790 0000
9790 0001
9790 0002
9790 0003
9790 0004
9790 0005
9790 0006
9790 0007
9790 0008
9790 0009
9790 0010
9790 0011
9790 0012
9790 0013
9790 0014
9790 0015
9790 0016
9790 0017
9790 0018
9790 0019
9790 0020
9790 0021
9790 0022
9790 0023
9790 0024
9790 0025
9790 0026
9790 0027
9790 0028
9790 0029
9790 0030
9799 0000
9799 0001
9799 0002
9799 0003
9799 0004
9799 0005
9799 0006
9799 0007
9799 0008
9799 0009
9799 0010
9799 0011
9799 0012
9799 0013
9799 0014
9799 0015
9799 0016
9799 0017
9799 0018
9799 0019
9799 0020
9799 0021
9799 0022
9799 0023
9799 0024
9799 0025
9799 0026
9799 0027
9799 0028
9799 0029
9800 0000
9800 0001
9800 0002
9800 0003
9800 0004
9800 0005
9800 0006
9800 0007
9800 0008
9800 0009
9800 0010
9800 0011
9800 0012
9800 0013
9800 0014
9800 0015
9800 0016
9800 0017
9800 0018
9800 0019
9800 0020
9804 0000
9804 0001
9804 0002
9804 0003
9804 0004
9804 0005
9804 0006
9804 0007
9804 0008
9804 0009
9804 0010
9804 0011
9804 0012
9804 0013
9804 0014
9804 0015
9804 0016
9804 0017
9804 0018
9804 0019
9804 0020
9804 0021
9804 0022
9804 0023
9804 0024
9804 0025
9804 0026
9808 0000
9808 0001
9808 0002
9808 0003
9808 0004
9808 0005
9808 0006
9808 0007
9808 0008
9808 0009
9808 0010
9808 0011
9808 0012
9808 0013
9808 0014
9808 0015
9808 0016
9808 0017
9808 0018
9808 0019
9808 0020
9808 0021
9808 0022
9808 0023
9808 0024
9808 0025
9808 0026
9808 0027
9808 0028
9808 0029
9808 0030
9823 0000
9823 0001
9823 0002
9823 0003
9823 0004
9823 0005
9823 0006
9823 0007
9823 0008
9823 0009
9823 0010
9823 0011
9823 0012
9823 0013
9823 0014
9823 0015
9823 0016
9823 0017
9823 0018
9832 0000
9832 0001
9832 0002
9832 0003
9832 0004
9832 0005
9832 0006
9832 0007
9832 0008
9832 0009
9832 0010
9832 0011
9832 0012
9832 0013
9832 0014
9832 0015
9832 0016
9832 0017
9832 0018
9832 0019
9832 0020
9832 0021
9832 0022
9832 0023
9832 0024
9832 0025
9832 0026
9832 0027
9832 0028
9832 0029
9832 0030
9836 0000
9836 0001
9836 0002
9836 0003
9836 0004
9836 0005
9836 0006
9836 0007
9836 0008
9836 0009
9836 0010
9836 0011
9836 0012
9836 0013
9836 0014
9836 0015
9836 0016
9836 0017
9836 0018
9836 0019
9836 0020
9836 0021
9836 0022
9836 0023
9836 0024
9836 0025
9836 0026
9836 0027
9836 0028
9836 0029
9836 0030
9836 0031
9844 0000
9844 0001
9844 0002
9844 0003
9844 0004
9844 0005
9844 0006
9844 0007
9844 0008
9844 0009
9844 0010
9844 0011
9844 0012
9844 0013
9844 0014
9844 0015
9844 0016
9844 0017
9844 0018
9844 0019
9844 0020
9844 0021
9844 0022
9846 0000
9846 0001
9846 0002
9846 0003
9846 0004
9846 0005
9846 0006
9846 0007
9846 0008
9846 0009
9846 0010
9846 0011
9846 0012
9846 0013
9846 0014
9846 0015
9846 0016
9846 0017
9846 0018
9846 0019
9846 0020
9846 0021
9847 0000
9847 0001
9847 0002
9847 0003
9847 0004
9847 0005
9847 0006
9847 0007
9847 0008
9847 0009
9847 0010
9847 0011
9847 0012
9847 0013
9847 0014
9847 0015
9847 0016
9847 0017
9847 0018
9847 0019
9847 0020
9847 0021
9847 0022
9850 0000
9850 0001
9850 0002
9850 0003
9850 0004
9850 0005
9850 0006
9850 0007
9850 0008
9850 0009
9850 0010
9850 0011
9850 0012
9850 0013
9850 0014
9850 0015
9850 0016
9850 0017
9850 0018
9851 0000
9851 0001
9851 0002
9851 0003
9851 0004
9851 0005
9851 0006
9851 0007
9851 0008
9851 0009
9851 0010
9851 0011
9851 0012
9851 0013
9851 0014
9851 0015
9851 0016
9851 0017
9851 0018
9851 0019
9851 0020
9852 0000
9852 0001
9852 0002
9852 0003
9852 0004
9852 0005
9852 0006
9852 0007
9852 0008
9852 0009
9852 0010
9852 0011
9852 0012
9852 0013
9853 0000
9853 0001
9853 0002
9853 0003
9853 0004
9853 0005
9853 0006
9853 0007
9853 0008
9853 0009
9853 0010
9853 0011
9853 0012
9853 0013
9853 0014
9853 0015
9853 0016
9853 0017
9853 0018
9853 0019
9853 0020
9853 0021
9853 0022
9853 0023
9856 0000
9856 0001
9856 0002
9856 0003
9856 0004
9856 0005
9856 0006
9856 0007
9856 0008
9856 0009
9856 0010
9856 0011
9856 0012
9856 0013
9856 0014
9856 0015
9856 0016
9856 0017
9856 0018
9856 0019
9856 0020
9856 0021
9856 0022
9856 0023
9856 0024
9858 0000
9858 0001
9858 0002
9858 0003
9858 0004
9858 0005
9858 0006
9858 0007
9858 0008
9858 0009
9858 0010
9858 0011
9858 0012
9865 0000
9865 0001
9865 0002
9865 0003
9865 0004
9865 0005
9865 0006
9865 0007
9865 0008
9865 0009
9865 0010
9865 0011
9865 0012
9865 0013
9865 0014
9865 0015
9865 0016
9865 0017
9865 0018
9865 0019
9865 0020
9865 0021
9865 0022
9865 0023
9865 0024
9865 0025
9865 0026
9865 0027
9865 0028
9866 0000
9866 0001
9866 0002
9866 0003
9866 0004
9866 0005
9866 0006
9866 0007
9866 0008
9866 0009
9866 0010
9866 0011
9866 0012
9866 0013
9866 0014
9866 0015
9866 0016
9866 0017
9866 0018
9866 0019
9866 0020
9866 0021
9866 0022
9866 0023
9866 0024
9866 0025
9869 0000
9869 0001
9869 0002
9869 0003
9869 0004
9869 0005
9869 0006
9869 0007
9869 0008
9869 0009
9869 0010
9869 0011
9869 0012
9869 0013
9869 0014
9869 0015
9869 0016
9869 0017
9871 0000
9871 0001
9871 0002
9871 0003
9871 0004
9871 0005
9871 0006
9871 0007
9871 0008
9871 0009
9871 0010
9871 0011
9871 0012
9871 0013
9871 0014
9871 0015
9871 0016
9871 0017
9871 0018
9871 0019
9871 0020
9871 0021
9871 0022
9871 0023
9871 0024
9871 0025
9871 0026
9871 0027
9871 0028
9871 0029
9875 0000
9875 0001
9875 0002
9875 0003
9875 0004
9875 0005
9875 0006
9875 0007
9875 0008
9875 0009
9875 0010
9875 0011
9875 0012
9875 0013
9875 0014
9875 0015
9875 0016
9875 0017
9875 0018
9875 0019
9875 0020
9875 0021
9875 0022
9876 0000
9876 0001
9876 0002
9876 0003
9876 0004
9876 0005
9876 0006
9876 0007
9876 0008
9876 0009
9876 0010
9876 0011
9876 0012
9876 0013
9876 0014
9876 0015
9876 0016
9876 0017
9876 0018
9876 0019
9876 0020
9876 0021
9876 0022
9876 0023
9876 0024
9876 0025
9876 0026
9876 0027
9876 0028
9876 0029
9882 0000
9882 0001
9882 0002
9882 0003
9882 0004
9882 0005
9882 0006
9882 0007
9882 0008
9882 0009
9882 0010
9882 0011
9882 0012
9882 0013
9882 0014
9882 0015
9882 0016
9882 0017
9882 0018
9882 0019
9882 0020
9882 0021
9882 0022
9882 0023
9890 0000
9890 0001
9890 0002
9890 0003
9890 0004
9890 0005
9890 0006
9890 0007
9890 0008
9890 0009
9890 0010
9890 0011
9890 0012
9890 0013
9890 0014
9890 0015
9890 0016
9890 0017
9890 0018
9890 0019
9890 0020
9890 0021
9893 0000
9893 0001
9893 0002
9893 0003
9893 0004
9893 0005
9893 0006
9893 0007
9893 0008
9893 0009
9893 0010
9893 0011
9893 0012
9893 0013
9893 0014
9893 0015
9893 0016
9893 0017
9893 0018
9893 0019
9893 0020
9893 0021
9893 0022
9903 0000
9903 0001
9903 0002
9903 0003
9903 0004
9903 0005
9903 0006
9903 0007
9903 0008
9903 0009
9903 0010
9903 0011
9903 0012
9903 0013
9903 0014
9903 0015
9903 0016
9903 0017
9903 0018
9903 0019
9903 0020
9903 0021
9903 0022
9903 0023
9903 0024
9903 0025
9903 0026
9903 0027
9904 0000
9904 0001
9904 0002
9904 0003
9904 0004
9904 0005
9904 0006
9904 0007
9904 0008
9904 0009
9904 0010
9904 0011
9904 0012
9904 0013
9904 0014
9904 0015
9907 0000
9907 0001
9907 0002
9907 0003
9907 0004
9907 0005
9907 0006
9907 0007
9907 0008
9907 0009
9907 0010
9907 0011
9907 0012
9907 0013
9907 0014
9907 0015
9907 0016
9907 0017
9907 0018
9907 0019
9907 0020
9907 0021
9907 0022
9907 0023
9907 0024
9908 0000
9908 0001
9908 0002
9908 0003
9908 0004
9908 0005
9908 0006
9908 0007
9908 0008
9908 0009
9908 0010
9908 0011
9908 0012
9908 0013
9908 0014
9908 0015
9908 0016
9908 0017
9908 0018
9909 0000
9909 0001
9909 0002
9909 0003
9909 0004
9909 0005
9909 0006
9909 0007
9909 0008
9909 0009
9909 0010
9909 0011
9909 0012
9909 0013
9909 0014
9909 0015
9909 0016
9909 0017
9909 0018
9909 0019
9909 0020
9909 0021
9912 0000
9912 0001
9912 0002
9912 0003
9912 0004
9912 0005
9912 0006
9912 0007
9912 0008
9912 0009
9912 0010
9912 0011
9912 0012
9912 0013
9912 0014
9912 0015
9912 0016
9912 0017
9912 0018
9912 0019
9912 0020
9912 0021
9912 0022
9912 0023
9912 0024
9913 0000
9913 0001
9913 0002
9913 0003
9913 0004
9913 0005
9913 0006
9913 0007
9913 0008
9913 0009
9913 0010
9913 0011
9913 0012
9913 0013
9913 0014
9913 0015
9913 0016
9913 0017
9913 0018
9913 0019
9913 0020
9913 0021
9913 0022
9913 0023
9913 0024
9913 0025
9913 0026
9913 0027
9918 0000
9918 0001
9918 0002
9918 0003
9918 0004
9918 0005
9918 0006
9918 0007
9918 0008
9918 0009
9918 0010
9918 0011
9918 0012
9918 0013
9918 0014
9918 0015
9918 0016
9918 0017
9918 0018
9918 0019
9918 0020
9918 0021
9918 0022
9918 0023
9918 0024
9918 0025
9918 0026
9918 0027
9921 0000
9921 0001
9921 0002
9921 0003
9921 0004
9921 0005
9921 0006
9921 0007
9921 0008
9921 0009
9921 0010
9921 0011
9921 0012
9921 0013
9921 0014
9921 0015
9921 0016
9921 0017
9921 0018
9921 0019
9921 0020
9921 0021
9921 0022
9922 0000
9922 0001
9922 0002
9922 0003
9922 0004
9922 0005
9922 0006
9922 0007
9922 0008
9922 0009
9922 0010
9922 0011
9922 0012
9922 0013
9922 0014
9922 0015
9922 0016
9922 0017
9922 0018
9922 0019
9922 0020
9922 0021
9922 0022
9922 0023
9922 0024
9925 0000
9925 0001
9925 0002
9925 0003
9925 0004
9925 0005
9925 0006
9925 0007
9925 0008
9925 0009
9925 0010
9925 0011
9925 0012
9925 0013
9925 0014
9925 0015
9925 0016
9925 0017
9925 0018
9925 0019
9925 0020
9925 0021
9925 0022
9934 0000
9934 0001
9934 0002
9934 0003
9934 0004
9934 0005
9934 0006
9934 0007
9934 0008
9934 0009
9934 0010
9934 0011
9934 0012
9934 0013
9934 0014
9934 0015
9934 0016
9934 0017
9936 0000
9936 0001
9936 0002
9936 0003
9936 0004
9936 0005
9936 0006
9936 0007
9936 0008
9936 0009
9936 0010
9936 0011
9936 0012
9936 0013
9936 0014
9936 0015
9936 0016
9936 0017
9936 0018
9936 0019
9936 0020
9936 0021
9936 0022
9940 0000
9940 0001
9940 0002
9940 0003
9940 0004
9940 0005
9940 0006
9940 0007
9940 0008
9940 0009
9940 0010
9940 0011
9940 0012
9940 0013
9940 0014
9940 0015
9940 0016
9940 0017
9940 0018
9940 0019
9940 0020
9940 0021
9940 0022
9940 0023
9940 0024
9944 0000
9944 0001
9944 0002
9944 0003
9944 0004
9944 0005
9944 0006
9944 0007
9944 0008
9944 0009
9944 0010
9944 0011
9944 0012
9944 0013
9944 0014
9944 0015
9945 0000
9945 0001
9945 0002
9945 0003
9945 0004
9945 0005
9945 0006
9945 0007
9945 0008
9945 0009
9945 0010
9945 0011
9945 0012
9945 0013
9945 0014
9945 0015
9945 0016
9945 0017
9945 0018
9945 0019
9945 0020
9945 0021
9945 0022
9945 0023
9945 0024
9945 0025
9945 0026
9949 0000
9949 0001
9949 0002
9949 0003
9949 0004
9949 0005
9949 0006
9949 0007
9949 0008
9949 0009
9949 0010
9949 0011
9949 0012
9949 0013
9949 0014
9949 0015
9949 0016
9949 0017
9949 0018
9949 0019
9949 0020
9949 0021
9949 0022
9949 0023
9949 0024
9949 0025
9949 0026
9959 0000
9959 0001
9959 0002
9959 0003
9959 0004
9959 0005
9959 0006
9959 0007
9959 0008
9959 0009
9959 0010
9959 0011
9959 0012
9959 0013
9959 0014
9961 0000
9961 0001
9961 0002
9961 0003
9961 0004
9961 0005
9961 0006
9961 0007
9961 0008
9961 0009
9961 0010
9961 0011
9961 0012
9961 0013
9961 0014
9961 0015
9961 0016
9961 0017
9961 0018
9961 0019
9961 0020
9962 0000
9962 0001
9962 0002
9962 0003
9962 0004
9962 0005
9962 0006
9962 0007
9962 0008
9962 0009
9962 0010
9962 0011
9962 0012
9962 0013
9962 0014
9962 0015
9962 0016
9962 0017
9962 0018
9962 0019
9962 0020
9962 0021
9970 0000
9970 0001
9970 0002
9970 0003
9970 0004
9970 0005
9970 0006
9970 0007
9970 0008
9970 0009
9970 0010
9970 0011
9970 0012
9970 0013
9970 0014
9970 0015
9970 0016
9970 0017
9970 0018
9970 0019
9970 0020
9970 0021
9970 0022
9974 0000
9974 0001
9974 0002
9974 0003
9974 0004
9974 0005
9974 0006
9974 0007
9974 0008
9974 0009
9974 0010
9974 0011
9974 0012
9974 0013
9974 0014
9974 0015
9974 0016
9974 0017
9974 0018
9974 0019
9974 0020
9974 0021
9974 0022
9974 0023
9974 0024
9974 0025
9974 0026
9978 0000
9978 0001
9978 0002
9978 0003
9978 0004
9978 0005
9978 0006
9978 0007
9978 0008
9978 0009
9978 0010
9978 0011
9978 0012
9978 0013
9978 0014
9978 0015
9978 0016
9981 0000
9981 0001
9981 0002
9981 0003
9981 0004
9981 0005
9981 0006
9981 0007
9981 0008
9981 0009
9981 0010
9981 0011
9981 0012
9981 0013
9981 0014
9981 0015
9981 0016
9981 0017
9981 0018
9981 0019
9981 0020
9981 0021
9983 0000
9983 0001
9983 0002
9983 0003
9983 0004
9983 0005
9983 0006
9983 0007
9983 0008
9983 0009
9983 0010
9983 0011
9983 0012
9983 0013
9983 0014
9983 0015
9983 0016
9983 0017
9983 0018
9983 0019
9983 0020
9983 0021
9983 0022
9984 0000
9984 0001
9984 0002
9984 0003
9984 0004
9984 0005
9984 0006
9984 0007
9984 0008
9984 0009
9984 0010
9984 0011
9984 0012
9984 0013
9984 0014
9984 0015
9984 0016
9984 0017
9984 0018
9984 0019
9984 0020
9984 0021
9987 0000
9987 0001
9987 0002
9987 0003
9987 0004
9987 0005
9987 0006
9987 0007
9987 0008
9987 0009
9987 0010
9987 0011
9987 0012
9987 0013
9987 0014
9987 0015
9987 0016
9987 0017
9987 0018
9987 0019
9987 0020
9987 0021
9987 0022
9994 0000
9994 0001
9994 0002
9994 0003
9994 0004
9994 0005
9994 0006
9994 0007
9994 0008
9994 0009
9994 0010
9994 0011
9994 0012
9994 0013
9994 0014
9994 0015
9994 0016
9994 0017
9994 0018
9994 0019
9994 0020
9997 0000
9997 0001
9997 0002
9997 0003
9997 0004
9997 0005
9997 0006
9997 0007
9997 0008
9997 0009
9997 0010
9997 0011
9997 0012
9997 0013
9997 0014
9997 0015
9997 0016
9997 0017
9997 0018
9997 0019
9997 0020
9997 0021
9997 0022
9997 0023
9997 0024
9997 0025
9997 0026
9997 0027
9997 0028
9997 0029
9999 0000
9999 0001
9999 0002
9999 0003
9999 0004
9999 0005
9999 0006
9999 0007
9999 0008
9999 0009
9999 0010
9999 0011
9999 0012
9999 0013
9999 0014
9999 0015
9999 0016
9999 0017
10004 0000
10004 0001
10004 0002
10004 0003
10004 0004
10004 0005
10004 0006
10004 0007
10004 0008
10004 0009
10004 0010
10004 0011
10004 0012
10004 0013
10004 0014
10004 0015
10004 0016
10004 0017
10004 0018
10004 0019
10004 0020
10004 0021
10004 0022
10004 0023
10004 0024
10004 0025
10004 0026
10004 0027
10016 0000
10016 0001
10016 0002
10016 0003
10016 0004
10016 0005
10016 0006
10016 0007
10016 0008
10016 0009
10016 0010
10016 0011
10016 0012
10016 0013
10016 0014
10016 0015
10016 0016
10016 0017
10016 0018
10016 0019
10016 0020
10016 0021
10016 0022
10016 0023
10018 0000
10018 0001
10018 0002
10018 0003
10018 0004
10018 0005
10018 0006
10018 0007
10018 0008
10018 0009
10018 0010
10018 0011
10018 0012
10018 0013
10018 0014
10018 0015
10018 0016
10018 0017
10018 0018
10018 0019
10018 0020
10020 0000
10020 0001
10020 0002
10020 0003
10020 0004
10020 0005
10020 0006
10020 0007
10020 0008
10020 0009
10020 0010
10020 0011
10020 0012
10020 0013
10020 0014
10020 0015
10020 0016
10020 0017
10020 0018
10020 0019
10020 0020
10020 0021
10020 0022
10020 0023
10024 0000
10024 0001
10024 0002
10024 0003
10024 0004
10024 0005
10024 0006
10024 0007
10024 0008
10024 0009
10024 0010
10024 0011
10024 0012
10024 0013
10024 0014
10024 0015
10032 0000
10032 0001
10032 0002
10032 0003
10032 0004
10032 0005
10032 0006
10032 0007
10032 0008
10032 0009
10032 0010
10032 0011
10032 0012
10032 0013
10032 0014
10032 0015
10032 0016
10032 0017
10032 0018
10032 0019
10032 0020
10036 0000
10036 0001
10036 0002
10036 0003
10036 0004
10036 0005
10036 0006
10036 0007
10036 0008
10036 0009
10036 0010
10036 0011
10036 0012
10036 0013
10036 0014
10036 0015
10036 0016
10036 0017
10036 0018
10036 0019
10036 0020
10036 0021
10036 0022
10036 0023
10037 0000
10037 0001
10037 0002
10037 0003
10037 0004
10037 0005
10037 0006
10037 0007
10037 0008
10037 0009
10037 0010
10037 0011
10037 0012
10037 0013
10037 0014
10037 0015
10037 0016
10037 0017
10038 0000
10038 0001
10038 0002
10038 0003
10038 0004
10038 0005
10038 0006
10038 0007
10038 0008
10038 0009
10038 0010
10038 0011
10038 0012
10038 0013
10038 0014
10038 0015
10038 0016
10038 0017
10038 0018
10038 0019
10038 0020
10038 0021
10038 0022
10038 0023
10040 0000
10040 0001
10040 0002
10040 0003
10040 0004
10040 0005
10040 0006
10040 0007
10040 0008
10040 0009
10040 0010
10040 0011
10040 0012
10040 0013
10040 0014
10042 0000
10042 0001
10042 0002
10042 0003
10042 0004
10042 0005
10042 0006
10042 0007
10042 0008
10042 0009
10042 0010
10042 0011
10042 0012
10042 0013
10042 0014
10042 0015
10042 0016
10042 0017
10042 0018
10042 0019
10042 0020
10042 0021
10042 0022
10043 0000
10043 0001
10043 0002
10043 0003
10043 0004
10043 0005
10043 0006
10043 0007
10043 0008
10043 0009
10043 0010
10043 0011
10043 0012
10043 0013
10043 0014
10043 0015
10043 0016
10043 0017
10043 0018
10046 0000
10046 0001
10046 0002
10046 0003
10046 0004
10046 0005
10046 0006
10046 0007
10046 0008
10046 0009
10046 0010
10046 0011
10046 0012
10046 0013
10046 0014
10046 0015
10046 0016
10046 0017
10046 0018
10046 0019
10046 0020
10046 0021
10046 0022
10046 0023
10046 0024
10046 0025
10049 0000
10049 0001
10049 0002
10049 0003
10049 0004
10049 0005
10049 0006
10049 0007
10049 0008
10049 0009
10049 0010
10049 0011
10049 0012
10049 0013
10049 0014
10049 0015
10049 0016
10049 0017
10049 0018
10049 0019
10049 0020
10049 0021
10049 0022
10049 0023
10049 0024
10049 0025
10049 0026
10054 0000
10054 0001
10054 0002
10054 0003
10054 0004
10054 0005
10054 0006
10054 0007
10054 0008
10054 0009
10054 0010
10054 0011
10054 0012
10054 0013
10054 0014
10054 0015
10054 0016
10054 0017
10054 0018
10054 0019
10054 0020
10054 0021
10054 0022
10054 0023
10054 0024
10054 0025
10057 0000
10057 0001
10057 0002
10057 0003
10057 0004
10057 0005
10057 0006
10057 0007
10057 0008
10057 0009
10057 0010
10057 0011
10057 0012
10057 0013
10057 0014
10057 0015
10057 0016
10057 0017
10057 0018
10057 0019
10057 0020
10057 0021
10057 0022
10057 0023
10057 0024
10057 0025
10057 0026
10057 0027
10057 0028
10057 0029
10057 0030
10058 0000
10058 0001
10058 0002
10058 0003
10058 0004
10058 0005
10058 0006
10058 0007
10058 0008
10058 0009
10058 0010
10058 0011
10058 0012
10058 0013
10061 0000
10061 0001
10061 0002
10061 0003
10061 0004
10061 0005
10061 0006
10061 0007
10061 0008
10061 0009
10061 0010
10061 0011
10061 0012
10061 0013
10061 0014
10061 0015
10061 0016
10061 0017
10061 0018
10061 0019
10061 0020
10061 0021
10063 0000
10063 0001
10063 0002
10063 0003
10063 0004
10063 0005
10063 0006
10063 0007
10063 0008
10063 0009
10063 0010
10063 0011
10063 0012
10063 0013
10063 0014
10063 0015
10063 0016
10063 0017
10063 0018
10063 0019
10063 0020
10063 0021
10063 0022
10063 0023
10063 0024
10063 0025
10064 0000
10064 0001
10064 0002
10064 0003
10064 0004
10064 0005
10064 0006
10064 0007
10064 0008
10064 0009
10064 0010
10064 0011
10064 0012
10064 0013
10064 0014
10064 0015
10064 0016
10064 0017
10064 0018
10064 0019
10064 0020
10064 0021
10064 0022
10065 0000
10065 0001
10065 0002
10065 0003
10065 0004
10065 0005
10065 0006
10065 0007
10065 0008
10065 0009
10065 0010
10065 0011
10065 0012
10065 0013
10065 0014
10065 0015
10065 0016
10065 0017
10065 0018
10065 0019
10065 0020
10065 0021
10065 0022
10065 0023
10065 0024
10066 0000
10066 0001
10066 0002
10066 0003
10066 0004
10066 0005
10066 0006
10066 0007
10066 0008
10066 0009
10066 0010
10066 0011
10066 0012
10066 0013
10066 0014
10066 0015
10066 0016
10066 0017
10066 0018
10066 0019
10066 0020
10066 0021
10066 0022
10066 0023
10066 0024
10068 0000
10068 0001
10068 0002
10068 0003
10068 0004
10068 0005
10068 0006
10068 0007
10068 0008
10068 0009
10068 0010
10068 0011
10068 0012
10068 0013
10068 0014
10068 0015
10068 0016
10068 0017
10068 0018
10068 0019
10068 0020
10068 0021
10068 0022
10077 0000
10077 0001
10077 0002
10077 0003
10077 0004
10077 0005
10077 0006
10077 0007
10077 0008
10077 0009
10077 0010
10077 0011
10077 0012
10077 0013
10077 0014
10077 0015
10077 0016
10077 0017
10080 0000
10080 0001
10080 0002
10080 0003
10080 0004
10080 0005
10080 0006
10080 0007
10080 0008
10080 0009
10080 0010
10080 0011
10080 0012
10080 0013
10080 0014
10080 0015
10080 0016
10080 0017
10080 0018
10083 0000
10083 0001
10083 0002
10083 0003
10083 0004
10083 0005
10083 0006
10083 0007
10083 0008
10083 0009
10083 0010
10083 0011
10083 0012
10083 0013
10083 0014
10083 0015
10083 0016
10083 0017
10083 0018
10083 0019
10083 0020
10083 0021
10083 0022
10083 0023
10083 0024
10083 0025
10087 0000
10087 0001
10087 0002
10087 0003
10087 0004
10087 0005
10087 0006
10087 0007
10087 0008
10087 0009
10087 0010
10087 0011
10087 0012
10087 0013
10087 0014
10087 0015
10087 0016
10087 0017
10087 0018
10087 0019
10087 0020
10087 0021
10087 0022
10087 0023
10087 0024
10087 0025
10088 0000
10088 0001
10088 0002
10088 0003
10088 0004
10088 0005
10088 0006
10088 0007
10088 0008
10088 0009
10088 0010
10088 0011
10088 0012
10088 0013
10088 0014
10088 0015
10088 0016
10088 0017
10088 0018
10088 0019
10088 0020
10091 0000
10091 0001
10091 0002
10091 0003
10091 0004
10091 0005
10091 0006
10091 0007
10091 0008
10091 0009
10091 0010
10091 0011
10091 0012
10091 0013
10091 0014
10091 0015
10091 0016
10091 0017
10091 0018
10091 0019
10091 0020
10091 0021
10091 0022
10091 0023
10091 0024
10091 0025
10091 0026
10091 0027
10091 0028
10091 0029
10091 0030
10091 0031
10091 0032
10092 0000
10092 0001
10092 0002
10092 0003
10092 0004
10092 0005
10092 0006
10092 0007
10092 0008
10092 0009
10092 0010
10092 0011
10092 0012
10092 0013
10092 0014
10101 0000
10101 0001
10101 0002
10101 0003
10101 0004
10101 0005
10101 0006
10101 0007
10101 0008
10101 0009
10101 0010
10101 0011
10101 0012
10101 0013
10101 0014
10101 0015
10101 0016
10101 0017
10101 0018
10101 0019
10101 0020
10101 0021
10101 0022
10101 0023
10101 0024
10101 0025
10101 0026
10101 0027
10101 0028
10101 0029
10101 0030
10101 0031
10102 0000
10102 0001
10102 0002
10102 0003
10102 0004
10102 0005
10102 0006
10102 0007
10102 0008
10102 0009
10102 0010
10102 0011
10102 0012
10102 0013
10102 0014
10102 0015
10102 0016
10102 0017
10102 0018
10102 0019
10102 0020
10102 0021
10106 0000
10106 0001
10106 0002
10106 0003
10106 0004
10106 0005
10106 0006
10106 0007
10106 0008
10106 0009
10106 0010
10106 0011
10106 0012
10106 0013
10106 0014
10106 0015
10106 0016
10106 0017
10106 0018
10106 0019
10106 0020
10106 0021
10106 0022
10106 0023
10110 0000
10110 0001
10110 0002
10110 0003
10110 0004
10110 0005
10110 0006
10110 0007
10110 0008
10110 0009
10110 0010
10110 0011
10110 0012
10110 0013
10110 0014
10110 0015
10110 0016
10110 0017
10110 0018
10110 0019
10110 0020
10110 0021
10110 0022
10110 0023
10110 0024
10110 0025
10110 0026
10110 0027
10116 0000
10116 0001
10116 0002
10116 0003
10116 0004
10116 0005
10116 0006
10116 0007
10116 0008
10116 0009
10116 0010
10116 0011
10116 0012
10116 0013
10118 0000
10118 0001
10118 0002
10118 0003
10118 0004
10118 0005
10118 0006
10118 0007
10118 0008
10118 0009
10118 0010
10118 0011
10118 0012
10118 0013
10118 0014
10118 0015
10118 0016
10118 0017
10118 0018
10118 0019
10118 0020
10118 0021
10118 0022
10118 0023
10118 0024
10118 0025
10118 0026
10118 0027
10118 0028
10118 0029
10124 0000
10124 0001
10124 0002
10124 0003
10124 0004
10124 0005
10124 0006
10124 0007
10124 0008
10124 0009
10124 0010
10124 0011
10124 0012
10124 0013
10124 0014
10124 0015
10124 0016
10124 0017
10124 0018
10124 0019
10124 0020
10125 0000
10125 0001
10125 0002
10125 0003
10125 0004
10125 0005
10125 0006
10125 0007
10125 0008
10125 0009
10125 0010
10125 0011
10125 0012
10125 0013
10125 0014
10125 0015
10125 0016
10125 0017
10125 0018
10125 0019
10125 0020
10125 0021
10125 0022
10125 0023
10125 0024
10125 0025
10126 0000
10126 0001
10126 0002
10126 0003
10126 0004
10126 0005
10126 0006
10126 0007
10126 0008
10126 0009
10126 0010
10126 0011
10126 0012
10126 0013
10126 0014
10126 0015
10126 0016
10126 0017
10126 0018
10126 0019
10126 0020
10126 0021
10126 0022
10126 0023
10126 0024
10126 0025
10126 0026
10126 0027
10135 0000
10135 0001
10135 0002
10135 0003
10135 0004
10135 0005
10135 0006
10135 0007
10135 0008
10135 0009
10135 0010
10135 0011
10135 0012
10135 0013
10135 0014
10135 0015
10135 0016
10135 0017
10135 0018
10135 0019
10138 0000
10138 0001
10138 0002
10138 0003
10138 0004
10138 0005
10138 0006
10138 0007
10138 0008
10138 0009
10138 0010
10138 0011
10138 0012
10138 0013
10138 0014
10138 0015
10138 0016
10138 0017
10138 0018
10138 0019
10138 0020
10138 0021
10138 0022
10144 0000
10144 0001
10144 0002
10144 0003
10144 0004
10144 0005
10144 0006
10144 0007
10144 0008
10144 0009
10144 0010
10144 0011
10144 0012
10144 0013
10144 0014
10144 0015
10144 0016
10144 0017
10144 0018
10144 0019
10144 0020
10144 0021
10144 0022
10144 0023
10144 0024
10144 0025
10147 0000
10147 0001
10147 0002
10147 0003
10147 0004
10147 0005
10147 0006
10147 0007
10147 0008
10147 0009
10147 0010
10147 0011
10147 0012
10147 0013
10147 0014
10147 0015
10147 0016
10147 0017
10147 0018
10147 0019
10147 0020
10147 0021
10147 0022
10147 0023
10147 0024
10147 0025
10147 0026
10147 0027
10147 0028
10151 0000
10151 0001
10151 0002
10151 0003
10151 0004
10151 0005
10151 0006
10151 0007
10151 0008
10151 0009
10151 0010
10151 0011
10151 0012
10151 0013
10151 0014
10151 0015
10151 0016
10151 0017
10151 0018
10151 0019
10151 0020
10151 0021
10151 0022
10151 0023
10151 0024
10151 0025
10156 0000
10156 0001
10156 0002
10156 0003
10156 0004
10156 0005
10156 0006
10156 0007
10156 0008
10156 0009
10156 0010
10156 0011
10156 0012
10156 0013
10156 0014
10156 0015
10156 0016
10159 0000
10159 0001
10159 0002
10159 0003
10159 0004
10159 0005
10159 0006
10159 0007
10159 0008
10159 0009
10159 0010
10159 0011
10159 0012
10159 0013
10159 0014
10159 0015
10159 0016
10159 0017
10159 0018
10159 0019
10159 0020
10160 0000
10160 0001
10160 0002
10160 0003
10160 0004
10160 0005
10160 0006
10160 0007
10160 0008
10160 0009
10160 0010
10160 0011
10160 0012
10160 0013
10160 0014
10160 0015
10160 0016
10160 0017
10160 0018
10160 0019
10160 0020
10160 0021
10160 0022
10160 0023
10160 0024
10160 0025
10160 0026
10160 0027
10164 0000
10164 0001
10164 0002
10164 0003
10164 0004
10164 0005
10164 0006
10164 0007
10164 0008
10164 0009
10164 0010
10164 0011
10164 0012
10164 0013
10164 0014
10164 0015
10164 0016
10164 0017
10164 0018
10164 0019
10164 0020
10164 0021
10164 0022
10164 0023
10164 0024
10164 0025
10164 0026
10164 0027
10164 0028
10164 0029
10164 0030
10179 0000
10179 0001
10179 0002
10179 0003
10179 0004
10179 0005
10179 0006
10179 0007
10179 0008
10179 0009
10179 0010
10179 0011
10179 0012
10179 0013
10179 0014
10179 0015
10179 0016
10179 0017
10179 0018
10182 0000
10182 0001
10182 0002
10182 0003
10182 0004
10182 0005
10182 0006
10182 0007
10182 0008
10182 0009
10182 0010
10182 0011
10182 0012
10182 0013
10182 0014
10182 0015
10188 0000
10188 0001
10188 0002
10188 0003
10188 0004
10188 0005
10188 0006
10188 0007
10188 0008
10188 0009
10188 0010
10188 0011
10190 0000
10190 0001
10190 0002
10190 0003
10190 0004
10190 0005
10190 0006
10190 0007
10190 0008
10190 0009
10190 0010
10190 0011
10190 0012
10190 0013
10190 0014
10190 0015
10190 0016
10190 0017
10190 0018
10190 0019
10190 0020
10190 0021
10190 0022
10190 0023
10190 0024
10190 0025
10190 0026
10190 0027
10190 0028
10192 0000
10192 0001
10192 0002
10192 0003
10192 0004
10192 0005
10192 0006
10192 0007
10192 0008
10192 0009
10192 0010
10192 0011
10192 0012
10192 0013
10192 0014
10192 0015
10192 0016
10192 0017
10192 0018
10192 0019
10192 0020
10192 0021
10195 0000
10195 0001
10195 0002
10195 0003
10195 0004
10195 0005
10195 0006
10195 0007
10195 0008
10195 0009
10195 0010
10195 0011
10195 0012
10195 0013
10195 0014
10195 0015
10195 0016
10195 0017
10195 0018
10195 0019
10195 0020
10195 0021
10195 0022
10195 0023
10195 0024
10195 0025
10195 0026
10195 0027
10195 0028
10195 0029
10195 0030
10195 0031
10202 0000
10202 0001
10202 0002
10202 0003
10202 0004
10202 0005
10202 0006
10202 0007
10202 0008
10202 0009
10202 0010
10202 0011
10202 0012
10203 0000
10203 0001
10203 0002
10203 0003
10203 0004
10203 0005
10203 0006
10203 0007
10203 0008
10203 0009
10203 0010
10203 0011
10203 0012
10203 0013
10203 0014
10203 0015
10203 0016
10203 0017
10203 0018
10203 0019
10203 0020
10203 0021
10203 0022
10204 0000
10204 0001
10204 0002
10204 0003
10204 0004
10204 0005
10204 0006
10204 0007
10204 0008
10204 0009
10204 0010
10204 0011
10204 0012
10204 0013
10204 0014
10204 0015
10204 0016
10204 0017
10204 0018
10204 0019
10207 0000
10207 0001
10207 0002
10207 0003
10207 0004
10207 0005
10207 0006
10207 0007
10207 0008
10207 0009
10207 0010
10207 0011
10207 0012
10207 0013
10207 0014
10207 0015
10207 0016
10207 0017
10207 0018
10207 0019
10207 0020
10207 0021
10207 0022
10207 0023
10207 0024
10207 0025
10207 0026
10207 0027
10207 0028
10211 0000
10211 0001
10211 0002
10211 0003
10211 0004
10211 0005
10211 0006
10211 0007
10211 0008
10211 0009
10211 0010
10211 0011
10211 0012
10211 0013
10211 0014
10211 0015
10211 0016
10211 0017
10211 0018
10211 0019
10211 0020
10211 0021
10211 0022
10212 0000
10212 0001
10212 0002
10212 0003
10212 0004
10212 0005
10212 0006
10212 0007
10212 0008
10212 0009
10212 0010
10212 0011
10212 0012
10212 0013
10212 0014
10212 0015
10212 0016
10212 0017
10212 0018
10212 0019
10212 0020
10212 0021
10212 0022
10212 0023
10214 0000
10214 0001
10214 0002
10214 0003
10214 0004
10214 0005
10214 0006
10214 0007
10214 0008
10214 0009
10214 0010
10214 0011
10214 0012
10214 0013
10214 0014
10214 0015
10214 0016
10214 0017
10214 0018
10214 0019
10214 0020
10214 0021
10214 0022
10214 0023
10214 0024
10214 0025
10217 0000
10217 0001
10217 0002
10217 0003
10217 0004
10217 0005
10217 0006
10217 0007
10217 0008
10217 0009
10217 0010
10217 0011
10217 0012
10217 0013
10217 0014
10217 0015
10217 0016
10217 0017
10217 0018
10217 0019
10217 0020
10217 0021
10217 0022
10218 0000
10218 0001
10218 0002
10218 0003
10218 0004
10218 0005
10218 0006
10218 0007
10218 0008
10218 0009
10218 0010
10218 0011
10218 0012
10218 0013
10218 0014
10218 0015
10218 0016
10218 0017
10218 0018
10218 0019
10218 0020
10218 0021
10218 0022
10218 0023
10218 0024
10218 0025
10224 0000
10224 0001
10224 0002
10224 0003
10224 0004
10224 0005
10224 0006
10224 0007
10224 0008
10224 0009
10224 0010
10224 0011
10224 0012
10224 0013
10224 0014
10224 0015
10224 0016
10224 0017
10224 0018
10224 0019
10224 0020
10224 0021
10224 0022
10226 0000
10226 0001
10226 0002
10226 0003
10226 0004
10226 0005
10226 0006
10226 0007
10226 0008
10226 0009
10226 0010
10226 0011
10226 0012
10226 0013
10226 0014
10228 0000
10228 0001
10228 0002
10228 0003
10228 0004
10228 0005
10228 0006
10228 0007
10228 0008
10228 0009
10228 0010
10228 0011
10228 0012
10228 0013
10228 0014
10228 0015
10228 0016
10235 0000
10235 0001
10235 0002
10235 0003
10235 0004
10235 0005
10235 0006
10235 0007
10235 0008
10235 0009
10235 0010
10235 0011
10235 0012
10235 0013
10235 0014
10235 0015
10235 0016
10235 0017
10235 0018
10238 0000
10238 0001
10238 0002
10238 0003
10238 0004
10238 0005
10238 0006
10238 0007
10238 0008
10238 0009
10238 0010
10238 0011
10238 0012
10238 0013
10238 0014
10238 0015
10238 0016
10238 0017
10238 0018
10238 0019
10238 0020
10238 0021
10238 0022
10238 0023
10240 0000
10240 0001
10240 0002
10240 0003
10240 0004
10240 0005
10240 0006
10240 0007
10240 0008
10240 0009
10240 0010
10240 0011
10240 0012
10240 0013
10240 0014
10240 0015
10240 0016
10240 0017
10240 0018
10240 0019
10240 0020
10240 0021
10240 0022
10240 0023
10240 0024
10240 0025
10240 0026
10244 0000
10244 0001
10244 0002
10244 0003
10244 0004
10244 0005
10244 0006
10244 0007
10244 0008
10244 0009
10244 0010
10244 0011
10244 0012
10244 0013
10244 0014
10244 0015
10244 0016
10244 0017
10244 0018
10244 0019
10244 0020
10244 0021
10244 0022
10244 0023
10245 0000
10245 0001
10245 0002
10245 0003
10245 0004
10245 0005
10245 0006
10245 0007
10245 0008
10245 0009
10245 0010
10245 0011
10245 0012
10245 0013
10245 0014
10245 0015
10245 0016
10245 0017
10245 0018
10245 0019
10245 0020
10245 0021
10245 0022
10245 0023
10245 0024
10245 0025
10248 0000
10248 0001
10248 0002
10248 0003
10248 0004
10248 0005
10248 0006
10248 0007
10248 0008
10248 0009
10248 0010
10248 0011
10248 0012
10248 0013
10248 0014
10248 0015
10248 0016
10248 0017
10248 0018
10248 0019
10248 0020
10248 0021
10248 0022
10257 0000
10257 0001
10257 0002
10257 0003
10257 0004
10257 0005
10257 0006
10257 0007
10257 0008
10257 0009
10257 0010
10257 0011
10257 0012
10257 0013
10257 0014
10257 0015
10257 0016
10257 0017
10257 0018
10257 0019
10257 0020
10257 0021
10257 0022
10257 0023
10257 0024
10258 0000
10258 0001
10258 0002
10258 0003
10258 0004
10258 0005
10258 0006
10258 0007
10258 0008
10258 0009
10258 0010
10258 0011
10258 0012
10258 0013
10258 0014
10258 0015
10258 0016
10258 0017
10258 0018
10258 0019
10258 0020
10258 0021
10258 0022
10258 0023
10258 0024
10258 0025
10258 0026
10258 0027
10265 0000
10265 0001
10265 0002
10265 0003
10265 0004
10265 0005
10265 0006
10265 0007
10265 0008
10265 0009
10265 0010
10265 0011
10265 0012
10265 0013
10265 0014
10266 0000
10266 0001
10266 0002
10266 0003
10266 0004
10266 0005
10266 0006
10266 0007
10266 0008
10266 0009
10266 0010
10266 0011
10266 0012
10266 0013
10266 0014
10266 0015
10266 0016
10266 0017
10266 0018
10266 0019
10270 0000
10270 0001
10270 0002
10270 0003
10270 0004
10270 0005
10270 0006
10270 0007
10270 0008
10270 0009
10270 0010
10270 0011
10270 0012
10270 0013
10270 0014
10270 0015
10270 0016
10271 0000
10271 0001
10271 0002
10271 0003
10271 0004
10271 0005
10271 0006
10271 0007
10271 0008
10271 0009
10271 0010
10271 0011
10271 0012
10271 0013
10271 0014
10271 0015
10271 0016
10271 0017
10271 0018
10271 0019
10271 0020
10271 0021
10271 0022
10271 0023
10271 0024
10271 0025
10271 0026
10271 0027
10271 0028
10276 0000
10276 0001
10276 0002
10276 0003
10276 0004
10276 0005
10276 0006
10276 0007
10276 0008
10276 0009
10276 0010
10276 0011
10276 0012
10276 0013
10276 0014
10276 0015
10276 0016
10276 0017
10276 0018
10276 0019
10276 0020
10281 0000
10281 0001
10281 0002
10281 0003
10281 0004
10281 0005
10281 0006
10281 0007
10281 0008
10281 0009
10281 0010
10281 0011
10281 0012
10281 0013
10281 0014
10281 0015
10281 0016
10281 0017
10281 0018
10281 0019
10281 0020
10281 0021
10281 0022
10282 0000
10282 0001
10282 0002
10282 0003
10282 0004
10282 0005
10282 0006
10282 0007
10282 0008
10282 0009
10282 0010
10282 0011
10282 0012
10282 0013
10282 0014
10282 0015
10282 0016
10284 0000
10284 0001
10284 0002
10284 0003
10284 0004
10284 0005
10284 0006
10284 0007
10284 0008
10284 0009
10284 0010
10284 0011
10284 0012
10284 0013
10284 0014
10284 0015
10284 0016
10284 0017
10284 0018
10284 0019
10284 0020
10284 0021
10284 0022
10284 0023
10284 0024
10284 0025
10284 0026
10286 0000
10286 0001
10286 0002
10286 0003
10286 0004
10286 0005
10286 0006
10286 0007
10286 0008
10286 0009
10286 0010
10286 0011
10286 0012
10286 0013
10286 0014
10286 0015
10286 0016
10286 0017
10286 0018
10286 0019
10286 0020
10286 0021
10286 0022
10286 0023
10286 0024
10286 0025
10286 0026
10286 0027
10286 0028
10286 0029
10286 0030
10286 0031
10290 0000
10290 0001
10290 0002
10290 0003
10290 0004
10290 0005
10290 0006
10290 0007
10290 0008
10290 0009
10290 0010
10290 0011
10290 0012
10290 0013
10299 0000
10299 0001
10299 0002
10299 0003
10299 0004
10299 0005
10299 0006
10299 0007
10299 0008
10299 0009
10299 0010
10299 0011
10299 0012
10299 0013
10299 0014
10299 0015
10299 0016
10299 0017
10299 0018
10299 0019
10302 0000
10302 0001
10302 0002
10302 0003
10302 0004
10302 0005
10302 0006
10302 0007
10302 0008
10302 0009
10302 0010
10302 0011
10302 0012
10302 0013
10302 0014
10302 0015
10302 0016
10302 0017
10302 0018
10302 0019
10302 0020
10302 0021
10304 0000
10304 0001
10304 0002
10304 0003
10304 0004
10304 0005
10304 0006
10304 0007
10304 0008
10304 0009
10304 0010
10304 0011
10304 0012
10304 0013
10304 0014
10304 0015
10304 0016
10304 0017
10309 0000
10309 0001
10309 0002
10309 0003
10309 0004
10309 0005
10309 0006
10309 0007
10309 0008
10309 0009
10309 0010
10309 0011
10309 0012
10309 0013
10309 0014
10309 0015
10309 0016
10309 0017
10309 0018
10310 0000
10310 0001
10310 0002
10310 0003
10310 0004
10310 0005
10310 0006
10310 0007
10310 0008
10310 0009
10310 0010
10310 0011
10310 0012
10310 0013
10310 0014
10310 0015
10310 0016
10310 0017
10310 0018
10310 0019
10310 0020
10310 0021
10310 0022
10310 0023
10310 0024
10310 0025
10310 0026
10310 0027
10311 0000
10311 0001
10311 0002
10311 0003
10311 0004
10311 0005
10311 0006
10311 0007
10311 0008
10311 0009
10311 0010
10311 0011
10311 0012
10311 0013
10311 0014
10311 0015
10311 0016
10311 0017
10311 0018
10311 0019
10311 0020
10311 0021
10311 0022
10311 0023
10311 0024
10311 0025
10311 0026
10317 0000
10317 0001
10317 0002
10317 0003
10317 0004
10317 0005
10317 0006
10317 0007
10317 0008
10317 0009
10317 0010
10317 0011
10317 0012
10317 0013
10317 0014
10317 0015
10317 0016
10317 0017
10317 0018
10317 0019
10317 0020
10317 0021
10317 0022
10317 0023
10317 0024
10317 0025
10317 0026
10318 0000
10318 0001
10318 0002
10318 0003
10318 0004
10318 0005
10318 0006
10318 0007
10318 0008
10318 0009
10318 0010
10318 0011
10318 0012
10318 0013
10318 0014
10318 0015
10318 0016
10318 0017
10318 0018
10318 0019
10318 0020
10318 0021
10324 0000
10324 0001
10324 0002
10324 0003
10324 0004
10324 0005
10324 0006
10324 0007
10324 0008
10324 0009
10324 0010
10324 0011
10324 0012
10324 0013
10324 0014
10324 0015
10324 0016
10324 0017
10324 0018
10324 0019
10324 0020
10324 0021
10324 0022
10327 0000
10327 0001
10327 0002
10327 0003
10327 0004
10327 0005
10327 0006
10327 0007
10327 0008
10327 0009
10327 0010
10327 0011
10327 0012
10327 0013
10327 0014
10327 0015
10327 0016
10327 0017
10327 0018
10327 0019
10327 0020
10327 0021
10327 0022
10327 0023
10327 0024
10329 0000
10329 0001
10329 0002
10329 0003
10329 0004
10329 0005
10329 0006
10329 0007
10329 0008
10329 0009
10329 0010
10329 0011
10329 0012
10329 0013
10329 0014
10329 0015
10329 0016
10337 0000
10337 0001
10337 0002
10337 0003
10337 0004
10337 0005
10337 0006
10337 0007
10337 0008
10337 0009
10337 0010
10337 0011
10337 0012
10337 0013
10337 0014
10337 0015
10337 0016
10337 0017
10337 0018
10337 0019
10337 0020
10337 0021
10337 0022
10337 0023
10338 0000
10338 0001
10338 0002
10338 0003
10338 0004
10338 0005
10338 0006
10338 0007
10338 0008
10338 0009
10338 0010
10338 0011
10338 0012
10338 0013
10338 0014
10338 0015
10338 0016
10338 0017
10338 0018
10338 0019
10338 0020
10338 0021
10338 0022
10338 0023
10338 0024
10338 0025
10338 0026
10338 0027
10338 0028
10340 0000
10340 0001
10340 0002
10340 0003
10340 0004
10340 0005
10340 0006
10340 0007
10340 0008
10340 0009
10340 0010
10340 0011
10340 0012
10340 0013
10340 0014
10340 0015
10340 0016
10340 0017
10340 0018
10340 0019
10340 0020
10340 0021
10340 0022
10340 0023
10340 0024
10340 0025
10342 0000
10342 0001
10342 0002
10342 0003
10342 0004
10342 0005
10342 0006
10342 0007
10342 0008
10342 0009
10342 0010
10342 0011
10342 0012
10342 0013
10342 0014
10342 0015
10342 0016
10342 0017
10342 0018
10342 0019
10342 0020
10342 0021
10342 0022
10351 0000
10351 0001
10351 0002
10351 0003
10351 0004
10351 0005
10351 0006
10351 0007
10351 0008
10351 0009
10351 0010
10351 0011
10351 0012
10351 0013
10351 0014
10351 0015
10351 0016
10351 0017
10351 0018
10351 0019
10351 0020
10351 0021
10351 0022
10351 0023
10351 0024
10351 0025
10351 0026
10351 0027
10351 0028
10351 0029
10351 0030
10351 0031
10351 0032
10354 0000
10354 0001
10354 0002
10354 0003
10354 0004
10354 0005
10354 0006
10354 0007
10354 0008
10354 0009
10354 0010
10354 0011
10354 0012
10354 0013
10354 0014
10354 0015
10354 0016
10354 0017
10354 0018
10354 0019
10354 0020
10354 0021
10354 0022
10357 0000
10357 0001
10357 0002
10357 0003
10357 0004
10357 0005
10357 0006
10357 0007
10357 0008
10357 0009
10357 0010
10357 0011
10357 0012
10357 0013
10357 0014
10357 0015
10357 0016
10357 0017
10357 0018
10357 0019
10365 0000
10365 0001
10365 0002
10365 0003
10365 0004
10365 0005
10365 0006
10365 0007
10365 0008
10365 0009
10365 0010
10365 0011
10365 0012
10365 0013
10365 0014
10365 0015
10365 0016
10365 0017
10365 0018
10365 0019
10365 0020
10365 0021
10365 0022
10365 0023
10365 0024
10365 0025
10365 0026
10367 0000
10367 0001
10367 0002
10367 0003
10367 0004
10367 0005
10367 0006
10367 0007
10367 0008
10367 0009
10367 0010
10367 0011
10367 0012
10367 0013
10367 0014
10367 0015
10367 0016
10367 0017
10367 0018
10368 0000
10368 0001
10368 0002
10368 0003
10368 0004
10368 0005
10368 0006
10368 0007
10368 0008
10368 0009
10368 0010
10368 0011
10368 0012
10368 0013
10368 0014
10368 0015
10368 0016
10368 0017
10368 0018
10368 0019
10368 0020
10368 0021
10368 0022
10373 0000
10373 0001
10373 0002
10373 0003
10373 0004
10373 0005
10373 0006
10373 0007
10373 0008
10373 0009
10373 0010
10373 0011
10373 0012
10373 0013
10373 0014
10373 0015
10373 0016
10373 0017
10373 0018
10374 0000
10374 0001
10374 0002
10374 0003
10374 0004
10374 0005
10374 0006
10374 0007
10374 0008
10374 0009
10374 0010
10374 0011
10374 0012
10374 0013
10374 0014
10374 0015
10374 0016
10374 0017
10374 0018
10374 0019
10384 0000
10384 0001
10384 0002
10384 0003
10384 0004
10384 0005
10384 0006
10384 0007
10384 0008
10384 0009
10384 0010
10384 0011
10384 0012
10384 0013
10384 0014
10384 0015
10389 0000
10389 0001
10389 0002
10389 0003
10389 0004
10389 0005
10389 0006
10389 0007
10389 0008
10389 0009
10389 0010
10389 0011
10389 0012
10389 0013
10389 0014
10389 0015
10389 0016
10389 0017
10389 0018
10389 0019
10394 0000
10394 0001
10394 0002
10394 0003
10394 0004
10394 0005
10394 0006
10394 0007
10394 0008
10394 0009
10394 0010
10394 0011
10394 0012
10394 0013
10394 0014
10394 0015
10394 0016
10394 0017
10394 0018
10394 0019
10394 0020
10397 0000
10397 0001
10397 0002
10397 0003
10397 0004
10397 0005
10397 0006
10397 0007
10397 0008
10397 0009
10397 0010
10397 0011
10397 0012
10397 0013
10397 0014
10397 0015
10397 0016
10397 0017
10397 0018
10397 0019
10397 0020
10397 0021
10397 0022
10397 0023
10397 0024
10397 0025
10397 0026
10400 0000
10400 0001
10400 0002
10400 0003
10400 0004
10400 0005
10400 0006
10400 0007
10400 0008
10400 0009
10400 0010
10400 0011
10400 0012
10400 0013
10400 0014
10400 0015
10400 0016
10400 0017
10400 0018
10400 0019
10400 0020
10400 0021
10400 0022
10400 0023
10400 0024
10400 0025
10400 0026
10402 0000
10402 0001
10402 0002
10402 0003
10402 0004
10402 0005
10402 0006
10402 0007
10402 0008
10402 0009
10402 0010
10402 0011
10402 0012
10402 0013
10402 0014
10402 0015
10402 0016
10402 0017
10402 0018
10402 0019
10402 0020
10402 0021
10402 0022
10402 0023
10402 0024
10402 0025
10404 0000
10404 0001
10404 0002
10404 0003
10404 0004
10404 0005
10404 0006
10404 0007
10404 0008
10404 0009
10404 0010
10404 0011
10404 0012
10404 0013
10404 0014
10404 0015
10404 0016
10404 0017
10404 0018
10404 0019
10404 0020
10404 0021
10404 0022
10404 0023
10404 0024
10404 0025
10404 0026
10404 0027
10408 0000
10408 0001
10408 0002
10408 0003
10408 0004
10408 0005
10408 0006
10408 0007
10408 0008
10408 0009
10408 0010
10408 0011
10408 0012
10408 0013
10408 0014
10408 0015
10408 0016
10408 0017
10409 0000
10409 0001
10409 0002
10409 0003
10409 0004
10409 0005
10409 0006
10409 0007
10409 0008
10409 0009
10409 0010
10409 0011
10409 0012
10409 0013
10409 0014
10409 0015
10409 0016
10409 0017
10409 0018
10409 0019
10410 0000
10410 0001
10410 0002
10410 0003
10410 0004
10410 0005
10410 0006
10410 0007
10410 0008
10410 0009
10410 0010
10410 0011
10410 0012
10410 0013
10410 0014
10410 0015
10410 0016
10410 0017
10410 0018
10410 0019
10410 0020
10412 0000
10412 0001
10412 0002
10412 0003
10412 0004
10412 0005
10412 0006
10412 0007
10412 0008
10412 0009
10412 0010
10412 0011
10412 0012
10412 0013
10412 0014
10412 0015
10412 0016
10412 0017
10412 0018
10412 0019
10412 0020
10412 0021
10412 0022
10413 0000
10413 0001
10413 0002
10413 0003
10413 0004
10413 0005
10413 0006
10413 0007
10413 0008
10413 0009
10413 0010
10413 0011
10413 0012
10413 0013
10413 0014
10413 0015
10413 0016
10413 0017
10415 0000
10415 0001
10415 0002
10415 0003
10415 0004
10415 0005
10415 0006
10415 0007
10415 0008
10415 0009
10415 0010
10415 0011
10415 0012
10415 0013
10415 0014
10415 0015
10415 0016
10415 0017
10415 0018
10415 0019
10415 0020
10415 0021
10415 0022
10415 0023
10415 0024
10415 0025
10415 0026
10415 0027
10415 0028
10421 0000
10421 0001
10421 0002
10421 0003
10421 0004
10421 0005
10421 0006
10421 0007
10421 0008
10421 0009
10421 0010
10421 0011
10421 0012
10421 0013
10421 0014
10421 0015
10421 0016
10421 0017
10421 0018
10421 0019
10432 0000
10432 0001
10432 0002
10432 0003
10432 0004
10432 0005
10432 0006
10432 0007
10432 0008
10432 0009
10432 0010
10432 0011
10432 0012
10432 0013
10432 0014
10432 0015
10432 0016
10432 0017
10432 0018
10432 0019
10437 0000
10437 0001
10437 0002
10437 0003
10437 0004
10437 0005
10437 0006
10437 0007
10437 0008
10437 0009
10437 0010
10437 0011
10437 0012
10437 0013
10437 0014
10437 0015
10437 0016
10437 0017
10437 0018
10437 0019
10437 0020
10437 0021
10437 0022
10437 0023
10437 0024
10437 0025
10437 0026
10437 0027
10437 0028
10437 0029
10438 0000
10438 0001
10438 0002
10438 0003
10438 0004
10438 0005
10438 0006
10438 0007
10438 0008
10438 0009
10438 0010
10438 0011
10468 0000
10468 0001
10468 0002
10468 0003
10468 0004
10468 0005
10468 0006
10468 0007
10468 0008
10468 0009
10468 0010
10468 0011
10468 0012
10468 0013
10468 0014
10471 0000
10471 0001
10471 0002
10471 0003
10471 0004
10471 0005
10471 0006
10471 0007
10471 0008
10471 0009
10471 0010
10471 0011
10471 0012
10471 0013
10471 0014
10471 0015
10471 0016
10471 0017
10471 0018
10471 0019
10471 0020
10473 0000
10473 0001
10473 0002
10473 0003
10473 0004
10473 0005
10473 0006
10473 0007
10473 0008
10473 0009
10473 0010
10473 0011
10473 0012
10473 0013
10473 0014
10473 0015
10473 0016
10473 0017
10473 0018
10473 0019
10473 0020
10474 0000
10474 0001
10474 0002
10474 0003
10474 0004
10474 0005
10474 0006
10474 0007
10474 0008
10474 0009
10474 0010
10474 0011
10474 0012
10474 0013
10474 0014
10474 0015
10474 0016
10474 0017
10474 0018
10477 0000
10477 0001
10477 0002
10477 0003
10477 0004
10477 0005
10477 0006
10477 0007
10477 0008
10477 0009
10477 0010
10477 0011
10477 0012
10477 0013
10477 0014
10477 0015
10477 0016
10477 0017
10477 0018
10486 0000
10486 0001
10486 0002
10486 0003
10486 0004
10486 0005
10486 0006
10486 0007
10486 0008
10486 0009
10486 0010
10486 0011
10486 0012
10486 0013
10486 0014
10486 0015
10486 0016
10486 0017
10486 0018
10486 0019
10486 0020
10486 0021
10486 0022
10486 0023
10486 0024
10486 0025
10486 0026
10486 0027
10486 0028
10486 0029
10486 0030
10486 0031
10490 0000
10490 0001
10490 0002
10490 0003
10490 0004
10490 0005
10490 0006
10490 0007
10490 0008
10490 0009
10490 0010
10490 0011
10490 0012
10490 0013
10490 0014
10490 0015
10490 0016
10490 0017
10490 0018
10490 0019
10490 0020
10490 0021
10490 0022
10490 0023
10490 0024
10490 0025
10490 0026
10491 0000
10491 0001
10491 0002
10491 0003
10491 0004
10491 0005
10491 0006
10491 0007
10491 0008
10491 0009
10491 0010
10491 0011
10491 0012
10491 0013
10491 0014
10491 0015
10491 0016
10491 0017
10491 0018
10491 0019
10491 0020
10491 0021
10491 0022
10491 0023
10491 0024
10491 0025
10491 0026
10491 0027
10492 0000
10492 0001
10492 0002
10492 0003
10492 0004
10492 0005
10492 0006
10492 0007
10492 0008
10492 0009
10492 0010
10492 0011
10492 0012
10492 0013
10492 0014
10492 0015
10492 0016
10492 0017
10492 0018
10495 0000
10495 0001
10495 0002
10495 0003
10495 0004
10495 0005
10495 0006
10495 0007
10495 0008
10495 0009
10495 0010
10495 0011
10495 0012
10495 0013
10495 0014
10495 0015
10495 0016
10495 0017
10495 0018
10495 0019
10495 0020
10495 0021
10495 0022
10497 0000
10497 0001
10497 0002
10497 0003
10497 0004
10497 0005
10497 0006
10497 0007
10497 0008
10497 0009
10497 0010
10497 0011
10497 0012
10497 0013
10497 0014
10497 0015
10497 0016
10497 0017
10497 0018
10497 0019
10497 0020
10497 0021
10497 0022
10497 0023
10497 0024
10497 0025
10497 0026
10498 0000
10498 0001
10498 0002
10498 0003
10498 0004
10498 0005
10498 0006
10498 0007
10498 0008
10498 0009
10498 0010
10498 0011
10498 0012
10498 0013
10498 0014
10498 0015
10498 0016
10498 0017
10498 0018
10498 0019
10498 0020
10498 0021
10498 0022
10498 0023
10498 0024
10501 0000
10501 0001
10501 0002
10501 0003
10501 0004
10501 0005
10501 0006
10501 0007
10501 0008
10501 0009
10501 0010
10501 0011
10501 0012
10501 0013
10501 0014
10501 0015
10501 0016
10501 0017
10501 0018
10501 0019
10501 0020
10501 0021
10501 0022
10501 0023
10501 0024
10501 0025
10501 0026
10501 0027
10504 0000
10504 0001
10504 0002
10504 0003
10504 0004
10504 0005
10504 0006
10504 0007
10504 0008
10504 0009
10504 0010
10504 0011
10504 0012
10504 0013
10505 0000
10505 0001
10505 0002
10505 0003
10505 0004
10505 0005
10505 0006
10505 0007
10505 0008
10505 0009
10505 0010
10505 0011
10505 0012
10505 0013
10505 0014
10508 0000
10508 0001
10508 0002
10508 0003
10508 0004
10508 0005
10508 0006
10508 0007
10508 0008
10508 0009
10508 0010
10508 0011
10508 0012
10508 0013
10508 0014
10508 0015
10508 0016
10508 0017
10508 0018
10508 0019
10508 0020
10508 0021
10508 0022
10508 0023
10508 0024
10508 0025
10511 0000
10511 0001
10511 0002
10511 0003
10511 0004
10511 0005
10511 0006
10511 0007
10511 0008
10511 0009
10511 0010
10511 0011
10511 0012
10511 0013
10511 0014
10511 0015
10511 0016
10511 0017
10511 0018
10511 0019
10511 0020
10511 0021
10511 0022
10511 0023
10511 0024
10521 0000
10521 0001
10521 0002
10521 0003
10521 0004
10521 0005
10521 0006
10521 0007
10521 0008
10521 0009
10521 0010
10521 0011
10521 0012
10521 0013
10521 0014
10521 0015
10521 0016
10521 0017
10521 0018
10521 0019
10521 0020
10521 0021
10524 0000
10524 0001
10524 0002
10524 0003
10524 0004
10524 0005
10524 0006
10524 0007
10524 0008
10524 0009
10524 0010
10524 0011
10524 0012
10524 0013
10524 0014
10524 0015
10524 0016
10524 0017
10524 0018
10524 0019
10524 0020
10524 0021
10527 0000
10527 0001
10527 0002
10527 0003
10527 0004
10527 0005
10527 0006
10527 0007
10527 0008
10527 0009
10527 0010
10527 0011
10527 0012
10527 0013
10527 0014
10527 0015
10527 0016
10527 0017
10542 0000
10542 0001
10542 0002
10542 0003
10542 0004
10542 0005
10542 0006
10542 0007
10542 0008
10542 0009
10542 0010
10542 0011
10542 0012
10542 0013
10542 0014
10542 0015
10542 0016
10542 0017
10542 0018
10542 0019
10542 0020
10550 0000
10550 0001
10550 0002
10550 0003
10550 0004
10550 0005
10550 0006
10550 0007
10550 0008
10550 0009
10550 0010
10550 0011
10550 0012
10550 0013
10550 0014
10550 0015
10550 0016
10550 0017
10550 0018
10550 0019
10550 0020
10550 0021
10550 0022
10550 0023
10550 0024
10550 0025
10550 0026
10551 0000
10551 0001
10551 0002
10551 0003
10551 0004
10551 0005
10551 0006
10551 0007
10551 0008
10551 0009
10551 0010
10551 0011
10551 0012
10551 0013
10551 0014
10553 0000
10553 0001
10553 0002
10553 0003
10553 0004
10553 0005
10553 0006
10553 0007
10553 0008
10553 0009
10553 0010
10553 0011
10553 0012
10553 0013
10553 0014
10553 0015
10553 0016
10553 0017
10553 0018
10554 0000
10554 0001
10554 0002
10554 0003
10554 0004
10554 0005
10554 0006
10554 0007
10554 0008
10554 0009
10554 0010
10554 0011
10554 0012
10554 0013
10554 0014
10554 0015
10554 0016
10554 0017
10554 0018
10554 0019
10554 0020
10554 0021
10554 0022
10554 0023
10554 0024
10554 0025
10554 0026
10554 0027
10554 0028
10554 0029
10554 0030
10554 0031
10554 0032
10584 0000
10584 0001
10584 0002
10584 0003
10584 0004
10584 0005
10584 0006
10584 0007
10584 0008
10584 0009
10584 0010
10584 0011
10584 0012
10584 0013
10584 0014
10584 0015
10584 0016
10584 0017
10584 0018
10584 0019
10584 0020
10584 0021
10584 0022
10584 0023
10584 0024
10584 0025
10584 0026
10584 0027
10584 0028
10584 0029
10586 0000
10586 0001
10586 0002
10586 0003
10586 0004
10586 0005
10586 0006
10586 0007
10586 0008
10586 0009
10586 0010
10586 0011
10586 0012
10586 0013
10586 0014
10586 0015
10586 0016
10586 0017
10586 0018
10586 0019
10586 0020
10588 0000
10588 0001
10588 0002
10588 0003
10588 0004
10588 0005
10588 0006
10588 0007
10588 0008
10588 0009
10588 0010
10588 0011
10588 0012
10588 0013
10588 0014
10588 0015
10588 0016
10588 0017
10588 0018
10588 0019
10588 0020
10588 0021
10588 0022
10588 0023
10588 0024
10588 0025
10588 0026
10590 0000
10590 0001
10590 0002
10590 0003
10590 0004
10590 0005
10590 0006
10590 0007
10590 0008
10590 0009
10590 0010
10590 0011
10590 0012
10590 0013
10590 0014
10590 0015
10590 0016
10590 0017
10590 0018
10590 0019
10590 0020
10599 0000
10599 0001
10599 0002
10599 0003
10599 0004
10599 0005
10599 0006
10599 0007
10599 0008
10599 0009
10599 0010
10599 0011
10599 0012
10599 0013
10599 0014
10599 0015
10599 0016
10599 0017
10599 0018
10599 0019
10599 0020
10599 0021
10604 0000
10604 0001
10604 0002
10604 0003
10604 0004
10604 0005
10604 0006
10604 0007
10604 0008
10604 0009
10604 0010
10604 0011
10604 0012
10604 0013
10604 0014
10604 0015
10604 0016
10604 0017
10604 0018
10604 0019
10604 0020
10604 0021
10604 0022
10604 0023
10604 0024
10604 0025
10604 0026
10605 0000
10605 0001
10605 0002
10605 0003
10605 0004
10605 0005
10605 0006
10605 0007
10605 0008
10605 0009
10605 0010
10605 0011
10605 0012
10605 0013
10605 0014
10605 0015
10605 0016
10605 0017
10605 0018
10605 0019
10605 0020
10605 0021
10605 0022
10605 0023
10605 0024
10605 0025
10605 0026
10605 0027
10605 0028
10605 0029
10605 0030
10605 0031
10605 0032
10607 0000
10607 0001
10607 0002
10607 0003
10607 0004
10607 0005
10607 0006
10607 0007
10607 0008
10607 0009
10607 0010
10607 0011
10607 0012
10607 0013
10607 0014
10607 0015
10607 0016
10607 0017
10607 0018
10607 0019
10607 0020
10607 0021
10607 0022
10607 0023
10607 0024
10607 0025
10607 0026
10607 0027
10607 0028
10607 0029
10607 0030
10607 0031
10607 0032
10608 0000
10608 0001
10608 0002
10608 0003
10608 0004
10608 0005
10608 0006
10608 0007
10608 0008
10608 0009
10608 0010
10608 0011
10608 0012
10608 0013
10608 0014
10608 0015
10608 0016
10608 0017
10608 0018
10608 0019
10608 0020
10608 0021
10608 0022
10608 0023
10608 0024
10609 0000
10609 0001
10609 0002
10609 0003
10609 0004
10609 0005
10609 0006
10609 0007
10609 0008
10609 0009
10609 0010
10609 0011
10609 0012
10609 0013
10609 0014
10621 0000
10621 0001
10621 0002
10621 0003
10621 0004
10621 0005
10621 0006
10621 0007
10621 0008
10621 0009
10621 0010
10621 0011
10621 0012
10621 0013
10621 0014
10621 0015
10621 0016
10621 0017
10621 0018
10621 0019
10621 0020
10621 0021
10621 0022
10621 0023
10621 0024
10621 0025
10621 0026
10623 0000
10623 0001
10623 0002
10623 0003
10623 0004
10623 0005
10623 0006
10623 0007
10623 0008
10623 0009
10623 0010
10623 0011
10623 0012
10623 0013
10623 0014
10623 0015
10623 0016
10623 0017
10623 0018
10623 0019
10623 0020
10631 0000
10631 0001
10631 0002
10631 0003
10631 0004
10631 0005
10631 0006
10631 0007
10631 0008
10631 0009
10631 0010
10631 0011
10631 0012
10631 0013
10631 0014
10631 0015
10631 0016
10631 0017
10631 0018
10631 0019
10631 0020
10631 0021
10631 0022
10636 0000
10636 0001
10636 0002
10636 0003
10636 0004
10636 0005
10636 0006
10636 0007
10636 0008
10636 0009
10636 0010
10636 0011
10636 0012
10636 0013
10636 0014
10636 0015
10636 0016
10636 0017
10636 0018
10636 0019
10636 0020
10636 0021
10636 0022
10636 0023
10638 0000
10638 0001
10638 0002
10638 0003
10638 0004
10638 0005
10638 0006
10638 0007
10638 0008
10638 0009
10638 0010
10638 0011
10638 0012
10638 0013
10638 0014
10638 0015
10638 0016
10638 0017
10638 0018
10638 0019
10638 0020
10638 0021
10639 0000
10639 0001
10639 0002
10639 0003
10639 0004
10639 0005
10639 0006
10639 0007
10639 0008
10639 0009
10639 0010
10639 0011
10639 0012
10639 0013
10639 0014
10639 0015
10639 0016
10639 0017
10639 0018
10639 0019
10639 0020
10639 0021
10639 0022
10639 0023
10642 0000
10642 0001
10642 0002
10642 0003
10642 0004
10642 0005
10642 0006
10642 0007
10642 0008
10642 0009
10642 0010
10642 0011
10642 0012
10642 0013
10642 0014
10642 0015
10642 0016
10642 0017
10642 0018
10642 0019
10642 0020
10642 0021
10642 0022
10642 0023
10642 0024
10645 0000
10645 0001
10645 0002
10645 0003
10645 0004
10645 0005
10645 0006
10645 0007
10645 0008
10645 0009
10645 0010
10645 0011
10645 0012
10645 0013
10645 0014
10645 0015
10645 0016
10645 0017
10645 0018
10645 0019
10645 0020
10645 0021
10645 0022
10645 0023
10645 0024
10645 0025
10645 0026
10645 0027
10658 0000
10658 0001
10658 0002
10658 0003
10658 0004
10658 0005
10658 0006
10658 0007
10658 0008
10658 0009
10658 0010
10658 0011
10658 0012
10658 0013
10658 0014
10658 0015
10658 0016
10658 0017
10658 0018
10658 0019
10658 0020
10658 0021
10658 0022
10658 0023
10658 0024
10658 0025
10658 0026
10658 0027
10658 0028
10658 0029
10658 0030
10662 0000
10662 0001
10662 0002
10662 0003
10662 0004
10662 0005
10662 0006
10662 0007
10662 0008
10662 0009
10662 0010
10662 0011
10662 0012
10662 0013
10662 0014
10662 0015
10662 0016
10662 0017
10662 0018
10662 0019
10662 0020
10662 0021
10662 0022
10662 0023
10665 0000
10665 0001
10665 0002
10665 0003
10665 0004
10665 0005
10665 0006
10665 0007
10665 0008
10665 0009
10665 0010
10665 0011
10665 0012
10665 0013
10665 0014
10665 0015
10665 0016
10665 0017
10665 0018
10665 0019
10665 0020
10665 0021
10665 0022
10665 0023
10665 0024
10665 0025
10665 0026
10665 0027
10665 0028
10672 0000
10672 0001
10672 0002
10672 0003
10672 0004
10672 0005
10672 0006
10672 0007
10672 0008
10672 0009
10672 0010
10672 0011
10672 0012
10672 0013
10672 0014
10672 0015
10672 0016
10672 0017
10672 0018
10672 0019
10673 0000
10673 0001
10673 0002
10673 0003
10673 0004
10673 0005
10673 0006
10673 0007
10673 0008
10673 0009
10673 0010
10673 0011
10673 0012
10673 0013
10673 0014
10673 0015
10673 0016
10673 0017
10673 0018
10673 0019
10673 0020
10673 0021
10673 0022
10673 0023
10673 0024
10673 0025
10673 0026
10673 0027
10674 0000
10674 0001
10674 0002
10674 0003
10674 0004
10674 0005
10674 0006
10674 0007
10674 0008
10674 0009
10674 0010
10674 0011
10674 0012
10674 0013
10674 0014
10674 0015
10674 0016
10674 0017
10674 0018
10674 0019
10674 0020
10674 0021
10675 0000
10675 0001
10675 0002
10675 0003
10675 0004
10675 0005
10675 0006
10675 0007
10675 0008
10675 0009
10675 0010
10675 0011
10675 0012
10675 0013
10675 0014
10675 0015
10675 0016
10675 0017
10675 0018
10675 0019
10680 0000
10680 0001
10680 0002
10680 0003
10680 0004
10680 0005
10680 0006
10680 0007
10680 0008
10680 0009
10680 0010
10680 0011
10680 0012
10680 0013
10680 0014
10680 0015
10680 0016
10680 0017
10680 0018
10680 0019
10688 0000
10688 0001
10688 0002
10688 0003
10688 0004
10688 0005
10688 0006
10688 0007
10688 0008
10688 0009
10688 0010
10688 0011
10688 0012
10688 0013
10688 0014
10688 0015
10688 0016
10688 0017
10688 0018
10688 0019
10688 0020
10689 0000
10689 0001
10689 0002
10689 0003
10689 0004
10689 0005
10689 0006
10689 0007
10689 0008
10689 0009
10689 0010
10689 0011
10689 0012
10689 0013
10689 0014
10689 0015
10689 0016
10689 0017
10689 0018
10689 0019
10689 0020
10693 0000
10693 0001
10693 0002
10693 0003
10693 0004
10693 0005
10693 0006
10693 0007
10693 0008
10693 0009
10693 0010
10693 0011
10693 0012
10693 0013
10693 0014
10693 0015
10693 0016
10693 0017
10693 0018
10693 0019
10693 0020
10693 0021
10693 0022
10693 0023
10693 0024
10693 0025
10693 0026
10697 0000
10697 0001
10697 0002
10697 0003
10697 0004
10697 0005
10697 0006
10697 0007
10697 0008
10697 0009
10697 0010
10697 0011
10697 0012
10697 0013
10697 0014
10697 0015
10697 0016
10697 0017
10698 0000
10698 0001
10698 0002
10698 0003
10698 0004
10698 0005
10698 0006
10698 0007
10698 0008
10698 0009
10698 0010
10698 0011
10698 0012
10698 0013
10699 0000
10699 0001
10699 0002
10699 0003
10699 0004
10699 0005
10699 0006
10699 0007
10699 0008
10699 0009
10699 0010
10699 0011
10699 0012
10699 0013
10699 0014
10699 0015
10699 0016
10699 0017
10699 0018
10710 0000
10710 0001
10710 0002
10710 0003
10710 0004
10710 0005
10710 0006
10710 0007
10710 0008
10710 0009
10710 0010
10710 0011
10710 0012
10710 0013
10710 0014
10710 0015
10710 0016
10710 0017
10716 0000
10716 0001
10716 0002
10716 0003
10716 0004
10716 0005
10716 0006
10716 0007
10716 0008
10716 0009
10716 0010
10716 0011
10716 0012
10716 0013
10716 0014
10716 0015
10716 0016
10716 0017
10720 0000
10720 0001
10720 0002
10720 0003
10720 0004
10720 0005
10720 0006
10720 0007
10720 0008
10720 0009
10720 0010
10720 0011
10720 0012
10720 0013
10720 0014
10720 0015
10720 0016
10723 0000
10723 0001
10723 0002
10723 0003
10723 0004
10723 0005
10723 0006
10723 0007
10723 0008
10723 0009
10723 0010
10723 0011
10728 0000
10728 0001
10728 0002
10728 0003
10728 0004
10728 0005
10728 0006
10728 0007
10728 0008
10728 0009
10728 0010
10728 0011
10728 0012
10728 0013
10728 0014
10728 0015
10730 0000
10730 0001
10730 0002
10730 0003
10730 0004
10730 0005
10730 0006
10730 0007
10730 0008
10730 0009
10730 0010
10730 0011
10730 0012
10730 0013
10730 0014
10730 0015
10732 0000
10732 0001
10732 0002
10732 0003
10732 0004
10732 0005
10732 0006
10732 0007
10732 0008
10732 0009
10732 0010
10732 0011
10732 0012
10732 0013
10732 0014
10732 0015
10732 0016
10732 0017
10732 0018
10732 0019
10732 0020
10732 0021
10732 0022
10732 0023
10734 0000
10734 0001
10734 0002
10734 0003
10734 0004
10734 0005
10734 0006
10734 0007
10734 0008
10734 0009
10734 0010
10734 0011
10734 0012
10734 0013
10734 0014
10734 0015
10734 0016
10734 0017
10734 0018
10734 0019
10734 0020
10734 0021
10734 0022
10734 0023
10734 0024
10735 0000
10735 0001
10735 0002
10735 0003
10735 0004
10735 0005
10735 0006
10735 0007
10735 0008
10735 0009
10735 0010
10735 0011
10735 0012
10735 0013
10735 0014
10735 0015
10735 0016
10735 0017
10735 0018
10735 0019
10735 0020
10735 0021
10735 0022
10735 0023
10735 0024
10737 0000
10737 0001
10737 0002
10737 0003
10737 0004
10737 0005
10737 0006
10737 0007
10737 0008
10737 0009
10737 0010
10737 0011
10737 0012
10737 0013
10737 0014
10738 0000
10738 0001
10738 0002
10738 0003
10738 0004
10738 0005
10738 0006
10738 0007
10738 0008
10738 0009
10738 0010
10738 0011
10738 0012
10738 0013
10738 0014
10738 0015
10738 0016
10738 0017
10738 0018
10738 0019
10738 0020
10738 0021
10738 0022
10738 0023
10738 0024
10738 0025
10738 0026
10738 0027
10742 0000
10742 0001
10742 0002
10742 0003
10742 0004
10742 0005
10742 0006
10742 0007
10742 0008
10742 0009
10742 0010
10742 0011
10742 0012
10742 0013
10742 0014
10742 0015
10742 0016
10742 0017
10742 0018
10742 0019
10742 0020
10742 0021
10746 0000
10746 0001
10746 0002
10746 0003
10746 0004
10746 0005
10746 0006
10746 0007
10746 0008
10746 0009
10746 0010
10746 0011
10746 0012
10746 0013
10746 0014
10746 0015
10746 0016
10746 0017
10746 0018
10746 0019
10746 0020
10746 0021
10746 0022
10746 0023
10746 0024
10746 0025
10746 0026
10753 0000
10753 0001
10753 0002
10753 0003
10753 0004
10753 0005
10753 0006
10753 0007
10753 0008
10753 0009
10753 0010
10753 0011
10753 0012
10753 0013
10753 0014
10753 0015
10753 0016
10753 0017
10753 0018
10753 0019
10753 0020
10754 0000
10754 0001
10754 0002
10754 0003
10754 0004
10754 0005
10754 0006
10754 0007
10754 0008
10754 0009
10754 0010
10754 0011
10754 0012
10754 0013
10754 0014
10754 0015
10754 0016
10754 0017
10754 0018
10754 0019
10754 0020
10754 0021
10754 0022
10754 0023
10755 0000
10755 0001
10755 0002
10755 0003
10755 0004
10755 0005
10755 0006
10755 0007
10755 0008
10755 0009
10755 0010
10755 0011
10755 0012
10755 0013
10755 0014
10755 0015
10755 0016
10755 0017
10755 0018
10755 0019
10755 0020
10755 0021
10755 0022
10755 0023
10755 0024
10755 0025
10755 0026
10755 0027
10755 0028
10763 0000
10763 0001
10763 0002
10763 0003
10763 0004
10763 0005
10763 0006
10763 0007
10763 0008
10763 0009
10763 0010
10763 0011
10763 0012
10763 0013
10763 0014
10763 0015
10763 0016
10763 0017
10763 0018
10763 0019
10763 0020
10766 0000
10766 0001
10766 0002
10766 0003
10766 0004
10766 0005
10766 0006
10766 0007
10766 0008
10766 0009
10766 0010
10766 0011
10766 0012
10766 0013
10766 0014
10766 0015
10766 0016
10766 0017
10766 0018
10766 0019
10766 0020
10766 0021
10766 0022
10766 0023
10766 0024
10766 0025
10766 0026
10766 0027
10766 0028
10766 0029
10766 0030
10766 0031
10766 0032
10788 0000
10788 0001
10788 0002
10788 0003
10788 0004
10788 0005
10788 0006
10788 0007
10788 0008
10788 0009
10788 0010
10788 0011
10788 0012
10788 0013
10788 0014
10788 0015
10788 0016
10788 0017
10788 0018
10788 0019
10788 0020
10788 0021
10788 0022
10788 0023
10788 0024
10788 0025
10788 0026
10788 0027
10791 0000
10791 0001
10791 0002
10791 0003
10791 0004
10791 0005
10791 0006
10791 0007
10791 0008
10791 0009
10791 0010
10791 0011
10791 0012
10791 0013
10791 0014
10791 0015
10791 0016
10791 0017
10791 0018
10791 0019
10791 0020
10791 0021
10791 0022
10791 0023
10791 0024
10791 0025
10791 0026
10791 0027
10791 0028
10801 0000
10801 0001
10801 0002
10801 0003
10801 0004
10801 0005
10801 0006
10801 0007
10801 0008
10801 0009
10801 0010
10801 0011
10801 0012
10801 0013
10801 0014
10801 0015
10801 0016
10801 0017
10801 0018
10801 0019
10801 0020
10801 0021
10801 0022
10801 0023
10801 0024
10801 0025
10802 0000
10802 0001
10802 0002
10802 0003
10802 0004
10802 0005
10802 0006
10802 0007
10802 0008
10802 0009
10802 0010
10802 0011
10802 0012
10802 0013
10802 0014
10806 0000
10806 0001
10806 0002
10806 0003
10806 0004
10806 0005
10806 0006
10806 0007
10806 0008
10806 0009
10806 0010
10806 0011
10806 0012
10806 0013
10806 0014
10806 0015
10806 0016
10806 0017
10806 0018
10806 0019
10806 0020
10806 0021
10806 0022
10806 0023
10808 0000
10808 0001
10808 0002
10808 0003
10808 0004
10808 0005
10808 0006
10808 0007
10808 0008
10808 0009
10808 0010
10808 0011
10808 0012
10808 0013
10808 0014
10808 0015
10808 0016
10808 0017
10808 0018
10808 0019
10808 0020
10808 0021
10808 0022
10808 0023
10808 0024
10808 0025
10808 0026
10808 0027
10808 0028
10808 0029
10815 0000
10815 0001
10815 0002
10815 0003
10815 0004
10815 0005
10815 0006
10815 0007
10815 0008
10815 0009
10815 0010
10815 0011
10815 0012
10815 0013
10815 0014
10815 0015
10815 0016
10815 0017
10815 0018
10815 0019
10817 0000
10817 0001
10817 0002
10817 0003
10817 0004
10817 0005
10817 0006
10817 0007
10817 0008
10817 0009
10817 0010
10817 0011
10817 0012
10817 0013
10817 0014
10817 0015
10817 0016
10817 0017
10817 0018
10817 0019
10817 0020
10817 0021
10817 0022
10817 0023
10817 0024
10818 0000
10818 0001
10818 0002
10818 0003
10818 0004
10818 0005
10818 0006
10818 0007
10818 0008
10818 0009
10818 0010
10818 0011
10818 0012
10818 0013
10818 0014
10818 0015
10818 0016
10818 0017
10818 0018
10818 0019
10818 0020
10818 0021
10818 0022
10819 0000
10819 0001
10819 0002
10819 0003
10819 0004
10819 0005
10819 0006
10819 0007
10819 0008
10819 0009
10819 0010
10819 0011
10819 0012
10819 0013
10819 0014
10819 0015
10819 0016
10819 0017
10819 0018
10819 0019
10819 0020
10819 0021
10819 0022
10819 0023
10819 0024
10819 0025
10819 0026
10819 0027
10819 0028
10819 0029
10833 0000
10833 0001
10833 0002
10833 0003
10833 0004
10833 0005
10833 0006
10833 0007
10833 0008
10833 0009
10833 0010
10833 0011
10833 0012
10833 0013
10833 0014
10833 0015
10833 0016
10833 0017
10833 0018
10833 0019
10833 0020
10833 0021
10833 0022
10833 0023
10833 0024
10833 0025
10833 0026
10833 0027
10833 0028
10833 0029
10833 0030
10842 0000
10842 0001
10842 0002
10842 0003
10842 0004
10842 0005
10842 0006
10842 0007
10842 0008
10842 0009
10842 0010
10842 0011
10842 0012
10842 0013
10842 0014
10842 0015
10842 0016
10842 0017
10842 0018
10842 0019
10842 0020
10842 0021
10842 0022
10842 0023
10842 0024
10842 0025
10842 0026
10846 0000
10846 0001
10846 0002
10846 0003
10846 0004
10846 0005
10846 0006
10846 0007
10846 0008
10846 0009
10846 0010
10846 0011
10846 0012
10846 0013
10846 0014
10846 0015
10846 0016
10846 0017
10846 0018
10846 0019
10846 0020
10846 0021
10848 0000
10848 0001
10848 0002
10848 0003
10848 0004
10848 0005
10848 0006
10848 0007
10848 0008
10848 0009
10848 0010
10848 0011
10848 0012
10848 0013
10848 0014
10848 0015
10848 0016
10848 0017
10848 0018
10848 0019
10848 0020
10848 0021
10848 0022
10848 0023
10848 0024
10852 0000
10852 0001
10852 0002
10852 0003
10852 0004
10852 0005
10852 0006
10852 0007
10852 0008
10852 0009
10852 0010
10852 0011
10852 0012
10852 0013
10852 0014
10852 0015
10852 0016
10852 0017
10852 0018
10852 0019
10852 0020
10852 0021
10855 0000
10855 0001
10855 0002
10855 0003
10855 0004
10855 0005
10855 0006
10855 0007
10855 0008
10855 0009
10855 0010
10855 0011
10855 0012
10855 0013
10855 0014
10855 0015
10855 0016
10855 0017
10855 0018
10855 0019
10855 0020
10855 0021
10855 0022
10855 0023
10855 0024
10855 0025
10855 0026
10856 0000
10856 0001
10856 0002
10856 0003
10856 0004
10856 0005
10856 0006
10856 0007
10856 0008
10856 0009
10856 0010
10856 0011
10856 0012
10856 0013
10856 0014
10856 0015
10856 0016
10857 0000
10857 0001
10857 0002
10857 0003
10857 0004
10857 0005
10857 0006
10857 0007
10857 0008
10857 0009
10857 0010
10857 0011
10857 0012
10857 0013
10857 0014
10857 0015
10857 0016
10857 0017
10857 0018
10863 0000
10863 0001
10863 0002
10863 0003
10863 0004
10863 0005
10863 0006
10863 0007
10863 0008
10863 0009
10863 0010
10863 0011
10863 0012
10863 0013
10863 0014
10863 0015
10863 0016
10863 0017
10863 0018
10863 0019
10863 0020
10863 0021
10868 0000
10868 0001
10868 0002
10868 0003
10868 0004
10868 0005
10868 0006
10868 0007
10868 0008
10868 0009
10868 0010
10868 0011
10868 0012
10868 0013
10868 0014
10868 0015
10868 0016
10868 0017
10868 0018
10868 0019
10879 0000
10879 0001
10879 0002
10879 0003
10879 0004
10879 0005
10879 0006
10879 0007
10879 0008
10879 0009
10879 0010
10879 0011
10879 0012
10879 0013
10879 0014
10879 0015
10879 0016
10879 0017
10879 0018
10879 0019
10879 0020
10879 0021
10879 0022
10879 0023
10879 0024
10879 0025
10879 0026
10879 0027
10885 0000
10885 0001
10885 0002
10885 0003
10885 0004
10885 0005
10885 0006
10885 0007
10885 0008
10885 0009
10885 0010
10885 0011
10885 0012
10885 0013
10885 0014
10885 0015
10885 0016
10885 0017
10885 0018
10885 0019
10885 0020
10885 0021
10885 0022
10885 0023
10885 0024
10885 0025
10886 0000
10886 0001
10886 0002
10886 0003
10886 0004
10886 0005
10886 0006
10886 0007
10886 0008
10886 0009
10886 0010
10886 0011
10886 0012
10886 0013
10886 0014
10886 0015
10886 0016
10886 0017
10886 0018
10886 0019
10886 0020
10886 0021
10886 0022
10886 0023
10886 0024
10886 0025
10901 0000
10901 0001
10901 0002
10901 0003
10901 0004
10901 0005
10901 0006
10901 0007
10901 0008
10901 0009
10901 0010
10901 0011
10901 0012
10901 0013
10901 0014
10901 0015
10901 0016
10901 0017
10901 0018
10901 0019
10901 0020
10901 0021
10901 0022
10901 0023
10901 0024
10901 0025
10901 0026
10901 0027
10906 0000
10906 0001
10906 0002
10906 0003
10906 0004
10906 0005
10906 0006
10906 0007
10906 0008
10906 0009
10906 0010
10906 0011
10906 0012
10906 0013
10906 0014
10906 0015
10906 0016
10906 0017
10906 0018
10906 0019
10906 0020
10906 0021
10906 0022
10906 0023
10907 0000
10907 0001
10907 0002
10907 0003
10907 0004
10907 0005
10907 0006
10907 0007
10907 0008
10907 0009
10907 0010
10907 0011
10907 0012
10907 0013
10907 0014
10907 0015
10907 0016
10907 0017
10907 0018
10907 0019
10907 0020
10908 0000
10908 0001
10908 0002
10908 0003
10908 0004
10908 0005
10908 0006
10908 0007
10908 0008
10908 0009
10908 0010
10908 0011
10908 0012
10914 0000
10914 0001
10914 0002
10914 0003
10914 0004
10914 0005
10914 0006
10914 0007
10914 0008
10914 0009
10914 0010
10914 0011
10914 0012
10914 0013
10914 0014
10914 0015
10914 0016
10914 0017
10914 0018
10914 0019
10914 0020
10914 0021
10914 0022
10914 0023
10914 0024
10914 0025
10914 0026
10917 0000
10917 0001
10917 0002
10917 0003
10917 0004
10917 0005
10917 0006
10917 0007
10917 0008
10917 0009
10917 0010
10917 0011
10917 0012
10917 0013
10917 0014
10917 0015
10920 0000
10920 0001
10920 0002
10920 0003
10920 0004
10920 0005
10920 0006
10920 0007
10920 0008
10920 0009
10920 0010
10920 0011
10920 0012
10920 0013
10920 0014
10920 0015
10920 0016
10920 0017
10920 0018
10920 0019
10920 0020
10920 0021
10920 0022
10920 0023
10920 0024
10920 0025
10920 0026
10920 0027
10925 0000
10925 0001
10925 0002
10925 0003
10925 0004
10925 0005
10925 0006
10925 0007
10925 0008
10925 0009
10925 0010
10925 0011
10925 0012
10925 0013
10925 0014
10925 0015
10925 0016
10925 0017
10925 0018
10925 0019
10925 0020
10925 0021
10925 0022
10925 0023
10929 0000
10929 0001
10929 0002
10929 0003
10929 0004
10929 0005
10929 0006
10929 0007
10929 0008
10929 0009
10929 0010
10929 0011
10929 0012
10930 0000
10930 0001
10930 0002
10930 0003
10930 0004
10930 0005
10930 0006
10930 0007
10930 0008
10930 0009
10930 0010
10930 0011
10930 0012
10930 0013
10930 0014
10930 0015
10930 0016
10930 0017
10931 0000
10931 0001
10931 0002
10931 0003
10931 0004
10931 0005
10931 0006
10931 0007
10931 0008
10931 0009
10931 0010
10931 0011
10931 0012
10931 0013
10931 0014
10931 0015
10931 0016
10931 0017
10931 0018
10931 0019
10931 0020
10936 0000
10936 0001
10936 0002
10936 0003
10936 0004
10936 0005
10936 0006
10936 0007
10936 0008
10936 0009
10936 0010
10936 0011
10936 0012
10936 0013
10936 0014
10936 0015
10936 0016
10936 0017
10936 0018
10936 0019
10936 0020
10936 0021
10936 0022
10936 0023
10936 0024
10936 0025
10944 0000
10944 0001
10944 0002
10944 0003
10944 0004
10944 0005
10944 0006
10944 0007
10944 0008
10944 0009
10944 0010
10944 0011
10944 0012
10944 0013
10944 0014
10944 0015
10944 0016
10944 0017
10944 0018
10944 0019
10944 0020
10944 0021
10944 0022
10944 0023
10944 0024
10944 0025
10949 0000
10949 0001
10949 0002
10949 0003
10949 0004
10949 0005
10949 0006
10949 0007
10949 0008
10949 0009
10949 0010
10949 0011
10949 0012
10949 0013
10949 0014
10949 0015
10949 0016
10949 0017
10949 0018
10949 0019
10949 0020
10949 0021
10949 0022
10949 0023
10949 0024
10949 0025
10949 0026
10949 0027
10949 0028
10949 0029
10949 0030
10949 0031
10949 0032
10951 0000
10951 0001
10951 0002
10951 0003
10951 0004
10951 0005
10951 0006
10951 0007
10951 0008
10951 0009
10951 0010
10951 0011
10951 0012
10951 0013
10951 0014
10951 0015
10951 0016
10961 0000
10961 0001
10961 0002
10961 0003
10961 0004
10961 0005
10961 0006
10961 0007
10961 0008
10961 0009
10961 0010
10961 0011
10961 0012
10961 0013
10961 0014
10961 0015
10961 0016
10961 0017
10961 0018
10961 0019
10961 0020
10961 0021
10961 0022
10961 0023
10961 0024
10961 0025
10961 0026
10961 0027
10961 0028
10963 0000
10963 0001
10963 0002
10963 0003
10963 0004
10963 0005
10963 0006
10963 0007
10963 0008
10963 0009
10963 0010
10963 0011
10963 0012
10963 0013
10963 0014
10963 0015
10963 0016
10963 0017
10963 0018
10963 0019
10963 0020
10963 0021
10965 0000
10965 0001
10965 0002
10965 0003
10965 0004
10965 0005
10965 0006
10965 0007
10965 0008
10965 0009
10965 0010
10965 0011
10965 0012
10965 0013
10965 0014
10965 0015
10965 0016
10965 0017
10965 0018
10965 0019
10965 0020
10965 0021
10965 0022
10965 0023
10965 0024
10965 0025
10965 0026
10965 0027
10965 0028
10965 0029
10965 0030
10965 0031
10970 0000
10970 0001
10970 0002
10970 0003
10970 0004
10970 0005
10970 0006
10970 0007
10970 0008
10970 0009
10970 0010
10970 0011
10970 0012
10970 0013
10970 0014
10970 0015
10970 0016
10970 0017
10970 0018
10970 0019
10970 0020
10970 0021
10970 0022
10970 0023
10970 0024
10970 0025
10970 0026
10970 0027
10970 0028
10970 0029
10970 0030
10971 0000
10971 0001
10971 0002
10971 0003
10971 0004
10971 0005
10971 0006
10971 0007
10971 0008
10971 0009
10971 0010
10971 0011
10971 0012
10971 0013
10971 0014
10971 0015
10971 0016
10971 0017
10971 0018
10978 0000
10978 0001
10978 0002
10978 0003
10978 0004
10978 0005
10978 0006
10978 0007
10978 0008
10978 0009
10978 0010
10978 0011
10978 0012
10978 0013
10978 0014
10978 0015
10978 0016
10978 0017
10978 0018
10978 0019
10978 0020
10978 0021
10984 0000
10984 0001
10984 0002
10984 0003
10984 0004
10984 0005
10984 0006
10984 0007
10984 0008
10984 0009
10984 0010
10984 0011
10984 0012
10984 0013
10984 0014
10984 0015
10984 0016
10984 0017
10986 0000
10986 0001
10986 0002
10986 0003
10986 0004
10986 0005
10986 0006
10986 0007
10986 0008
10986 0009
10986 0010
10986 0011
10986 0012
10986 0013
10986 0014
10986 0015
10986 0016
10986 0017
10986 0018
10986 0019
10986 0020
10986 0021
10986 0022
10986 0023
10986 0024
10986 0025
10986 0026
10986 0027
10986 0028
10986 0029
10986 0030
10989 0000
10989 0001
10989 0002
10989 0003
10989 0004
10989 0005
10989 0006
10989 0007
10989 0008
10989 0009
10989 0010
10989 0011
10989 0012
10989 0013
10989 0014
10989 0015
10989 0016
10989 0017
10989 0018
10989 0019
10989 0020
10989 0021
10989 0022
10989 0023
10989 0024
10989 0025
10989 0026
10989 0027
10989 0028
10989 0029
10989 0030
10989 0031
10991 0000
10991 0001
10991 0002
10991 0003
10991 0004
10991 0005
10991 0006
10991 0007
10991 0008
10991 0009
10991 0010
10991 0011
10991 0012
10991 0013
10991 0014
10991 0015
10991 0016
10991 0017
10993 0000
10993 0001
10993 0002
10993 0003
10993 0004
10993 0005
10993 0006
10993 0007
10993 0008
10993 0009
10993 0010
10993 0011
10993 0012
10993 0013
10993 0014
10993 0015
10993 0016
10993 0017
10993 0018
10993 0019
10994 0000
10994 0001
10994 0002
10994 0003
10994 0004
10994 0005
10994 0006
10994 0007
10994 0008
10994 0009
10994 0010
10994 0011
10994 0012
10994 0013
10994 0014
10994 0015
10994 0016
10994 0017
10994 0018
10994 0019
10994 0020
10994 0021
10994 0022
10994 0023
10999 0000
10999 0001
10999 0002
10999 0003
10999 0004
10999 0005
10999 0006
10999 0007
10999 0008
10999 0009
10999 0010
10999 0011
10999 0012
10999 0013
10999 0014
10999 0015
10999 0016
10999 0017
10999 0018
10999 0019
11001 0000
11001 0001
11001 0002
11001 0003
11001 0004
11001 0005
11001 0006
11001 0007
11001 0008
11001 0009
11001 0010
11001 0011
11001 0012
11001 0013
11001 0014
11001 0015
11001 0016
11001 0017
11005 0000
11005 0001
11005 0002
11005 0003
11005 0004
11005 0005
11005 0006
11005 0007
11005 0008
11005 0009
11005 0010
11005 0011
11005 0012
11005 0013
11005 0014
11005 0015
11005 0016
11005 0017
11005 0018
11007 0000
11007 0001
11007 0002
11007 0003
11007 0004
11007 0005
11007 0006
11007 0007
11007 0008
11007 0009
11007 0010
11007 0011
11007 0012
11007 0013
11007 0014
11007 0015
11007 0016
11007 0017
11007 0018
11007 0019
11019 0000
11019 0001
11019 0002
11019 0003
11019 0004
11019 0005
11019 0006
11019 0007
11019 0008
11019 0009
11019 0010
11019 0011
11019 0012
11019 0013
11019 0014
11019 0015
11019 0016
11019 0017
11019 0018
11023 0000
11023 0001
11023 0002
11023 0003
11023 0004
11023 0005
11023 0006
11023 0007
11023 0008
11023 0009
11023 0010
11023 0011
11023 0012
11023 0013
11023 0014
11023 0015
11023 0016
11023 0017
11023 0018
11023 0019
11025 0000
11025 0001
11025 0002
11025 0003
11025 0004
11025 0005
11025 0006
11025 0007
11025 0008
11025 0009
11025 0010
11025 0011
11025 0012
11025 0013
11025 0014
11025 0015
11025 0016
11032 0000
11032 0001
11032 0002
11032 0003
11032 0004
11032 0005
11032 0006
11032 0007
11032 0008
11032 0009
11032 0010
11032 0011
11032 0012
11032 0013
11032 0014
11032 0015
11032 0016
11038 0000
11038 0001
11038 0002
11038 0003
11038 0004
11038 0005
11038 0006
11038 0007
11038 0008
11038 0009
11038 0010
11038 0011
11038 0012
11038 0013
11038 0014
11038 0015
11038 0016
11038 0017
11038 0018
11038 0019
11038 0020
11038 0021
11038 0022
11047 0000
11047 0001
11047 0002
11047 0003
11047 0004
11047 0005
11047 0006
11047 0007
11047 0008
11047 0009
11047 0010
11047 0011
11047 0012
11047 0013
11047 0014
11047 0015
11047 0016
11047 0017
11047 0018
11047 0019
11047 0020
11047 0021
11047 0022
11047 0023
11047 0024
11051 0000
11051 0001
11051 0002
11051 0003
11051 0004
11051 0005
11051 0006
11051 0007
11051 0008
11051 0009
11051 0010
11051 0011
11051 0012
11051 0013
11051 0014
11051 0015
11052 0000
11052 0001
11052 0002
11052 0003
11052 0004
11052 0005
11052 0006
11052 0007
11052 0008
11052 0009
11052 0010
11052 0011
11052 0012
11052 0013
11052 0014
11052 0015
11052 0016
11052 0017
11052 0018
11052 0019
11052 0020
11052 0021
11052 0022
11052 0023
11054 0000
11054 0001
11054 0002
11054 0003
11054 0004
11054 0005
11054 0006
11054 0007
11054 0008
11054 0009
11054 0010
11054 0011
11054 0012
11054 0013
11054 0014
11054 0015
11054 0016
11054 0017
11054 0018
11054 0019
11054 0020
11054 0021
11054 0022
11054 0023
11054 0024
11057 0000
11057 0001
11057 0002
11057 0003
11057 0004
11057 0005
11057 0006
11057 0007
11057 0008
11057 0009
11057 0010
11057 0011
11057 0012
11057 0013
11057 0014
11057 0015
11057 0016
11057 0017
11057 0018
11057 0019
11057 0020
11057 0021
11057 0022
11059 0000
11059 0001
11059 0002
11059 0003
11059 0004
11059 0005
11059 0006
11059 0007
11059 0008
11059 0009
11059 0010
11059 0011
11059 0012
11059 0013
11059 0014
11059 0015
11059 0016
11059 0017
11059 0018
11059 0019
11059 0020
11059 0021
11059 0022
11060 0000
11060 0001
11060 0002
11060 0003
11060 0004
11060 0005
11060 0006
11060 0007
11060 0008
11060 0009
11060 0010
11060 0011
11060 0012
11060 0013
11060 0014
11060 0015
11060 0016
11060 0017
11060 0018
11060 0019
11060 0020
11060 0021
11060 0022
11060 0023
11060 0024
11060 0025
11069 0000
11069 0001
11069 0002
11069 0003
11069 0004
11069 0005
11069 0006
11069 0007
11069 0008
11069 0009
11069 0010
11069 0011
11069 0012
11069 0013
11069 0014
11069 0015
11069 0016
11069 0017
11069 0018
11069 0019
11069 0020
11069 0021
11069 0022
11069 0023
11069 0024
11069 0025
11069 0026
11069 0027
11069 0028
11069 0029
11069 0030
11073 0000
11073 0001
11073 0002
11073 0003
11073 0004
11073 0005
11073 0006
11073 0007
11073 0008
11073 0009
11073 0010
11073 0011
11073 0012
11073 0013
11073 0014
11073 0015
11073 0016
11073 0017
11073 0018
11073 0019
11073 0020
11073 0021
11073 0022
11073 0023
11073 0024
11073 0025
11075 0000
11075 0001
11075 0002
11075 0003
11075 0004
11075 0005
11075 0006
11075 0007
11075 0008
11075 0009
11075 0010
11075 0011
11075 0012
11075 0013
11075 0014
11075 0015
11075 0016
11075 0017
11075 0018
11075 0019
11075 0020
11075 0021
11075 0022
11075 0023
11075 0024
11075 0025
11075 0026
11075 0027
11075 0028
11075 0029
11075 0030
11076 0000
11076 0001
11076 0002
11076 0003
11076 0004
11076 0005
11076 0006
11076 0007
11076 0008
11076 0009
11076 0010
11076 0011
11076 0012
11076 0013
11076 0014
11076 0015
11076 0016
11092 0000
11092 0001
11092 0002
11092 0003
11092 0004
11092 0005
11092 0006
11092 0007
11092 0008
11092 0009
11092 0010
11092 0011
11092 0012
11092 0013
11092 0014
11092 0015
11092 0016
11092 0017
11092 0018
11092 0019
11092 0020
11092 0021
11094 0000
11094 0001
11094 0002
11094 0003
11094 0004
11094 0005
11094 0006
11094 0007
11094 0008
11094 0009
11094 0010
11094 0011
11094 0012
11094 0013
11094 0014
11094 0015
11094 0016
11094 0017
11096 0000
11096 0001
11096 0002
11096 0003
11096 0004
11096 0005
11096 0006
11096 0007
11096 0008
11096 0009
11096 0010
11096 0011
11096 0012
11096 0013
11096 0014
11096 0015
11096 0016
11096 0017
11096 0018
11096 0019
11096 0020
11096 0021
11096 0022
11096 0023
11096 0024
11098 0000
11098 0001
11098 0002
11098 0003
11098 0004
11098 0005
11098 0006
11098 0007
11098 0008
11098 0009
11098 0010
11098 0011
11098 0012
11098 0013
11098 0014
11098 0015
11098 0016
11098 0017
11098 0018
11098 0019
11103 0000
11103 0001
11103 0002
11103 0003
11103 0004
11103 0005
11103 0006
11103 0007
11103 0008
11103 0009
11103 0010
11103 0011
11103 0012
11103 0013
11103 0014
11103 0015
11103 0016
11103 0017
11103 0018
11103 0019
11103 0020
11104 0000
11104 0001
11104 0002
11104 0003
11104 0004
11104 0005
11104 0006
11104 0007
11104 0008
11104 0009
11104 0010
11104 0011
11104 0012
11104 0013
11104 0014
11104 0015
11104 0016
11104 0017
11104 0018
11104 0019
11104 0020
11104 0021
11116 0000
11116 0001
11116 0002
11116 0003
11116 0004
11116 0005
11116 0006
11116 0007
11116 0008
11116 0009
11116 0010
11116 0011
11116 0012
11116 0013
11116 0014
11116 0015
11116 0016
11116 0017
11116 0018
11116 0019
11116 0020
11116 0021
11116 0022
11120 0000
11120 0001
11120 0002
11120 0003
11120 0004
11120 0005
11120 0006
11120 0007
11120 0008
11120 0009
11120 0010
11120 0011
11120 0012
11120 0013
11120 0014
11120 0015
11120 0016
11120 0017
11120 0018
11120 0019
11120 0020
11120 0021
11120 0022
11120 0023
11120 0024
11120 0025
11121 0000
11121 0001
11121 0002
11121 0003
11121 0004
11121 0005
11121 0006
11121 0007
11121 0008
11121 0009
11121 0010
11121 0011
11121 0012
11121 0013
11121 0014
11121 0015
11121 0016
11121 0017
11121 0018
11121 0019
11121 0020
11121 0021
11122 0000
11122 0001
11122 0002
11122 0003
11122 0004
11122 0005
11122 0006
11122 0007
11122 0008
11122 0009
11122 0010
11122 0011
11122 0012
11122 0013
11122 0014
11122 0015
11122 0016
11122 0017
11122 0018
11122 0019
11122 0020
11122 0021
11122 0022
11122 0023
11124 0000
11124 0001
11124 0002
11124 0003
11124 0004
11124 0005
11124 0006
11124 0007
11124 0008
11124 0009
11124 0010
11124 0011
11124 0012
11124 0013
11124 0014
11124 0015
11124 0016
11124 0017
11124 0018
11124 0019
11124 0020
11124 0021
11124 0022
11124 0023
11127 0000
11127 0001
11127 0002
11127 0003
11127 0004
11127 0005
11127 0006
11127 0007
11127 0008
11127 0009
11127 0010
11127 0011
11127 0012
11127 0013
11127 0014
11127 0015
11127 0016
11127 0017
11127 0018
11127 0019
11127 0020
11127 0021
11127 0022
11127 0023
11127 0024
11132 0000
11132 0001
11132 0002
11132 0003
11132 0004
11132 0005
11132 0006
11132 0007
11132 0008
11132 0009
11132 0010
11132 0011
11132 0012
11132 0013
11132 0014
11132 0015
11132 0016
11132 0017
11132 0018
11132 0019
11144 0000
11144 0001
11144 0002
11144 0003
11144 0004
11144 0005
11144 0006
11144 0007
11144 0008
11144 0009
11144 0010
11144 0011
11144 0012
11144 0013
11144 0014
11144 0015
11144 0016
11144 0017
11144 0018
11144 0019
11144 0020
11144 0021
11144 0022
11144 0023
11144 0024
11144 0025
11144 0026
11144 0027
11144 0028
11144 0029
11146 0000
11146 0001
11146 0002
11146 0003
11146 0004
11146 0005
11146 0006
11146 0007
11146 0008
11146 0009
11146 0010
11146 0011
11146 0012
11146 0013
11146 0014
11146 0015
11146 0016
11146 0017
11146 0018
11146 0019
11146 0020
11146 0021
11147 0000
11147 0001
11147 0002
11147 0003
11147 0004
11147 0005
11147 0006
11147 0007
11147 0008
11147 0009
11147 0010
11147 0011
11147 0012
11147 0013
11147 0014
11147 0015
11147 0016
11147 0017
11147 0018
11147 0019
11147 0020
11162 0000
11162 0001
11162 0002
11162 0003
11162 0004
11162 0005
11162 0006
11162 0007
11162 0008
11162 0009
11162 0010
11162 0011
11162 0012
11162 0013
11162 0014
11162 0015
11162 0016
11162 0017
11162 0018
11162 0019
11162 0020
11162 0021
11162 0022
11162 0023
11162 0024
11163 0000
11163 0001
11163 0002
11163 0003
11163 0004
11163 0005
11163 0006
11163 0007
11163 0008
11163 0009
11163 0010
11163 0011
11163 0012
11163 0013
11163 0014
11163 0015
11163 0016
11163 0017
11163 0018
11163 0019
11163 0020
11163 0021
11163 0022
11163 0023
11163 0024
11163 0025
11163 0026
11163 0027
11166 0000
11166 0001
11166 0002
11166 0003
11166 0004
11166 0005
11166 0006
11166 0007
11166 0008
11166 0009
11166 0010
11166 0011
11166 0012
11166 0013
11166 0014
11166 0015
11166 0016
11166 0017
11166 0018
11166 0019
11166 0020
11166 0021
11166 0022
11166 0023
11166 0024
11166 0025
11167 0000
11167 0001
11167 0002
11167 0003
11167 0004
11167 0005
11167 0006
11167 0007
11168 0000
11168 0001
11168 0002
11168 0003
11168 0004
11168 0005
11168 0006
11168 0007
11168 0008
11168 0009
11168 0010
11168 0011
11168 0012
11168 0013
11168 0014
11170 0000
11170 0001
11170 0002
11170 0003
11170 0004
11170 0005
11170 0006
11170 0007
11170 0008
11170 0009
11170 0010
11170 0011
11170 0012
11170 0013
11170 0014
11170 0015
11170 0016
11170 0017
11170 0018
11170 0019
11170 0020
11170 0021
11170 0022
11170 0023
11170 0024
11170 0025
11170 0026
11172 0000
11172 0001
11172 0002
11172 0003
11172 0004
11172 0005
11172 0006
11172 0007
11172 0008
11172 0009
11172 0010
11172 0011
11172 0012
11172 0013
11172 0014
11172 0015
11172 0016
11172 0017
11172 0018
11172 0019
11172 0020
11172 0021
11172 0022
11172 0023
11172 0024
11172 0025
11172 0026
11172 0027
11172 0028
11172 0029
11172 0030
11172 0031
11174 0000
11174 0001
11174 0002
11174 0003
11174 0004
11174 0005
11174 0006
11174 0007
11174 0008
11174 0009
11174 0010
11174 0011
11174 0012
11174 0013
11174 0014
11174 0015
11174 0016
11174 0017
11174 0018
11174 0019
11174 0020
11174 0021
11204 0000
11204 0001
11204 0002
11204 0003
11204 0004
11204 0005
11204 0006
11204 0007
11204 0008
11204 0009
11204 0010
11204 0011
11204 0012
11204 0013
11204 0014
11204 0015
11204 0016
11204 0017
11204 0018
11204 0019
11204 0020
11204 0021
11204 0022
11205 0000
11205 0001
11205 0002
11205 0003
11205 0004
11205 0005
11205 0006
11205 0007
11205 0008
11205 0009
11205 0010
11205 0011
11205 0012
11205 0013
11205 0014
11205 0015
11205 0016
11205 0017
11205 0018
11205 0019
11205 0020
11206 0000
11206 0001
11206 0002
11206 0003
11206 0004
11206 0005
11206 0006
11206 0007
11206 0008
11206 0009
11206 0010
11206 0011
11206 0012
11206 0013
11206 0014
11206 0015
11206 0016
11206 0017
11206 0018
11206 0019
11206 0020
11208 0000
11208 0001
11208 0002
11208 0003
11208 0004
11208 0005
11208 0006
11208 0007
11208 0008
11208 0009
11208 0010
11208 0011
11208 0012
11208 0013
11208 0014
11208 0015
11208 0016
11208 0017
11208 0018
11208 0019
11208 0020
11208 0021
11208 0022
11216 0000
11216 0001
11216 0002
11216 0003
11216 0004
11216 0005
11216 0006
11216 0007
11216 0008
11216 0009
11216 0010
11216 0011
11216 0012
11216 0013
11216 0014
11225 0000
11225 0001
11225 0002
11225 0003
11225 0004
11225 0005
11225 0006
11225 0007
11225 0008
11225 0009
11225 0010
11225 0011
11225 0012
11225 0013
11225 0014
11225 0015
11225 0016
11225 0017
11230 0000
11230 0001
11230 0002
11230 0003
11230 0004
11230 0005
11230 0006
11230 0007
11230 0008
11230 0009
11230 0010
11230 0011
11230 0012
11230 0013
11230 0014
11230 0015
11230 0016
11230 0017
11230 0018
11230 0019
11230 0020
11230 0021
11230 0022
11230 0023
11230 0024
11232 0000
11232 0001
11232 0002
11232 0003
11232 0004
11232 0005
11232 0006
11232 0007
11232 0008
11232 0009
11232 0010
11232 0011
11232 0012
11232 0013
11232 0014
11232 0015
11232 0016
11238 0000
11238 0001
11238 0002
11238 0003
11238 0004
11238 0005
11238 0006
11238 0007
11238 0008
11238 0009
11238 0010
11238 0011
11238 0012
11238 0013
11238 0014
11238 0015
11238 0016
11238 0017
11238 0018
11238 0019
11238 0020
11238 0021
11239 0000
11239 0001
11239 0002
11239 0003
11239 0004
11239 0005
11239 0006
11239 0007
11239 0008
11239 0009
11239 0010
11239 0011
11239 0012
11239 0013
11239 0014
11239 0015
11239 0016
11239 0017
11248 0000
11248 0001
11248 0002
11248 0003
11248 0004
11248 0005
11248 0006
11248 0007
11248 0008
11248 0009
11248 0010
11248 0011
11248 0012
11249 0000
11249 0001
11249 0002
11249 0003
11249 0004
11249 0005
11249 0006
11249 0007
11249 0008
11249 0009
11249 0010
11249 0011
11249 0012
11249 0013
11249 0014
11249 0015
11249 0016
11249 0017
11249 0018
11249 0019
11249 0020
11249 0021
11249 0022
11249 0023
11249 0024
11249 0025
11252 0000
11252 0001
11252 0002
11252 0003
11252 0004
11252 0005
11252 0006
11252 0007
11252 0008
11252 0009
11252 0010
11252 0011
11252 0012
11252 0013
11252 0014
11252 0015
11252 0016
11252 0017
11258 0000
11258 0001
11258 0002
11258 0003
11258 0004
11258 0005
11258 0006
11258 0007
11258 0008
11258 0009
11258 0010
11258 0011
11258 0012
11258 0013
11258 0014
11263 0000
11263 0001
11263 0002
11263 0003
11263 0004
11263 0005
11263 0006
11263 0007
11263 0008
11263 0009
11263 0010
11263 0011
11263 0012
11263 0013
11263 0014
11263 0015
11263 0016
11263 0017
11263 0018
11264 0000
11264 0001
11264 0002
11264 0003
11264 0004
11264 0005
11264 0006
11264 0007
11264 0008
11264 0009
11264 0010
11264 0011
11264 0012
11264 0013
11271 0000
11271 0001
11271 0002
11271 0003
11271 0004
11271 0005
11271 0006
11271 0007
11271 0008
11271 0009
11271 0010
11271 0011
11271 0012
11271 0013
11271 0014
11271 0015
11271 0016
11271 0017
11272 0000
11272 0001
11272 0002
11272 0003
11272 0004
11272 0005
11272 0006
11272 0007
11272 0008
11272 0009
11272 0010
11272 0011
11272 0012
11272 0013
11272 0014
11272 0015
11272 0016
11272 0017
11272 0018
11272 0019
11272 0020
11272 0021
11272 0022
11272 0023
11272 0024
11272 0025
11272 0026
11275 0000
11275 0001
11275 0002
11275 0003
11275 0004
11275 0005
11275 0006
11275 0007
11275 0008
11275 0009
11275 0010
11275 0011
11275 0012
11275 0013
11275 0014
11275 0015
11275 0016
11275 0017
11275 0018
11275 0019
11275 0020
11275 0021
11275 0022
11275 0023
11275 0024
11275 0025
11275 0026
11275 0027
11275 0028
11275 0029
11275 0030
11279 0000
11279 0001
11279 0002
11279 0003
11279 0004
11279 0005
11279 0006
11279 0007
11279 0008
11279 0009
11279 0010
11279 0011
11279 0012
11279 0013
11279 0014
11279 0015
11279 0016
11279 0017
11279 0018
11279 0019
11279 0020
11279 0021
11280 0000
11280 0001
11280 0002
11280 0003
11280 0004
11280 0005
11280 0006
11280 0007
11280 0008
11280 0009
11280 0010
11280 0011
11280 0012
11280 0013
11280 0014
11280 0015
11280 0016
11280 0017
11280 0018
11280 0019
11280 0020
11280 0021
11280 0022
11280 0023
11280 0024
11280 0025
11281 0000
11281 0001
11281 0002
11281 0003
11281 0004
11281 0005
11281 0006
11281 0007
11281 0008
11281 0009
11281 0010
11281 0011
11281 0012
11281 0013
11281 0014
11281 0015
11281 0016
11281 0017
11281 0018
11281 0019
11281 0020
11281 0021
11281 0022
11281 0023
11281 0024
11281 0025
11281 0026
11281 0027
11283 0000
11283 0001
11283 0002
11283 0003
11283 0004
11283 0005
11283 0006
11283 0007
11283 0008
11283 0009
11283 0010
11283 0011
11283 0012
11283 0013
11283 0014
11283 0015
11283 0016
11283 0017
11283 0018
11283 0019
11286 0000
11286 0001
11286 0002
11286 0003
11286 0004
11286 0005
11286 0006
11286 0007
11286 0008
11286 0009
11286 0010
11286 0011
11286 0012
11286 0013
11286 0014
11286 0015
11286 0016
11286 0017
11286 0018
11286 0019
11286 0020
11286 0021
11286 0022
11286 0023
11286 0024
11286 0025
11286 0026
11286 0027
11287 0000
11287 0001
11287 0002
11287 0003
11287 0004
11287 0005
11287 0006
11287 0007
11287 0008
11287 0009
11287 0010
11287 0011
11287 0012
11287 0013
11287 0014
11287 0015
11287 0016
11287 0017
11287 0018
11287 0019
11295 0000
11295 0001
11295 0002
11295 0003
11295 0004
11295 0005
11295 0006
11295 0007
11295 0008
11295 0009
11295 0010
11295 0011
11295 0012
11295 0013
11295 0014
11295 0015
11295 0016
11295 0017
11295 0018
11295 0019
11295 0020
11295 0021
11295 0022
11296 0000
11296 0001
11296 0002
11296 0003
11296 0004
11296 0005
11296 0006
11296 0007
11296 0008
11296 0009
11296 0010
11296 0011
11296 0012
11296 0013
11296 0014
11296 0015
11296 0016
11296 0017
11296 0018
11296 0019
11296 0020
11296 0021
11296 0022
11296 0023
11296 0024
11297 0000
11297 0001
11297 0002
11297 0003
11297 0004
11297 0005
11297 0006
11297 0007
11297 0008
11297 0009
11297 0010
11297 0011
11297 0012
11297 0013
11297 0014
11297 0015
11297 0016
11297 0017
11297 0018
11297 0019
11297 0020
11297 0021
11297 0022
11297 0023
11297 0024
11297 0025
11297 0026
11297 0027
11298 0000
11298 0001
11298 0002
11298 0003
11298 0004
11298 0005
11298 0006
11298 0007
11298 0008
11298 0009
11298 0010
11298 0011
11298 0012
11298 0013
11298 0014
11298 0015
11298 0016
11298 0017
11298 0018
11298 0019
11298 0020
11298 0021
11298 0022
11298 0023
11298 0024
11300 0000
11300 0001
11300 0002
11300 0003
11300 0004
11300 0005
11300 0006
11300 0007
11300 0008
11300 0009
11300 0010
11300 0011
11300 0012
11300 0013
11300 0014
11300 0015
11301 0000
11301 0001
11301 0002
11301 0003
11301 0004
11301 0005
11301 0006
11301 0007
11301 0008
11301 0009
11301 0010
11301 0011
11301 0012
11301 0013
11301 0014
11301 0015
11301 0016
11301 0017
11301 0018
11301 0019
11301 0020
11301 0021
11301 0022
11301 0023
11301 0024
11301 0025
11301 0026
11301 0027
11301 0028
11303 0000
11303 0001
11303 0002
11303 0003
11303 0004
11303 0005
11303 0006
11303 0007
11303 0008
11303 0009
11303 0010
11303 0011
11303 0012
11303 0013
11303 0014
11303 0015
11303 0016
11303 0017
11303 0018
11303 0019
11303 0020
11303 0021
11303 0022
11303 0023
11303 0024
11303 0025
11303 0026
11305 0000
11305 0001
11305 0002
11305 0003
11305 0004
11305 0005
11305 0006
11305 0007
11305 0008
11305 0009
11305 0010
11305 0011
11305 0012
11305 0013
11305 0014
11305 0015
11305 0016
11305 0017
11305 0018
11305 0019
11305 0020
11305 0021
11305 0022
11305 0023
11305 0024
11305 0025
11305 0026
11305 0027
11307 0000
11307 0001
11307 0002
11307 0003
11307 0004
11307 0005
11307 0006
11307 0007
11307 0008
11307 0009
11307 0010
11307 0011
11307 0012
11307 0013
11307 0014
11307 0015
11307 0016
11307 0017
11307 0018
11307 0019
11307 0020
11307 0021
11307 0022
11307 0023
11307 0024
11307 0025
11313 0000
11313 0001
11313 0002
11313 0003
11313 0004
11313 0005
11313 0006
11313 0007
11313 0008
11313 0009
11313 0010
11313 0011
11313 0012
11313 0013
11313 0014
11313 0015
11313 0016
11313 0017
11313 0018
11317 0000
11317 0001
11317 0002
11317 0003
11317 0004
11317 0005
11317 0006
11317 0007
11317 0008
11317 0009
11317 0010
11317 0011
11317 0012
11317 0013
11317 0014
11317 0015
11317 0016
11317 0017
11317 0018
11317 0019
11317 0020
11317 0021
11317 0022
11323 0000
11323 0001
11323 0002
11323 0003
11323 0004
11323 0005
11323 0006
11323 0007
11323 0008
11323 0009
11323 0010
11323 0011
11323 0012
11323 0013
11323 0014
11323 0015
11323 0016
11329 0000
11329 0001
11329 0002
11329 0003
11329 0004
11329 0005
11329 0006
11329 0007
11329 0008
11329 0009
11329 0010
11329 0011
11329 0012
11329 0013
11329 0014
11329 0015
11329 0016
11329 0017
11329 0018
11329 0019
11329 0020
11329 0021
11329 0022
11333 0000
11333 0001
11333 0002
11333 0003
11333 0004
11333 0005
11333 0006
11333 0007
11333 0008
11333 0009
11333 0010
11333 0011
11333 0012
11333 0013
11333 0014
11333 0015
11333 0016
11333 0017
11333 0018
11333 0019
11333 0020
11334 0000
11334 0001
11334 0002
11334 0003
11334 0004
11334 0005
11334 0006
11334 0007
11334 0008
11334 0009
11334 0010
11334 0011
11334 0012
11334 0013
11334 0014
11334 0015
11334 0016
11334 0017
11334 0018
11334 0019
11334 0020
11335 0000
11335 0001
11335 0002
11335 0003
11335 0004
11335 0005
11335 0006
11335 0007
11335 0008
11335 0009
11335 0010
11335 0011
11335 0012
11335 0013
11335 0014
11335 0015
11335 0016
11335 0017
11335 0018
11335 0019
11335 0020
11335 0021
11335 0022
11335 0023
11335 0024
11335 0025
11342 0000
11342 0001
11342 0002
11342 0003
11342 0004
11342 0005
11342 0006
11342 0007
11342 0008
11342 0009
11342 0010
11342 0011
11342 0012
11342 0013
11342 0014
11342 0015
11342 0016
11342 0017
11342 0018
11342 0019
11342 0020
11342 0021
11350 0000
11350 0001
11350 0002
11350 0003
11350 0004
11350 0005
11350 0006
11350 0007
11350 0008
11350 0009
11350 0010
11350 0011
11350 0012
11350 0013
11350 0014
11350 0015
11350 0016
11350 0017
11350 0018
11350 0019
11350 0020
11350 0021
11350 0022
11350 0023
11350 0024
11350 0025
11350 0026
11350 0027
11350 0028
11350 0029
11350 0030
11350 0031
11350 0032
11362 0000
11362 0001
11362 0002
11362 0003
11362 0004
11362 0005
11362 0006
11362 0007
11362 0008
11362 0009
11362 0010
11362 0011
11362 0012
11362 0013
11362 0014
11362 0015
11362 0016
11362 0017
11362 0018
11362 0019
11362 0020
11362 0021
11362 0022
11362 0023
11363 0000
11363 0001
11363 0002
11363 0003
11363 0004
11363 0005
11363 0006
11363 0007
11363 0008
11363 0009
11363 0010
11363 0011
11363 0012
11364 0000
11364 0001
11364 0002
11364 0003
11364 0004
11364 0005
11364 0006
11364 0007
11364 0008
11364 0009
11364 0010
11364 0011
11364 0012
11364 0013
11364 0014
11364 0015
11364 0016
11364 0017
11364 0018
11364 0019
11364 0020
11364 0021
11364 0022
11364 0023
11364 0024
11372 0000
11372 0001
11372 0002
11372 0003
11372 0004
11372 0005
11372 0006
11372 0007
11372 0008
11372 0009
11372 0010
11372 0011
11372 0012
11372 0013
11372 0014
11372 0015
11372 0016
11372 0017
11372 0018
11372 0019
11372 0020
11372 0021
11372 0022
11372 0023
11372 0024
11389 0000
11389 0001
11389 0002
11389 0003
11389 0004
11389 0005
11389 0006
11389 0007
11389 0008
11389 0009
11389 0010
11389 0011
11389 0012
11389 0013
11389 0014
11389 0015
11392 0000
11392 0001
11392 0002
11392 0003
11392 0004
11392 0005
11392 0006
11392 0007
11392 0008
11392 0009
11392 0010
11392 0011
11392 0012
11392 0013
11392 0014
11392 0015
11392 0016
11392 0017
11392 0018
11392 0019
11392 0020
11392 0021
11396 0000
11396 0001
11396 0002
11396 0003
11396 0004
11396 0005
11396 0006
11396 0007
11396 0008
11396 0009
11396 0010
11396 0011
11396 0012
11396 0013
11397 0000
11397 0001
11397 0002
11397 0003
11397 0004
11397 0005
11397 0006
11397 0007
11397 0008
11397 0009
11397 0010
11397 0011
11397 0012
11397 0013
11397 0014
11397 0015
11397 0016
11397 0017
11397 0018
11397 0019
11397 0020
11397 0021
11397 0022
11397 0023
11397 0024
11397 0025
11397 0026
11397 0027
11397 0028
11398 0000
11398 0001
11398 0002
11398 0003
11398 0004
11398 0005
11398 0006
11398 0007
11398 0008
11398 0009
11398 0010
11398 0011
11398 0012
11398 0013
11398 0014
11398 0015
11398 0016
11398 0017
11398 0018
11398 0019
11398 0020
11398 0021
11398 0022
11398 0023
11398 0024
11398 0025
11398 0026
11398 0027
11408 0000
11408 0001
11408 0002
11408 0003
11408 0004
11408 0005
11408 0006
11408 0007
11408 0008
11408 0009
11408 0010
11408 0011
11408 0012
11408 0013
11408 0014
11408 0015
11408 0016
11408 0017
11408 0018
11408 0019
11408 0020
11408 0021
11408 0022
11408 0023
11408 0024
11408 0025
11408 0026
11408 0027
11408 0028
11414 0000
11414 0001
11414 0002
11414 0003
11414 0004
11414 0005
11414 0006
11414 0007
11414 0008
11414 0009
11414 0010
11414 0011
11414 0012
11414 0013
11414 0014
11414 0015
11414 0016
11414 0017
11418 0000
11418 0001
11418 0002
11418 0003
11418 0004
11418 0005
11418 0006
11418 0007
11418 0008
11418 0009
11418 0010
11418 0011
11418 0012
11418 0013
11418 0014
11418 0015
11418 0016
11418 0017
11418 0018
11418 0019
11418 0020
11418 0021
11418 0022
11418 0023
11418 0024
11418 0025
11418 0026
11418 0027
11418 0028
11418 0029
11419 0000
11419 0001
11419 0002
11419 0003
11419 0004
11419 0005
11419 0006
11419 0007
11419 0008
11419 0009
11419 0010
11419 0011
11419 0012
11419 0013
11419 0014
11419 0015
11419 0016
11419 0017
11419 0018
11419 0019
11419 0020
11419 0021
11419 0022
11419 0023
11419 0024
11419 0025
11421 0000
11421 0001
11421 0002
11421 0003
11421 0004
11421 0005
11421 0006
11421 0007
11421 0008
11421 0009
11421 0010
11421 0011
11421 0012
11421 0013
11421 0014
11421 0015
11421 0016
11421 0017
11421 0018
11421 0019
11421 0020
11421 0021
11423 0000
11423 0001
11423 0002
11423 0003
11423 0004
11423 0005
11423 0006
11423 0007
11423 0008
11423 0009
11423 0010
11423 0011
11423 0012
11423 0013
11423 0014
11423 0015
11423 0016
11423 0017
11423 0018
11423 0019
11423 0020
11423 0021
11423 0022
11423 0023
11423 0024
11423 0025
11423 0026
11423 0027
11423 0028
11423 0029
11423 0030
11423 0031
11428 0000
11428 0001
11428 0002
11428 0003
11428 0004
11428 0005
11428 0006
11428 0007
11428 0008
11428 0009
11428 0010
11428 0011
11428 0012
11428 0013
11428 0014
11428 0015
11428 0016
11428 0017
11428 0018
11428 0019
11428 0020
11428 0021
11428 0022
11428 0023
11428 0024
11433 0000
11433 0001
11433 0002
11433 0003
11433 0004
11433 0005
11433 0006
11433 0007
11433 0008
11433 0009
11433 0010
11433 0011
11433 0012
11433 0013
11433 0014
11433 0015
11433 0016
11433 0017
11433 0018
11433 0019
11433 0020
11436 0000
11436 0001
11436 0002
11436 0003
11436 0004
11436 0005
11436 0006
11436 0007
11436 0008
11436 0009
11436 0010
11436 0011
11436 0012
11436 0013
11436 0014
11436 0015
11436 0016
11436 0017
11436 0018
11436 0019
11436 0020
11436 0021
11436 0022
11436 0023
11439 0000
11439 0001
11439 0002
11439 0003
11439 0004
11439 0005
11439 0006
11439 0007
11439 0008
11439 0009
11439 0010
11439 0011
11439 0012
11440 0000
11440 0001
11440 0002
11440 0003
11440 0004
11440 0005
11440 0006
11440 0007
11440 0008
11440 0009
11440 0010
11440 0011
11440 0012
11440 0013
11440 0014
11440 0015
11440 0016
11440 0017
11440 0018
11440 0019
11440 0020
11440 0021
11440 0022
11440 0023
11440 0024
11449 0000
11449 0001
11449 0002
11449 0003
11449 0004
11449 0005
11449 0006
11449 0007
11449 0008
11449 0009
11449 0010
11449 0011
11449 0012
11449 0013
11449 0014
11449 0015
11449 0016
11449 0017
11449 0018
11449 0019
11449 0020
11449 0021
11449 0022
11453 0000
11453 0001
11453 0002
11453 0003
11453 0004
11453 0005
11453 0006
11453 0007
11453 0008
11453 0009
11453 0010
11453 0011
11453 0012
11453 0013
11453 0014
11453 0015
11453 0016
11453 0017
11453 0018
11454 0000
11454 0001
11454 0002
11454 0003
11454 0004
11454 0005
11454 0006
11454 0007
11454 0008
11454 0009
11454 0010
11454 0011
11454 0012
11454 0013
11454 0014
11454 0015
11454 0016
11454 0017
11454 0018
11454 0019
11454 0020
11454 0021
11454 0022
11454 0023
11454 0024
11454 0025
11454 0026
11454 0027
11459 0000
11459 0001
11459 0002
11459 0003
11459 0004
11459 0005
11459 0006
11459 0007
11459 0008
11459 0009
11459 0010
11459 0011
11459 0012
11459 0013
11459 0014
11459 0015
11459 0016
11459 0017
11459 0018
11459 0019
11459 0020
11459 0021
11459 0022
11459 0023
11459 0024
11459 0025
11459 0026
11459 0027
11461 0000
11461 0001
11461 0002
11461 0003
11461 0004
11461 0005
11461 0006
11461 0007
11461 0008
11461 0009
11461 0010
11461 0011
11461 0012
11461 0013
11461 0014
11467 0000
11467 0001
11467 0002
11467 0003
11467 0004
11467 0005
11467 0006
11467 0007
11467 0008
11467 0009
11467 0010
11467 0011
11467 0012
11467 0013
11467 0014
11467 0015
11467 0016
11467 0017
11467 0018
11467 0019
11467 0020
11467 0021
11467 0022
11467 0023
11467 0024
11467 0025
11467 0026
11467 0027
11467 0028
11473 0000
11473 0001
11473 0002
11473 0003
11473 0004
11473 0005
11473 0006
11473 0007
11473 0008
11473 0009
11473 0010
11473 0011
11473 0012
11473 0013
11473 0014
11473 0015
11473 0016
11473 0017
11473 0018
11473 0019
11473 0020
11473 0021
11473 0022
11477 0000
11477 0001
11477 0002
11477 0003
11477 0004
11477 0005
11477 0006
11477 0007
11477 0008
11477 0009
11477 0010
11477 0011
11477 0012
11477 0013
11477 0014
11477 0015
11477 0016
11477 0017
11477 0018
11477 0019
11477 0020
11477 0021
11477 0022
11477 0023
11477 0024
11477 0025
11477 0026
11479 0000
11479 0001
11479 0002
11479 0003
11479 0004
11479 0005
11479 0006
11479 0007
11479 0008
11479 0009
11479 0010
11479 0011
11479 0012
11479 0013
11479 0014
11479 0015
11479 0016
11479 0017
11479 0018
11479 0019
11479 0020
11479 0021
11479 0022
11479 0023
11479 0024
11479 0025
11479 0026
11479 0027
11479 0028
11479 0029
11479 0030
11479 0031
11489 0000
11489 0001
11489 0002
11489 0003
11489 0004
11489 0005
11489 0006
11489 0007
11489 0008
11489 0009
11489 0010
11489 0011
11489 0012
11489 0013
11489 0014
11489 0015
11489 0016
11489 0017
11499 0000
11499 0001
11499 0002
11499 0003
11499 0004
11499 0005
11499 0006
11499 0007
11499 0008
11499 0009
11499 0010
11499 0011
11499 0012
11499 0013
11499 0014
11499 0015
11499 0016
11499 0017
11499 0018
11499 0019
11499 0020
11499 0021
11499 0022
11499 0023
11505 0000
11505 0001
11505 0002
11505 0003
11505 0004
11505 0005
11505 0006
11505 0007
11505 0008
11505 0009
11505 0010
11505 0011
11505 0012
11505 0013
11505 0014
11505 0015
11505 0016
11505 0017
11505 0018
11505 0019
11509 0000
11509 0001
11509 0002
11509 0003
11509 0004
11509 0005
11509 0006
11509 0007
11509 0008
11509 0009
11509 0010
11509 0011
11509 0012
11509 0013
11509 0014
11509 0015
11509 0016
11509 0017
11509 0018
11509 0019
11509 0020
11509 0021
11509 0022
11517 0000
11517 0001
11517 0002
11517 0003
11517 0004
11517 0005
11517 0006
11517 0007
11517 0008
11517 0009
11517 0010
11517 0011
11517 0012
11517 0013
11517 0014
11517 0015
11517 0016
11517 0017
11517 0018
11517 0019
11517 0020
11517 0021
11517 0022
11517 0023
11517 0024
11517 0025
11517 0026
11522 0000
11522 0001
11522 0002
11522 0003
11522 0004
11522 0005
11522 0006
11522 0007
11522 0008
11522 0009
11522 0010
11522 0011
11522 0012
11522 0013
11522 0014
11522 0015
11522 0016
11522 0017
11522 0018
11522 0019
11522 0020
11522 0021
11522 0022
11522 0023
11522 0024
11525 0000
11525 0001
11525 0002
11525 0003
11525 0004
11525 0005
11525 0006
11525 0007
11525 0008
11525 0009
11525 0010
11525 0011
11525 0012
11525 0013
11525 0014
11525 0015
11525 0016
11525 0017
11525 0018
11525 0019
11525 0020
11525 0021
11525 0022
11525 0023
11527 0000
11527 0001
11527 0002
11527 0003
11527 0004
11527 0005
11527 0006
11527 0007
11527 0008
11527 0009
11527 0010
11527 0011
11527 0012
11527 0013
11527 0014
11527 0015
11527 0016
11527 0017
11527 0018
11527 0019
11527 0020
11527 0021
11527 0022
11527 0023
11528 0000
11528 0001
11528 0002
11528 0003
11528 0004
11528 0005
11528 0006
11528 0007
11528 0008
11528 0009
11528 0010
11528 0011
11528 0012
11528 0013
11528 0014
11528 0015
11528 0016
11528 0017
11528 0018
11528 0019
11528 0020
11528 0021
11528 0022
11528 0023
11529 0000
11529 0001
11529 0002
11529 0003
11529 0004
11529 0005
11529 0006
11529 0007
11529 0008
11529 0009
11529 0010
11529 0011
11529 0012
11529 0013
11529 0014
11529 0015
11529 0016
11529 0017
11529 0018
11529 0019
11529 0020
11529 0021
11529 0022
11529 0023
11529 0024
11529 0025
11532 0000
11532 0001
11532 0002
11532 0003
11532 0004
11532 0005
11532 0006
11532 0007
11532 0008
11532 0009
11532 0010
11532 0011
11532 0012
11532 0013
11532 0014
11534 0000
11534 0001
11534 0002
11534 0003
11534 0004
11534 0005
11534 0006
11534 0007
11534 0008
11534 0009
11534 0010
11534 0011
11534 0012
11536 0000
11536 0001
11536 0002
11536 0003
11536 0004
11536 0005
11536 0006
11536 0007
11536 0008
11536 0009
11536 0010
11536 0011
11536 0012
11536 0013
11536 0014
11536 0015
11536 0016
11536 0017
11536 0018
11536 0019
11536 0020
11536 0021
11536 0022
11536 0023
11540 0000
11540 0001
11540 0002
11540 0003
11540 0004
11540 0005
11540 0006
11540 0007
11540 0008
11540 0009
11540 0010
11540 0011
11540 0012
11540 0013
11540 0014
11540 0015
11540 0016
11540 0017
11540 0018
11540 0019
11540 0020
11540 0021
11540 0022
11540 0023
11541 0000
11541 0001
11541 0002
11541 0003
11541 0004
11541 0005
11541 0006
11541 0007
11541 0008
11541 0009
11541 0010
11541 0011
11541 0012
11541 0013
11541 0014
11550 0000
11550 0001
11550 0002
11550 0003
11550 0004
11550 0005
11550 0006
11550 0007
11550 0008
11550 0009
11550 0010
11550 0011
11550 0012
11550 0013
11550 0014
11550 0015
11550 0016
11550 0017
11550 0018
11550 0019
11550 0020
11550 0021
11550 0022
11550 0023
11550 0024
11550 0025
11552 0000
11552 0001
11552 0002
11552 0003
11552 0004
11552 0005
11552 0006
11552 0007
11552 0008
11552 0009
11552 0010
11552 0011
11552 0012
11552 0013
11552 0014
11552 0015
11552 0016
11552 0017
11552 0018
11554 0000
11554 0001
11554 0002
11554 0003
11554 0004
11554 0005
11554 0006
11554 0007
11554 0008
11554 0009
11554 0010
11554 0011
11554 0012
11554 0013
11554 0014
11554 0015
11554 0016
11554 0017
11554 0018
11554 0019
11554 0020
11554 0021
11554 0022
11554 0023
11554 0024
11554 0025
11554 0026
11558 0000
11558 0001
11558 0002
11558 0003
11558 0004
11558 0005
11558 0006
11558 0007
11558 0008
11558 0009
11558 0010
11558 0011
11558 0012
11558 0013
11558 0014
11558 0015
11558 0016
11558 0017
11558 0018
11558 0019
11558 0020
11558 0021
11558 0022
11558 0023
11558 0024
11558 0025
11558 0026
11558 0027
11558 0028
11559 0000
11559 0001
11559 0002
11559 0003
11559 0004
11559 0005
11559 0006
11559 0007
11559 0008
11559 0009
11559 0010
11559 0011
11559 0012
11559 0013
11559 0014
11559 0015
11559 0016
11559 0017
11559 0018
11559 0019
11559 0020
11559 0021
11559 0022
11559 0023
11559 0024
11559 0025
11559 0026
11559 0027
11559 0028
11561 0000
11561 0001
11561 0002
11561 0003
11561 0004
11561 0005
11561 0006
11561 0007
11561 0008
11561 0009
11561 0010
11561 0011
11561 0012
11561 0013
11561 0014
11561 0015
11561 0016
11561 0017
11561 0018
11561 0019
11561 0020
11561 0021
11562 0000
11562 0001
11562 0002
11562 0003
11562 0004
11562 0005
11562 0006
11562 0007
11562 0008
11562 0009
11562 0010
11562 0011
11562 0012
11562 0013
11562 0014
11562 0015
11562 0016
11562 0017
11562 0018
11562 0019
11562 0020
11573 0000
11573 0001
11573 0002
11573 0003
11573 0004
11573 0005
11573 0006
11573 0007
11573 0008
11573 0009
11573 0010
11573 0011
11573 0012
11573 0013
11573 0014
11573 0015
11573 0016
11573 0017
11573 0018
11573 0019
11573 0020
11575 0000
11575 0001
11575 0002
11575 0003
11575 0004
11575 0005
11575 0006
11575 0007
11575 0008
11575 0009
11575 0010
11575 0011
11575 0012
11575 0013
11575 0014
11575 0015
11575 0016
11575 0017
11575 0018
11575 0019
11575 0020
11575 0021
11575 0022
11575 0023
11575 0024
11575 0025
11575 0026
11575 0027
11575 0028
11576 0000
11576 0001
11576 0002
11576 0003
11576 0004
11576 0005
11576 0006
11576 0007
11576 0008
11576 0009
11576 0010
11576 0011
11576 0012
11576 0013
11576 0014
11576 0015
11576 0016
11576 0017
11576 0018
11576 0019
11580 0000
11580 0001
11580 0002
11580 0003
11580 0004
11580 0005
11580 0006
11580 0007
11580 0008
11580 0009
11580 0010
11580 0011
11580 0012
11580 0013
11580 0014
11580 0015
11582 0000
11582 0001
11582 0002
11582 0003
11582 0004
11582 0005
11582 0006
11582 0007
11582 0008
11582 0009
11582 0010
11582 0011
11582 0012
11582 0013
11582 0014
11582 0015
11582 0016
11582 0017
11582 0018
11582 0019
11582 0020
11582 0021
11582 0022
11582 0023
11582 0024
11582 0025
11582 0026
11603 0000
11603 0001
11603 0002
11603 0003
11603 0004
11603 0005
11603 0006
11603 0007
11603 0008
11603 0009
11603 0010
11603 0011
11603 0012
11603 0013
11603 0014
11603 0015
11603 0016
11603 0017
11603 0018
11603 0019
11603 0020
11610 0000
11610 0001
11610 0002
11610 0003
11610 0004
11610 0005
11610 0006
11610 0007
11610 0008
11610 0009
11610 0010
11610 0011
11610 0012
11610 0013
11610 0014
11610 0015
11610 0016
11610 0017
11610 0018
11610 0019
11610 0020
11610 0021
11610 0022
11610 0023
11610 0024
11612 0000
11612 0001
11612 0002
11612 0003
11612 0004
11612 0005
11612 0006
11612 0007
11612 0008
11612 0009
11612 0010
11612 0011
11612 0012
11612 0013
11612 0014
11612 0015
11612 0016
11612 0017
11612 0018
11612 0019
11612 0020
11612 0021
11612 0022
11612 0023
11612 0024
11612 0025
11618 0000
11618 0001
11618 0002
11618 0003
11618 0004
11618 0005
11618 0006
11618 0007
11618 0008
11618 0009
11618 0010
11618 0011
11618 0012
11618 0013
11618 0014
11618 0015
11629 0000
11629 0001
11629 0002
11629 0003
11629 0004
11629 0005
11629 0006
11629 0007
11629 0008
11629 0009
11629 0010
11629 0011
11629 0012
11629 0013
11629 0014
11629 0015
11629 0016
11629 0017
11629 0018
11629 0019
11629 0020
11629 0021
11629 0022
11629 0023
11629 0024
11629 0025
11629 0026
11636 0000
11636 0001
11636 0002
11636 0003
11636 0004
11636 0005
11636 0006
11636 0007
11636 0008
11636 0009
11636 0010
11636 0011
11636 0012
11636 0013
11636 0014
11636 0015
11636 0016
11636 0017
11636 0018
11636 0019
11636 0020
11637 0000
11637 0001
11637 0002
11637 0003
11637 0004
11637 0005
11637 0006
11637 0007
11637 0008
11637 0009
11637 0010
11637 0011
11637 0012
11637 0013
11637 0014
11637 0015
11637 0016
11637 0017
11637 0018
11637 0019
11637 0020
11637 0021
11637 0022
11637 0023
11637 0024
11637 0025
11637 0026
11637 0027
11639 0000
11639 0001
11639 0002
11639 0003
11639 0004
11639 0005
11639 0006
11639 0007
11639 0008
11639 0009
11639 0010
11639 0011
11639 0012
11639 0013
11639 0014
11639 0015
11639 0016
11639 0017
11639 0018
11639 0019
11639 0020
11639 0021
11639 0022
11639 0023
11646 0000
11646 0001
11646 0002
11646 0003
11646 0004
11646 0005
11646 0006
11646 0007
11646 0008
11646 0009
11646 0010
11646 0011
11646 0012
11646 0013
11646 0014
11646 0015
11646 0016
11646 0017
11646 0018
11646 0019
11646 0020
11646 0021
11646 0022
11646 0023
11646 0024
11646 0025
11646 0026
11646 0027
11646 0028
11646 0029
11646 0030
11646 0031
11646 0032
11647 0000
11647 0001
11647 0002
11647 0003
11647 0004
11647 0005
11647 0006
11647 0007
11647 0008
11647 0009
11647 0010
11647 0011
11647 0012
11647 0013
11647 0014
11647 0015
11647 0016
11650 0000
11650 0001
11650 0002
11650 0003
11650 0004
11650 0005
11650 0006
11650 0007
11650 0008
11650 0009
11650 0010
11650 0011
11650 0012
11650 0013
11650 0014
11650 0015
11650 0016
11650 0017
11650 0018
11650 0019
11650 0020
11650 0021
11650 0022
11652 0000
11652 0001
11652 0002
11652 0003
11652 0004
11652 0005
11652 0006
11652 0007
11652 0008
11652 0009
11652 0010
11652 0011
11652 0012
11652 0013
11652 0014
11652 0015
11652 0016
11658 0000
11658 0001
11658 0002
11658 0003
11658 0004
11658 0005
11658 0006
11658 0007
11658 0008
11658 0009
11658 0010
11658 0011
11658 0012
11658 0013
11658 0014
11658 0015
11658 0016
11658 0017
11658 0018
11658 0019
11658 0020
11658 0021
11658 0022
11658 0023
11658 0024
11658 0025
11658 0026
11658 0027
11673 0000
11673 0001
11673 0002
11673 0003
11673 0004
11673 0005
11673 0006
11673 0007
11673 0008
11673 0009
11673 0010
11673 0011
11673 0012
11673 0013
11673 0014
11673 0015
11673 0016
11673 0017
11673 0018
11673 0019
11673 0020
11673 0021
11673 0022
11673 0023
11673 0024
11673 0025
11673 0026
11673 0027
11673 0028
11673 0029
11673 0030
11682 0000
11682 0001
11682 0002
11682 0003
11682 0004
11682 0005
11682 0006
11682 0007
11682 0008
11682 0009
11682 0010
11682 0011
11682 0012
11682 0013
11682 0014
11682 0015
11682 0016
11682 0017
11682 0018
11682 0019
11682 0020
11682 0021
11682 0022
11682 0023
11683 0000
11683 0001
11683 0002
11683 0003
11683 0004
11683 0005
11683 0006
11683 0007
11683 0008
11683 0009
11683 0010
11683 0011
11683 0012
11683 0013
11683 0014
11683 0015
11683 0016
11683 0017
11683 0018
11683 0019
11683 0020
11683 0021
11683 0022
11683 0023
11684 0000
11684 0001
11684 0002
11684 0003
11684 0004
11684 0005
11684 0006
11684 0007
11684 0008
11684 0009
11684 0010
11684 0011
11684 0012
11684 0013
11684 0014
11684 0015
11684 0016
11684 0017
11684 0018
11684 0019
11684 0020
11684 0021
11684 0022
11687 0000
11687 0001
11687 0002
11687 0003
11687 0004
11687 0005
11687 0006
11687 0007
11687 0008
11687 0009
11687 0010
11687 0011
11687 0012
11687 0013
11687 0014
11687 0015
11687 0016
11687 0017
11687 0018
11687 0019
11687 0020
11687 0021
11687 0022
11687 0023
11694 0000
11694 0001
11694 0002
11694 0003
11694 0004
11694 0005
11694 0006
11694 0007
11694 0008
11694 0009
11694 0010
11694 0011
11694 0012
11694 0013
11694 0014
11694 0015
11694 0016
11694 0017
11708 0000
11708 0001
11708 0002
11708 0003
11708 0004
11708 0005
11708 0006
11708 0007
11708 0008
11708 0009
11708 0010
11708 0011
11708 0012
11708 0013
11708 0014
11708 0015
11708 0016
11708 0017
11710 0000
11710 0001
11710 0002
11710 0003
11710 0004
11710 0005
11710 0006
11710 0007
11710 0008
11710 0009
11710 0010
11710 0011
11710 0012
11710 0013
11710 0014
11710 0015
11711 0000
11711 0001
11711 0002
11711 0003
11711 0004
11711 0005
11711 0006
11711 0007
11711 0008
11711 0009
11711 0010
11711 0011
11711 0012
11711 0013
11711 0014
11711 0015
11711 0016
11711 0017
11711 0018
11711 0019
11711 0020
11711 0021
11711 0022
11711 0023
11711 0024
11711 0025
11711 0026
11713 0000
11713 0001
11713 0002
11713 0003
11713 0004
11713 0005
11713 0006
11713 0007
11713 0008
11713 0009
11713 0010
11713 0011
11713 0012
11713 0013
11713 0014
11713 0015
11713 0016
11713 0017
11713 0018
11713 0019
11713 0020
11713 0021
11713 0022
11713 0023
11714 0000
11714 0001
11714 0002
11714 0003
11714 0004
11714 0005
11714 0006
11714 0007
11714 0008
11714 0009
11714 0010
11714 0011
11714 0012
11716 0000
11716 0001
11716 0002
11716 0003
11716 0004
11716 0005
11716 0006
11716 0007
11716 0008
11716 0009
11716 0010
11716 0011
11716 0012
11716 0013
11716 0014
11718 0000
11718 0001
11718 0002
11718 0003
11718 0004
11718 0005
11718 0006
11718 0007
11718 0008
11718 0009
11718 0010
11718 0011
11718 0012
11718 0013
11718 0014
11718 0015
11718 0016
11718 0017
11718 0018
11718 0019
11718 0020
11718 0021
11718 0022
11718 0023
11719 0000
11719 0001
11719 0002
11719 0003
11719 0004
11719 0005
11719 0006
11719 0007
11719 0008
11719 0009
11719 0010
11719 0011
11719 0012
11719 0013
11719 0014
11719 0015
11719 0016
11719 0017
11719 0018
11730 0000
11730 0001
11730 0002
11730 0003
11730 0004
11730 0005
11730 0006
11730 0007
11730 0008
11730 0009
11730 0010
11730 0011
11730 0012
11730 0013
11735 0000
11735 0001
11735 0002
11735 0003
11735 0004
11735 0005
11735 0006
11735 0007
11735 0008
11735 0009
11735 0010
11735 0011
11735 0012
11735 0013
11735 0014
11735 0015
11735 0016
11735 0017
11735 0018
11735 0019
11735 0020
11736 0000
11736 0001
11736 0002
11736 0003
11736 0004
11736 0005
11736 0006
11736 0007
11736 0008
11736 0009
11736 0010
11736 0011
11736 0012
11736 0013
11736 0014
11736 0015
11736 0016
11736 0017
11743 0000
11743 0001
11743 0002
11743 0003
11743 0004
11743 0005
11743 0006
11743 0007
11743 0008
11743 0009
11743 0010
11743 0011
11743 0012
11743 0013
11743 0014
11743 0015
11743 0016
11743 0017
11743 0018
11743 0019
11745 0000
11745 0001
11745 0002
11745 0003
11745 0004
11745 0005
11745 0006
11745 0007
11745 0008
11745 0009
11745 0010
11745 0011
11745 0012
11745 0013
11745 0014
11745 0015
11745 0016
11745 0017
11745 0018
11745 0019
11745 0020
11745 0021
11745 0022
11745 0023
11745 0024
11745 0025
11747 0000
11747 0001
11747 0002
11747 0003
11747 0004
11747 0005
11747 0006
11747 0007
11747 0008
11747 0009
11747 0010
11747 0011
11747 0012
11747 0013
11747 0014
11747 0015
11747 0016
11747 0017
11747 0018
11747 0019
11747 0020
11747 0021
11747 0022
11747 0023
11747 0024
11747 0025
11747 0026
11747 0027
11751 0000
11751 0001
11751 0002
11751 0003
11751 0004
11751 0005
11751 0006
11751 0007
11751 0008
11751 0009
11751 0010
11751 0011
11751 0012
11751 0013
11751 0014
11751 0015
11751 0016
11751 0017
11751 0018
11751 0019
11751 0020
11755 0000
11755 0001
11755 0002
11755 0003
11755 0004
11755 0005
11755 0006
11755 0007
11755 0008
11755 0009
11755 0010
11755 0011
11755 0012
11755 0013
11755 0014
11755 0015
11755 0016
11755 0017
11755 0018
11755 0019
11755 0020
11755 0021
11755 0022
11755 0023
11755 0024
11755 0025
11755 0026
11755 0027
11755 0028
11755 0029
11755 0030
11756 0000
11756 0001
11756 0002
11756 0003
11756 0004
11756 0005
11756 0006
11756 0007
11756 0008
11756 0009
11756 0010
11756 0011
11756 0012
11756 0013
11756 0014
11756 0015
11756 0016
11756 0017
11762 0000
11762 0001
11762 0002
11762 0003
11762 0004
11762 0005
11762 0006
11762 0007
11762 0008
11762 0009
11762 0010
11762 0011
11762 0012
11762 0013
11762 0014
11762 0015
11762 0016
11762 0017
11762 0018
11762 0019
11762 0020
11763 0000
11763 0001
11763 0002
11763 0003
11763 0004
11763 0005
11763 0006
11763 0007
11763 0008
11763 0009
11763 0010
11763 0011
11763 0012
11763 0013
11763 0014
11763 0015
11763 0016
11763 0017
11763 0018
11765 0000
11765 0001
11765 0002
11765 0003
11765 0004
11765 0005
11765 0006
11765 0007
11765 0008
11765 0009
11765 0010
11765 0011
11765 0012
11765 0013
11765 0014
11765 0015
11765 0016
11765 0017
11765 0018
11765 0019
11765 0020
11765 0021
11766 0000
11766 0001
11766 0002
11766 0003
11766 0004
11766 0005
11766 0006
11766 0007
11766 0008
11766 0009
11766 0010
11766 0011
11766 0012
11766 0013
11766 0014
11766 0015
11766 0016
11766 0017
11766 0018
11766 0019
11766 0020
11766 0021
11766 0022
11766 0023
11766 0024
11766 0025
11768 0000
11768 0001
11768 0002
11768 0003
11768 0004
11768 0005
11768 0006
11768 0007
11768 0008
11768 0009
11768 0010
11768 0011
11768 0012
11768 0013
11768 0014
11768 0015
11768 0016
11768 0017
11768 0018
11768 0019
11768 0020
11768 0021
11768 0022
11768 0023
11768 0024
11768 0025
11768 0026
11768 0027
11768 0028
11768 0029
11769 0000
11769 0001
11769 0002
11769 0003
11769 0004
11769 0005
11769 0006
11769 0007
11769 0008
11769 0009
11769 0010
11769 0011
11769 0012
11769 0013
11769 0014
11769 0015
11769 0016
11769 0017
11769 0018
11769 0019
11769 0020
11769 0021
11769 0022
11769 0023
11769 0024
11769 0025
11769 0026
11769 0027
11781 0000
11781 0001
11781 0002
11781 0003
11781 0004
11781 0005
11781 0006
11781 0007
11781 0008
11781 0009
11781 0010
11781 0011
11781 0012
11781 0013
11781 0014
11781 0015
11781 0016
11781 0017
11781 0018
11781 0019
11781 0020
11781 0021
11781 0022
11781 0023
11781 0024
11781 0025
11781 0026
11781 0027
11781 0028
11781 0029
11781 0030
11781 0031
11783 0000
11783 0001
11783 0002
11783 0003
11783 0004
11783 0005
11783 0006
11783 0007
11783 0008
11783 0009
11783 0010
11783 0011
11783 0012
11783 0013
11783 0014
11783 0015
11783 0016
11783 0017
11783 0018
11783 0019
11783 0020
11791 0000
11791 0001
11791 0002
11791 0003
11791 0004
11791 0005
11791 0006
11791 0007
11791 0008
11791 0009
11791 0010
11791 0011
11791 0012
11791 0013
11791 0014
11791 0015
11791 0016
11791 0017
11791 0018
11791 0019
11793 0000
11793 0001
11793 0002
11793 0003
11793 0004
11793 0005
11793 0006
11793 0007
11793 0008
11793 0009
11793 0010
11793 0011
11793 0012
11793 0013
11793 0014
11793 0015
11793 0016
11793 0017
11793 0018
11793 0019
11793 0020
11795 0000
11795 0001
11795 0002
11795 0003
11795 0004
11795 0005
11795 0006
11795 0007
11795 0008
11795 0009
11795 0010
11795 0011
11795 0012
11795 0013
11795 0014
11795 0015
11795 0016
11795 0017
11795 0018
11795 0019
11795 0020
11795 0021
11795 0022
11796 0000
11796 0001
11796 0002
11796 0003
11796 0004
11796 0005
11796 0006
11796 0007
11796 0008
11796 0009
11796 0010
11796 0011
11796 0012
11796 0013
11796 0014
11796 0015
11796 0016
11796 0017
11796 0018
11796 0019
11796 0020
11796 0021
11796 0022
11796 0023
11796 0024
11796 0025
11796 0026
11796 0027
11796 0028
11796 0029
11796 0030
11796 0031
11796 0032
11798 0000
11798 0001
11798 0002
11798 0003
11798 0004
11798 0005
11798 0006
11798 0007
11798 0008
11798 0009
11798 0010
11798 0011
11798 0012
11798 0013
11798 0014
11798 0015
11798 0016
11798 0017
11798 0018
11798 0019
11798 0020
11798 0021
11798 0022
11798 0023
11798 0024
11798 0025
11805 0000
11805 0001
11805 0002
11805 0003
11805 0004
11805 0005
11805 0006
11805 0007
11805 0008
11805 0009
11805 0010
11805 0011
11805 0012
11805 0013
11805 0014
11805 0015
11805 0016
11805 0017
11805 0018
11805 0019
11805 0020
11805 0021
11805 0022
11808 0000
11808 0001
11808 0002
11808 0003
11808 0004
11808 0005
11808 0006
11808 0007
11808 0008
11808 0009
11808 0010
11808 0011
11808 0012
11808 0013
11808 0014
11808 0015
11808 0016
11808 0017
11808 0018
11808 0019
11808 0020
11808 0021
11808 0022
11808 0023
11808 0024
11808 0025
11809 0000
11809 0001
11809 0002
11809 0003
11809 0004
11809 0005
11809 0006
11809 0007
11809 0008
11809 0009
11809 0010
11809 0011
11809 0012
11809 0013
11809 0014
11809 0015
11809 0016
11815 0000
11815 0001
11815 0002
11815 0003
11815 0004
11815 0005
11815 0006
11815 0007
11815 0008
11815 0009
11815 0010
11815 0011
11815 0012
11815 0013
11815 0014
11815 0015
11815 0016
11815 0017
11815 0018
11815 0019
11815 0020
11815 0021
11815 0022
11815 0023
11815 0024
11815 0025
11815 0026
11815 0027
11815 0028
11815 0029
11816 0000
11816 0001
11816 0002
11816 0003
11816 0004
11816 0005
11816 0006
11816 0007
11816 0008
11816 0009
11816 0010
11816 0011
11816 0012
11816 0013
11816 0014
11816 0015
11816 0016
11816 0017
11816 0018
11816 0019
11819 0000
11819 0001
11819 0002
11819 0003
11819 0004
11819 0005
11819 0006
11819 0007
11819 0008
11819 0009
11819 0010
11819 0011
11819 0012
11819 0013
11819 0014
11819 0015
11819 0016
11819 0017
11819 0018
11819 0019
11819 0020
11819 0021
11819 0022
11819 0023
11819 0024
11819 0025
11819 0026
11819 0027
11819 0028
11820 0000
11820 0001
11820 0002
11820 0003
11820 0004
11820 0005
11820 0006
11820 0007
11820 0008
11820 0009
11820 0010
11820 0011
11820 0012
11825 0000
11825 0001
11825 0002
11825 0003
11825 0004
11825 0005
11825 0006
11825 0007
11825 0008
11825 0009
11825 0010
11825 0011
11825 0012
11825 0013
11825 0014
11825 0015
11825 0016
11825 0017
11825 0018
11825 0019
11828 0000
11828 0001
11828 0002
11828 0003
11828 0004
11828 0005
11828 0006
11828 0007
11828 0008
11828 0009
11828 0010
11828 0011
11828 0012
11828 0013
11828 0014
11828 0015
11828 0016
11828 0017
11828 0018
11835 0000
11835 0001
11835 0002
11835 0003
11835 0004
11835 0005
11835 0006
11835 0007
11835 0008
11835 0009
11835 0010
11835 0011
11835 0012
11835 0013
11835 0014
11835 0015
11835 0016
11835 0017
11835 0018
11835 0019
11835 0020
11835 0021
11835 0022
11835 0023
11835 0024
11835 0025
11835 0026
11835 0027
11835 0028
11836 0000
11836 0001
11836 0002
11836 0003
11836 0004
11836 0005
11836 0006
11836 0007
11836 0008
11836 0009
11836 0010
11836 0011
11836 0012
11836 0013
11836 0014
11836 0015
11836 0016
11836 0017
11836 0018
11836 0019
11836 0020
11837 0000
11837 0001
11837 0002
11837 0003
11837 0004
11837 0005
11837 0006
11837 0007
11837 0008
11837 0009
11837 0010
11837 0011
11837 0012
11837 0013
11837 0014
11837 0015
11837 0016
11837 0017
11837 0018
11837 0019
11837 0020
11837 0021
11837 0022
11837 0023
11837 0024
11837 0025
11837 0026
11837 0027
11837 0028
11837 0029
11839 0000
11839 0001
11839 0002
11839 0003
11839 0004
11839 0005
11839 0006
11839 0007
11839 0008
11839 0009
11839 0010
11839 0011
11839 0012
11839 0013
11839 0014
11839 0015
11839 0016
11839 0017
11839 0018
11839 0019
11839 0020
11839 0021
11839 0022
11839 0023
11839 0024
11839 0025
11847 0000
11847 0001
11847 0002
11847 0003
11847 0004
11847 0005
11847 0006
11847 0007
11847 0008
11847 0009
11847 0010
11847 0011
11847 0012
11847 0013
11847 0014
11847 0015
11847 0016
11847 0017
11847 0018
11847 0019
11847 0020
11847 0021
11847 0022
11847 0023
11847 0024
11847 0025
11847 0026
11847 0027
11847 0028
11847 0029
11850 0000
11850 0001
11850 0002
11850 0003
11850 0004
11850 0005
11850 0006
11850 0007
11850 0008
11850 0009
11850 0010
11850 0011
11850 0012
11850 0013
11850 0014
11850 0015
11850 0016
11850 0017
11850 0018
11850 0019
11850 0020
11850 0021
11850 0022
11850 0023
11850 0024
11850 0025
11850 0026
11851 0000
11851 0001
11851 0002
11851 0003
11851 0004
11851 0005
11851 0006
11851 0007
11851 0008
11851 0009
11851 0010
11851 0011
11851 0012
11851 0013
11851 0014
11851 0015
11852 0000
11852 0001
11852 0002
11852 0003
11852 0004
11852 0005
11852 0006
11852 0007
11852 0008
11852 0009
11852 0010
11852 0011
11852 0012
11852 0013
11852 0014
11852 0015
11852 0016
11852 0017
11852 0018
11852 0019
11852 0020
11852 0021
11852 0022
11852 0023
11852 0024
11852 0025
11852 0026
11852 0027
11865 0000
11865 0001
11865 0002
11865 0003
11865 0004
11865 0005
11865 0006
11865 0007
11865 0008
11865 0009
11865 0010
11865 0011
11865 0012
11865 0013
11865 0014
11865 0015
11865 0016
11865 0017
11865 0018
11865 0019
11865 0020
11865 0021
11865 0022
11865 0023
11865 0024
11865 0025
11866 0000
11866 0001
11866 0002
11866 0003
11866 0004
11866 0005
11866 0006
11866 0007
11866 0008
11866 0009
11866 0010
11866 0011
11866 0012
11866 0013
11866 0014
11866 0015
11866 0016
11866 0017
11866 0018
11866 0019
11866 0020
11866 0021
11866 0022
11866 0023
11866 0024
11866 0025
11866 0026
11866 0027
11868 0000
11868 0001
11868 0002
11868 0003
11868 0004
11868 0005
11868 0006
11868 0007
11868 0008
11868 0009
11868 0010
11868 0011
11868 0012
11868 0013
11868 0014
11868 0015
11868 0016
11868 0017
11868 0018
11868 0019
11868 0020
11868 0021
11868 0022
11868 0023
11876 0000
11876 0001
11876 0002
11876 0003
11876 0004
11876 0005
11876 0006
11876 0007
11876 0008
11876 0009
11876 0010
11876 0011
11876 0012
11876 0013
11876 0014
11876 0015
11876 0016
11876 0017
11876 0018
11876 0019
11878 0000
11878 0001
11878 0002
11878 0003
11878 0004
11878 0005
11878 0006
11878 0007
11878 0008
11878 0009
11878 0010
11878 0011
11878 0012
11878 0013
11878 0014
11878 0015
11878 0016
11878 0017
11878 0018
11878 0019
11878 0020
11880 0000
11880 0001
11880 0002
11880 0003
11880 0004
11880 0005
11880 0006
11880 0007
11880 0008
11880 0009
11880 0010
11880 0011
11880 0012
11880 0013
11880 0014
11880 0015
11880 0016
11880 0017
11880 0018
11882 0000
11882 0001
11882 0002
11882 0003
11882 0004
11882 0005
11882 0006
11882 0007
11882 0008
11882 0009
11882 0010
11882 0011
11882 0012
11882 0013
11882 0014
11882 0015
11882 0016
11882 0017
11882 0018
11882 0019
11883 0000
11883 0001
11883 0002
11883 0003
11883 0004
11883 0005
11883 0006
11883 0007
11883 0008
11883 0009
11883 0010
11883 0011
11883 0012
11883 0013
11883 0014
11883 0015
11883 0016
11883 0017
11883 0018
11883 0019
11883 0020
11883 0021
11883 0022
11885 0000
11885 0001
11885 0002
11885 0003
11885 0004
11885 0005
11885 0006
11885 0007
11885 0008
11885 0009
11885 0010
11885 0011
11885 0012
11885 0013
11885 0014
11885 0015
11885 0016
11885 0017
11885 0018
11885 0019
11885 0020
11885 0021
11885 0022
11885 0023
11885 0024
11885 0025
11885 0026
11888 0000
11888 0001
11888 0002
11888 0003
11888 0004
11888 0005
11888 0006
11888 0007
11888 0008
11888 0009
11888 0010
11888 0011
11888 0012
11888 0013
11888 0014
11888 0015
11888 0016
11888 0017
11888 0018
11888 0019
11888 0020
11888 0021
11888 0022
11891 0000
11891 0001
11891 0002
11891 0003
11891 0004
11891 0005
11891 0006
11891 0007
11891 0008
11891 0009
11891 0010
11891 0011
11891 0012
11891 0013
11891 0014
11891 0015
11891 0016
11891 0017
11891 0018
11891 0019
11891 0020
11891 0021
11891 0022
11891 0023
11891 0024
11891 0025
11891 0026
11893 0000
11893 0001
11893 0002
11893 0003
11893 0004
11893 0005
11893 0006
11893 0007
11893 0008
11893 0009
11893 0010
11893 0011
11893 0012
11893 0013
11893 0014
11895 0000
11895 0001
11895 0002
11895 0003
11895 0004
11895 0005
11895 0006
11895 0007
11895 0008
11895 0009
11895 0010
11895 0011
11895 0012
11895 0013
11895 0014
11895 0015
11895 0016
11895 0017
11895 0018
11895 0019
11895 0020
11895 0021
11895 0022
11903 0000
11903 0001
11903 0002
11903 0003
11903 0004
11903 0005
11903 0006
11903 0007
11903 0008
11903 0009
11903 0010
11903 0011
11903 0012
11903 0013
11903 0014
11903 0015
11903 0016
11903 0017
11903 0018
11903 0019
11903 0020
11903 0021
11903 0022
11903 0023
11903 0024
11903 0025
11903 0026
11907 0000
11907 0001
11907 0002
11907 0003
11907 0004
11907 0005
11907 0006
11907 0007
11907 0008
11907 0009
11907 0010
11907 0011
11907 0012
11907 0013
11907 0014
11907 0015
11907 0016
11907 0017
11907 0018
11907 0019
11907 0020
11907 0021
11907 0022
11907 0023
11907 0024
11907 0025
11907 0026
11907 0027
11907 0028
11909 0000
11909 0001
11909 0002
11909 0003
11909 0004
11909 0005
11909 0006
11909 0007
11909 0008
11909 0009
11909 0010
11909 0011
11909 0012
11909 0013
11909 0014
11909 0015
11912 0000
11912 0001
11912 0002
11912 0003
11912 0004
11912 0005
11912 0006
11912 0007
11912 0008
11912 0009
11912 0010
11912 0011
11912 0012
11912 0013
11912 0014
11912 0015
11912 0016
11912 0017
11912 0018
11912 0019
11912 0020
11912 0021
11912 0022
11912 0023
11912 0024
11912 0025
11912 0026
11912 0027
11922 0000
11922 0001
11922 0002
11922 0003
11922 0004
11922 0005
11922 0006
11922 0007
11922 0008
11922 0009
11922 0010
11922 0011
11922 0012
11922 0013
11922 0014
11922 0015
11922 0016
11922 0017
11922 0018
11922 0019
11922 0020
11922 0021
11922 0022
11925 0000
11925 0001
11925 0002
11925 0003
11925 0004
11925 0005
11925 0006
11925 0007
11925 0008
11925 0009
11925 0010
11925 0011
11925 0012
11925 0013
11925 0014
11925 0015
11925 0016
11925 0017
11925 0018
11925 0019
11925 0020
11925 0021
11929 0000
11929 0001
11929 0002
11929 0003
11929 0004
11929 0005
11929 0006
11929 0007
11929 0008
11929 0009
11929 0010
11929 0011
11929 0012
11929 0013
11929 0014
11929 0015
11929 0016
11929 0017
11929 0018
11929 0019
11929 0020
11929 0021
11929 0022
11929 0023
11929 0024
11929 0025
11929 0026
11929 0027
11931 0000
11931 0001
11931 0002
11931 0003
11931 0004
11931 0005
11931 0006
11931 0007
11931 0008
11931 0009
11931 0010
11931 0011
11931 0012
11931 0013
11931 0014
11931 0015
11931 0016
11931 0017
11931 0018
11931 0019
11931 0020
11931 0021
11931 0022
11940 0000
11940 0001
11940 0002
11940 0003
11940 0004
11940 0005
11940 0006
11940 0007
11940 0008
11940 0009
11940 0010
11940 0011
11940 0012
11940 0013
11940 0014
11940 0015
11940 0016
11940 0017
11940 0018
11940 0019
11942 0000
11942 0001
11942 0002
11942 0003
11942 0004
11942 0005
11942 0006
11942 0007
11942 0008
11942 0009
11942 0010
11942 0011
11942 0012
11942 0013
11942 0014
11942 0015
11942 0016
11942 0017
11942 0018
11942 0019
11942 0020
11942 0021
11942 0022
11942 0023
11942 0024
11943 0000
11943 0001
11943 0002
11943 0003
11943 0004
11943 0005
11943 0006
11943 0007
11943 0008
11943 0009
11943 0010
11943 0011
11943 0012
11943 0013
11943 0014
11943 0015
11943 0016
11943 0017
11944 0000
11944 0001
11944 0002
11944 0003
11944 0004
11944 0005
11944 0006
11944 0007
11944 0008
11944 0009
11944 0010
11944 0011
11944 0012
11944 0013
11944 0014
11944 0015
11944 0016
11944 0017
11944 0018
11944 0019
11944 0020
11944 0021
11944 0022
11944 0023
11944 0024
11944 0025
11944 0026
11944 0027
11945 0000
11945 0001
11945 0002
11945 0003
11945 0004
11945 0005
11945 0006
11945 0007
11945 0008
11945 0009
11945 0010
11945 0011
11945 0012
11945 0013
11945 0014
11954 0000
11954 0001
11954 0002
11954 0003
11954 0004
11954 0005
11954 0006
11954 0007
11954 0008
11954 0009
11954 0010
11954 0011
11954 0012
11954 0013
11954 0014
11954 0015
11954 0016
11957 0000
11957 0001
11957 0002
11957 0003
11957 0004
11957 0005
11957 0006
11957 0007
11957 0008
11957 0009
11957 0010
11957 0011
11957 0012
11957 0013
11957 0014
11957 0015
11957 0016
11957 0017
11957 0018
11957 0019
11957 0020
11957 0021
11957 0022
11957 0023
11957 0024
11957 0025
11957 0026
11959 0000
11959 0001
11959 0002
11959 0003
11959 0004
11959 0005
11959 0006
11959 0007
11959 0008
11959 0009
11959 0010
11959 0011
11959 0012
11959 0013
11959 0014
11959 0015
11959 0016
11959 0017
11959 0018
11959 0019
11959 0020
11959 0021
11959 0022
11959 0023
11959 0024
11959 0025
11959 0026
11959 0027
11960 0000
11960 0001
11960 0002
11960 0003
11960 0004
11960 0005
11960 0006
11960 0007
11960 0008
11960 0009
11960 0010
11960 0011
11960 0012
11960 0013
11960 0014
11960 0015
11960 0016
11960 0017
11960 0018
11960 0019
11960 0020
11960 0021
11960 0022
11960 0023
11960 0024
11960 0025
11960 0026
11960 0027
11963 0000
11963 0001
11963 0002
11963 0003
11963 0004
11963 0005
11963 0006
11963 0007
11963 0008
11963 0009
11963 0010
11963 0011
11963 0012
11963 0013
11963 0014
11963 0015
11963 0016
11963 0017
11967 0000
11967 0001
11967 0002
11967 0003
11967 0004
11967 0005
11967 0006
11967 0007
11967 0008
11967 0009
11967 0010
11967 0011
11967 0012
11967 0013
11967 0014
11967 0015
11967 0016
11967 0017
11967 0018
11967 0019
11967 0020
11967 0021
11967 0022
11967 0023
11967 0024
11967 0025
11967 0026
11967 0027
11967 0028
11969 0000
11969 0001
11969 0002
11969 0003
11969 0004
11969 0005
11969 0006
11969 0007
11969 0008
11969 0009
11969 0010
11969 0011
11969 0012
11970 0000
11970 0001
11970 0002
11970 0003
11970 0004
11970 0005
11970 0006
11970 0007
11970 0008
11970 0009
11970 0010
11970 0011
11970 0012
11970 0013
11970 0014
11972 0000
11972 0001
11972 0002
11972 0003
11972 0004
11972 0005
11972 0006
11972 0007
11972 0008
11972 0009
11972 0010
11972 0011
11972 0012
11972 0013
11972 0014
11972 0015
11972 0016
11972 0017
11972 0018
11976 0000
11976 0001
11976 0002
11976 0003
11976 0004
11976 0005
11976 0006
11976 0007
11976 0008
11976 0009
11976 0010
11976 0011
11976 0012
11976 0013
11976 0014
11976 0015
11976 0016
11976 0017
11976 0018
11976 0019
11976 0020
11976 0021
11976 0022
11982 0000
11982 0001
11982 0002
11982 0003
11982 0004
11982 0005
11982 0006
11982 0007
11982 0008
11982 0009
11982 0010
11982 0011
11982 0012
11982 0013
11982 0014
11982 0015
11982 0016
11982 0017
11982 0018
11982 0019
11982 0020
11989 0000
11989 0001
11989 0002
11989 0003
11989 0004
11989 0005
11989 0006
11989 0007
11989 0008
11989 0009
11989 0010
11989 0011
11989 0012
11989 0013
11989 0014
11989 0015
11989 0016
11989 0017
11989 0018
11989 0019
11989 0020
11989 0021
11989 0022
11989 0023
11989 0024
11989 0025
11989 0026
11990 0000
11990 0001
11990 0002
11990 0003
11990 0004
11990 0005
11990 0006
11990 0007
11990 0008
11990 0009
11990 0010
11990 0011
11990 0012
11990 0013
11990 0014
11990 0015
11990 0016
11990 0017
11990 0018
11990 0019
11990 0020
11990 0021
11990 0022
11990 0023
11990 0024
11990 0025
11993 0000
11993 0001
11993 0002
11993 0003
11993 0004
11993 0005
11993 0006
11993 0007
11993 0008
11993 0009
11993 0010
11993 0011
11993 0012
11993 0013
11993 0014
11993 0015
11993 0016
11993 0017
11993 0018
11993 0019
11993 0020
11993 0021
11993 0022
11993 0023
11995 0000
11995 0001
11995 0002
11995 0003
11995 0004
11995 0005
11995 0006
11995 0007
11995 0008
11995 0009
11995 0010
11995 0011
11995 0012
11995 0013
11995 0014
11995 0015
11995 0016
11995 0017
11995 0018
11995 0019
11995 0020
11995 0021
11995 0022
11995 0023
11995 0024
11995 0025
11997 0000
11997 0001
11997 0002
11997 0003
11997 0004
11997 0005
11997 0006
11997 0007
11997 0008
11997 0009
11997 0010
11997 0011
11997 0012
11997 0013
11997 0014
11997 0015
11997 0016
11997 0017
12006 0000
12006 0001
12006 0002
12006 0003
12006 0004
12006 0005
12006 0006
12006 0007
12006 0008
12006 0009
12006 0010
12006 0011
12006 0012
12006 0013
12006 0014
12006 0015
12006 0016
12006 0017
12006 0018
12006 0019
12006 0020
12006 0021
12007 0000
12007 0001
12007 0002
12007 0003
12007 0004
12007 0005
12007 0006
12007 0007
12007 0008
12007 0009
12007 0010
12007 0011
12007 0012
12007 0013
12007 0014
12007 0015
12007 0016
12007 0017
12007 0018
12007 0019
12007 0020
12007 0021
12007 0022
12007 0023
12007 0024
12008 0000
12008 0001
12008 0002
12008 0003
12008 0004
12008 0005
12008 0006
12008 0007
12008 0008
12008 0009
12008 0010
12008 0011
12008 0012
12008 0013
12008 0014
12008 0015
12008 0016
12008 0017
12008 0018
12018 0000
12018 0001
12018 0002
12018 0003
12018 0004
12018 0005
12018 0006
12018 0007
12018 0008
12018 0009
12018 0010
12018 0011
12018 0012
12018 0013
12018 0014
12018 0015
12020 0000
12020 0001
12020 0002
12020 0003
12020 0004
12020 0005
12020 0006
12020 0007
12020 0008
12020 0009
12020 0010
12020 0011
12020 0012
12020 0013
12020 0014
12020 0015
12020 0016
12020 0017
12020 0018
12020 0019
12020 0020
12020 0021
12020 0022
12020 0023
12020 0024
12020 0025
12020 0026
12020 0027
12020 0028
12020 0029
12020 0030
12020 0031
12023 0000
12023 0001
12023 0002
12023 0003
12023 0004
12023 0005
12023 0006
12023 0007
12023 0008
12023 0009
12023 0010
12023 0011
12023 0012
12023 0013
12023 0014
12023 0015
12023 0016
12023 0017
12023 0018
12023 0019
12023 0020
12023 0021
12024 0000
12024 0001
12024 0002
12024 0003
12024 0004
12024 0005
12024 0006
12024 0007
12024 0008
12024 0009
12024 0010
12024 0011
12024 0012
12024 0013
12024 0014
12024 0015
12024 0016
12024 0017
12024 0018
12024 0019
12024 0020
12024 0021
12026 0000
12026 0001
12026 0002
12026 0003
12026 0004
12026 0005
12026 0006
12026 0007
12026 0008
12026 0009
12026 0010
12026 0011
12026 0012
12026 0013
12026 0014
12026 0015
12026 0016
12026 0017
12026 0018
12026 0019
12026 0020
12026 0021
12026 0022
12026 0023
12026 0024
12026 0025
12026 0026
12041 0000
12041 0001
12041 0002
12041 0003
12041 0004
12041 0005
12041 0006
12041 0007
12041 0008
12041 0009
12041 0010
12041 0011
12041 0012
12041 0013
12041 0014
12041 0015
12041 0016
12041 0017
12041 0018
12041 0019
12041 0020
12041 0021
12041 0022
12044 0000
12044 0001
12044 0002
12044 0003
12044 0004
12044 0005
12044 0006
12044 0007
12044 0008
12044 0009
12044 0010
12044 0011
12044 0012
12044 0013
12044 0014
12045 0000
12045 0001
12045 0002
12045 0003
12045 0004
12045 0005
12045 0006
12045 0007
12045 0008
12045 0009
12045 0010
12045 0011
12045 0012
12045 0013
12045 0014
12045 0015
12045 0016
12045 0017
12060 0000
12060 0001
12060 0002
12060 0003
12060 0004
12060 0005
12060 0006
12060 0007
12060 0008
12060 0009
12060 0010
12060 0011
12060 0012
12060 0013
12060 0014
12060 0015
12060 0016
12064 0000
12064 0001
12064 0002
12064 0003
12064 0004
12064 0005
12064 0006
12064 0007
12064 0008
12064 0009
12064 0010
12064 0011
12064 0012
12064 0013
12064 0014
12064 0015
12070 0000
12070 0001
12070 0002
12070 0003
12070 0004
12070 0005
12070 0006
12070 0007
12070 0008
12070 0009
12070 0010
12070 0011
12071 0000
12071 0001
12071 0002
12071 0003
12071 0004
12071 0005
12071 0006
12071 0007
12071 0008
12071 0009
12071 0010
12071 0011
12071 0012
12071 0013
12071 0014
12071 0015
12071 0016
12077 0000
12077 0001
12077 0002
12077 0003
12077 0004
12077 0005
12077 0006
12077 0007
12077 0008
12077 0009
12077 0010
12077 0011
12077 0012
12077 0013
12077 0014
12077 0015
12077 0016
12077 0017
12077 0018
12077 0019
12077 0020
12077 0021
12077 0022
12077 0023
12077 0024
12077 0025
12077 0026
12077 0027
12077 0028
12077 0029
12082 0000
12082 0001
12082 0002
12082 0003
12082 0004
12082 0005
12082 0006
12082 0007
12082 0008
12082 0009
12082 0010
12082 0011
12082 0012
12082 0013
12082 0014
12082 0015
12082 0016
12082 0017
12082 0018
12082 0019
12082 0020
12085 0000
12085 0001
12085 0002
12085 0003
12085 0004
12085 0005
12085 0006
12085 0007
12085 0008
12085 0009
12085 0010
12085 0011
12085 0012
12085 0013
12085 0014
12085 0015
12085 0016
12085 0017
12085 0018
12085 0019
12085 0020
12085 0021
12087 0000
12087 0001
12087 0002
12087 0003
12087 0004
12087 0005
12087 0006
12087 0007
12087 0008
12087 0009
12087 0010
12087 0011
12087 0012
12087 0013
12087 0014
12087 0015
12087 0016
12087 0017
12087 0018
12087 0019
12087 0020
12087 0021
12087 0022
12087 0023
12087 0024
12087 0025
12087 0026
12087 0027
12087 0028
12088 0000
12088 0001
12088 0002
12088 0003
12088 0004
12088 0005
12088 0006
12088 0007
12088 0008
12088 0009
12088 0010
12088 0011
12088 0012
12088 0013
12088 0014
12088 0015
12094 0000
12094 0001
12094 0002
12094 0003
12094 0004
12094 0005
12094 0006
12094 0007
12094 0008
12094 0009
12094 0010
12094 0011
12094 0012
12094 0013
12094 0014
12094 0015
12094 0016
12094 0017
12094 0018
12094 0019
12094 0020
12094 0021
12094 0022
12098 0000
12098 0001
12098 0002
12098 0003
12098 0004
12098 0005
12098 0006
12098 0007
12098 0008
12098 0009
12098 0010
12098 0011
12098 0012
12098 0013
12098 0014
12098 0015
12098 0016
12098 0017
12098 0018
12098 0019
12098 0020
12098 0021
12098 0022
12100 0000
12100 0001
12100 0002
12100 0003
12100 0004
12100 0005
12100 0006
12100 0007
12100 0008
12100 0009
12100 0010
12100 0011
12100 0012
12100 0013
12100 0014
12100 0015
12100 0016
12100 0017
12100 0018
12100 0019
12100 0020
12100 0021
12100 0022
12100 0023
12100 0024
12100 0025
12100 0026
12100 0027
12100 0028
12101 0000
12101 0001
12101 0002
12101 0003
12101 0004
12101 0005
12101 0006
12101 0007
12101 0008
12101 0009
12101 0010
12101 0011
12101 0012
12101 0013
12101 0014
12101 0015
12101 0016
12101 0017
12101 0018
12101 0019
12101 0020
12113 0000
12113 0001
12113 0002
12113 0003
12113 0004
12113 0005
12113 0006
12113 0007
12113 0008
12113 0009
12113 0010
12113 0011
12113 0012
12113 0013
12113 0014
12113 0015
12113 0016
12113 0017
12113 0018
12113 0019
12113 0020
12113 0021
12113 0022
12113 0023
12114 0000
12114 0001
12114 0002
12114 0003
12114 0004
12114 0005
12114 0006
12114 0007
12114 0008
12114 0009
12114 0010
12114 0011
12114 0012
12114 0013
12114 0014
12114 0015
12114 0016
12114 0017
12114 0018
12114 0019
12114 0020
12114 0021
12114 0022
12114 0023
12114 0024
12116 0000
12116 0001
12116 0002
12116 0003
12116 0004
12116 0005
12116 0006
12116 0007
12116 0008
12116 0009
12116 0010
12116 0011
12116 0012
12116 0013
12116 0014
12116 0015
12116 0016
12116 0017
12116 0018
12116 0019
12116 0020
12116 0021
12118 0000
12118 0001
12118 0002
12118 0003
12118 0004
12118 0005
12118 0006
12118 0007
12118 0008
12118 0009
12118 0010
12118 0011
12118 0012
12118 0013
12118 0014
12118 0015
12118 0016
12118 0017
12118 0018
12118 0019
12120 0000
12120 0001
12120 0002
12120 0003
12120 0004
12120 0005
12120 0006
12120 0007
12120 0008
12120 0009
12120 0010
12120 0011
12120 0012
12120 0013
12120 0014
12120 0015
12120 0016
12120 0017
12120 0018
12120 0019
12120 0020
12120 0021
12120 0022
12120 0023
12120 0024
12120 0025
12120 0026
12120 0027
12126 0000
12126 0001
12126 0002
12126 0003
12126 0004
12126 0005
12126 0006
12126 0007
12126 0008
12126 0009
12126 0010
12126 0011
12126 0012
12126 0013
12126 0014
12126 0015
12126 0016
12126 0017
12126 0018
12126 0019
12126 0020
12126 0021
12126 0022
12126 0023
12128 0000
12128 0001
12128 0002
12128 0003
12128 0004
12128 0005
12128 0006
12128 0007
12128 0008
12128 0009
12128 0010
12128 0011
12128 0012
12128 0013
12128 0014
12128 0015
12128 0016
12128 0017
12128 0018
12128 0019
12128 0020
12128 0021
12129 0000
12129 0001
12129 0002
12129 0003
12129 0004
12129 0005
12129 0006
12129 0007
12129 0008
12129 0009
12129 0010
12129 0011
12129 0012
12136 0000
12136 0001
12136 0002
12136 0003
12136 0004
12136 0005
12136 0006
12136 0007
12136 0008
12136 0009
12136 0010
12136 0011
12136 0012
12136 0013
12136 0014
12136 0015
12136 0016
12136 0017
12136 0018
12136 0019
12140 0000
12140 0001
12140 0002
12140 0003
12140 0004
12140 0005
12140 0006
12140 0007
12140 0008
12140 0009
12140 0010
12140 0011
12140 0012
12140 0013
12140 0014
12140 0015
12140 0016
12140 0017
12140 0018
12140 0019
12140 0020
12140 0021
12142 0000
12142 0001
12142 0002
12142 0003
12142 0004
12142 0005
12142 0006
12142 0007
12142 0008
12142 0009
12142 0010
12142 0011
12142 0012
12142 0013
12142 0014
12142 0015
12142 0016
12142 0017
12142 0018
12142 0019
12142 0020
12142 0021
12142 0022
12142 0023
12154 0000
12154 0001
12154 0002
12154 0003
12154 0004
12154 0005
12154 0006
12154 0007
12154 0008
12154 0009
12154 0010
12154 0011
12154 0012
12154 0013
12154 0014
12154 0015
12154 0016
12154 0017
12154 0018
12154 0019
12154 0020
12155 0000
12155 0001
12155 0002
12155 0003
12155 0004
12155 0005
12155 0006
12155 0007
12155 0008
12155 0009
12155 0010
12155 0011
12155 0012
12155 0013
12155 0014
12155 0015
12156 0000
12156 0001
12156 0002
12156 0003
12156 0004
12156 0005
12156 0006
12156 0007
12156 0008
12156 0009
12156 0010
12156 0011
12156 0012
12156 0013
12156 0014
12156 0015
12156 0016
12156 0017
12161 0000
12161 0001
12161 0002
12161 0003
12161 0004
12161 0005
12161 0006
12161 0007
12161 0008
12161 0009
12161 0010
12161 0011
12161 0012
12161 0013
12161 0014
12161 0015
12161 0016
12161 0017
12161 0018
12161 0019
12161 0020
12161 0021
12161 0022
12161 0023
12161 0024
12161 0025
12161 0026
12166 0000
12166 0001
12166 0002
12166 0003
12166 0004
12166 0005
12166 0006
12166 0007
12166 0008
12166 0009
12166 0010
12166 0011
12166 0012
12166 0013
12166 0014
12166 0015
12166 0016
12166 0017
12166 0018
12166 0019
12166 0020
12166 0021
12166 0022
12166 0023
12166 0024
12166 0025
12166 0026
12166 0027
12166 0028
12166 0029
12166 0030
12168 0000
12168 0001
12168 0002
12168 0003
12168 0004
12168 0005
12168 0006
12168 0007
12168 0008
12168 0009
12168 0010
12168 0011
12168 0012
12168 0013
12168 0014
12168 0015
12168 0016
12168 0017
12168 0018
12168 0019
12168 0020
12170 0000
12170 0001
12170 0002
12170 0003
12170 0004
12170 0005
12170 0006
12170 0007
12170 0008
12170 0009
12170 0010
12170 0011
12170 0012
12170 0013
12170 0014
12170 0015
12170 0016
12170 0017
12170 0018
12170 0019
12170 0020
12170 0021
12171 0000
12171 0001
12171 0002
12171 0003
12171 0004
12171 0005
12171 0006
12171 0007
12171 0008
12171 0009
12171 0010
12171 0011
12171 0012
12171 0013
12171 0014
12171 0015
12171 0016
12173 0000
12173 0001
12173 0002
12173 0003
12173 0004
12173 0005
12173 0006
12173 0007
12173 0008
12173 0009
12173 0010
12173 0011
12173 0012
12173 0013
12173 0014
12175 0000
12175 0001
12175 0002
12175 0003
12175 0004
12175 0005
12175 0006
12175 0007
12175 0008
12175 0009
12175 0010
12175 0011
12175 0012
12175 0013
12175 0014
12175 0015
12175 0016
12175 0017
12175 0018
12175 0019
12175 0020
12175 0021
12175 0022
12175 0023
12175 0024
12175 0025
12177 0000
12177 0001
12177 0002
12177 0003
12177 0004
12177 0005
12177 0006
12177 0007
12177 0008
12177 0009
12177 0010
12177 0011
12177 0012
12177 0013
12177 0014
12177 0015
12177 0016
12177 0017
12177 0018
12177 0019
12177 0020
12177 0021
12177 0022
12177 0023
12177 0024
12177 0025
12180 0000
12180 0001
12180 0002
12180 0003
12180 0004
12180 0005
12180 0006
12180 0007
12180 0008
12180 0009
12180 0010
12180 0011
12180 0012
12180 0013
12180 0014
12180 0015
12180 0016
12180 0017
12180 0018
12180 0019
12182 0000
12182 0001
12182 0002
12182 0003
12182 0004
12182 0005
12182 0006
12182 0007
12182 0008
12182 0009
12182 0010
12182 0011
12182 0012
12182 0013
12182 0014
12186 0000
12186 0001
12186 0002
12186 0003
12186 0004
12186 0005
12186 0006
12186 0007
12186 0008
12186 0009
12186 0010
12186 0011
12186 0012
12186 0013
12186 0014
12186 0015
12186 0016
12186 0017
12186 0018
12186 0019
12186 0020
12186 0021
12186 0022
12186 0023
12186 0024
12186 0025
12186 0026
12186 0027
12194 0000
12194 0001
12194 0002
12194 0003
12194 0004
12194 0005
12194 0006
12194 0007
12194 0008
12194 0009
12194 0010
12194 0011
12194 0012
12194 0013
12194 0014
12194 0015
12194 0016
12194 0017
12194 0018
12194 0019
12194 0020
12194 0021
12194 0022
12194 0023
12194 0024
12194 0025
12194 0026
12194 0027
12194 0028
12197 0000
12197 0001
12197 0002
12197 0003
12197 0004
12197 0005
12197 0006
12197 0007
12197 0008
12197 0009
12197 0010
12197 0011
12197 0012
12197 0013
12197 0014
12197 0015
12197 0016
12197 0017
12197 0018
12197 0019
12210 0000
12210 0001
12210 0002
12210 0003
12210 0004
12210 0005
12210 0006
12210 0007
12210 0008
12210 0009
12210 0010
12210 0011
12210 0012
12210 0013
12210 0014
12210 0015
12210 0016
12210 0017
12210 0018
12210 0019
12210 0020
12210 0021
12210 0022
12210 0023
12210 0024
12210 0025
12211 0000
12211 0001
12211 0002
12211 0003
12211 0004
12211 0005
12211 0006
12211 0007
12211 0008
12211 0009
12211 0010
12211 0011
12211 0012
12211 0013
12211 0014
12211 0015
12211 0016
12211 0017
12211 0018
12211 0019
12211 0020
12211 0021
12213 0000
12213 0001
12213 0002
12213 0003
12213 0004
12213 0005
12213 0006
12213 0007
12213 0008
12213 0009
12213 0010
12213 0011
12213 0012
12213 0013
12213 0014
12213 0015
12213 0016
12213 0017
12213 0018
12213 0019
12213 0020
12213 0021
12213 0022
12213 0023
12213 0024
12213 0025
12213 0026
12213 0027
12217 0000
12217 0001
12217 0002
12217 0003
12217 0004
12217 0005
12217 0006
12217 0007
12217 0008
12217 0009
12217 0010
12217 0011
12217 0012
12217 0013
12217 0014
12217 0015
12217 0016
12217 0017
12217 0018
12217 0019
12217 0020
12217 0021
12217 0022
12217 0023
12217 0024
12222 0000
12222 0001
12222 0002
12222 0003
12222 0004
12222 0005
12222 0006
12222 0007
12222 0008
12222 0009
12222 0010
12222 0011
12222 0012
12222 0013
12222 0014
12222 0015
12222 0016
12222 0017
12226 0000
12226 0001
12226 0002
12226 0003
12226 0004
12226 0005
12226 0006
12226 0007
12226 0008
12226 0009
12226 0010
12226 0011
12226 0012
12226 0013
12226 0014
12226 0015
12226 0016
12226 0017
12226 0018
12226 0019
12226 0020
12226 0021
12226 0022
12226 0023
12226 0024
12228 0000
12228 0001
12228 0002
12228 0003
12228 0004
12228 0005
12228 0006
12228 0007
12228 0008
12228 0009
12228 0010
12228 0011
12230 0000
12230 0001
12230 0002
12230 0003
12230 0004
12230 0005
12230 0006
12230 0007
12230 0008
12230 0009
12230 0010
12230 0011
12230 0012
12230 0013
12230 0014
12230 0015
12230 0016
12230 0017
12235 0000
12235 0001
12235 0002
12235 0003
12235 0004
12235 0005
12235 0006
12235 0007
12235 0008
12235 0009
12235 0010
12235 0011
12235 0012
12235 0013
12235 0014
12235 0015
12235 0016
12235 0017
12235 0018
12235 0019
12235 0020
12241 0000
12241 0001
12241 0002
12241 0003
12241 0004
12241 0005
12241 0006
12241 0007
12241 0008
12241 0009
12241 0010
12241 0011
12241 0012
12241 0013
12241 0014
12241 0015
12241 0016
12254 0000
12254 0001
12254 0002
12254 0003
12254 0004
12254 0005
12254 0006
12254 0007
12254 0008
12254 0009
12254 0010
12254 0011
12254 0012
12254 0013
12254 0014
12254 0015
12254 0016
12254 0017
12254 0018
12254 0019
12254 0020
12254 0021
12254 0022
12254 0023
12254 0024
12254 0025
12254 0026
12254 0027
12254 0028
12256 0000
12256 0001
12256 0002
12256 0003
12256 0004
12256 0005
12256 0006
12256 0007
12256 0008
12256 0009
12256 0010
12256 0011
12256 0012
12256 0013
12256 0014
12256 0015
12256 0016
12256 0017
12256 0018
12259 0000
12259 0001
12259 0002
12259 0003
12259 0004
12259 0005
12259 0006
12259 0007
12259 0008
12259 0009
12259 0010
12259 0011
12259 0012
12259 0013
12259 0014
12259 0015
12259 0016
12259 0017
12259 0018
12259 0019
12259 0020
12259 0021
12259 0022
12259 0023
12259 0024
12259 0025
12259 0026
12260 0000
12260 0001
12260 0002
12260 0003
12260 0004
12260 0005
12260 0006
12260 0007
12260 0008
12260 0009
12260 0010
12260 0011
12260 0012
12260 0013
12260 0014
12260 0015
12260 0016
12260 0017
12260 0018
12260 0019
12260 0020
12260 0021
12260 0022
12264 0000
12264 0001
12264 0002
12264 0003
12264 0004
12264 0005
12264 0006
12264 0007
12264 0008
12264 0009
12264 0010
12264 0011
12264 0012
12264 0013
12264 0014
12264 0015
12264 0016
12264 0017
12264 0018
12264 0019
12264 0020
12264 0021
12264 0022
12264 0023
12264 0024
12269 0000
12269 0001
12269 0002
12269 0003
12269 0004
12269 0005
12269 0006
12269 0007
12269 0008
12269 0009
12269 0010
12269 0011
12269 0012
12269 0013
12269 0014
12269 0015
12269 0016
12269 0017
12269 0018
12269 0019
12269 0020
12269 0021
12269 0022
12270 0000
12270 0001
12270 0002
12270 0003
12270 0004
12270 0005
12270 0006
12270 0007
12270 0008
12270 0009
12270 0010
12270 0011
12270 0012
12270 0013
12270 0014
12270 0015
12270 0016
12270 0017
12277 0000
12277 0001
12277 0002
12277 0003
12277 0004
12277 0005
12277 0006
12277 0007
12277 0008
12277 0009
12277 0010
12277 0011
12277 0012
12277 0013
12277 0014
12277 0015
12277 0016
12277 0017
12277 0018
12277 0019
12277 0020
12277 0021
12277 0022
12277 0023
12277 0024
12278 0000
12278 0001
12278 0002
12278 0003
12278 0004
12278 0005
12278 0006
12278 0007
12278 0008
12278 0009
12278 0010
12278 0011
12278 0012
12278 0013
12278 0014
12278 0015
12278 0016
12278 0017
12278 0018
12278 0019
12278 0020
12278 0021
12278 0022
12278 0023
12278 0024
12278 0025
12278 0026
12278 0027
12278 0028
12282 0000
12282 0001
12282 0002
12282 0003
12282 0004
12282 0005
12282 0006
12282 0007
12282 0008
12282 0009
12282 0010
12282 0011
12282 0012
12282 0013
12282 0014
12282 0015
12282 0016
12282 0017
12282 0018
12282 0019
12282 0020
12282 0021
12282 0022
12282 0023
12282 0024
12282 0025
12282 0026
12297 0000
12297 0001
12297 0002
12297 0003
12297 0004
12297 0005
12297 0006
12297 0007
12297 0008
12297 0009
12297 0010
12297 0011
12297 0012
12297 0013
12297 0014
12297 0015
12297 0016
12297 0017
12297 0018
12297 0019
12297 0020
12297 0021
12297 0022
12297 0023
12297 0024
12310 0000
12310 0001
12310 0002
12310 0003
12310 0004
12310 0005
12310 0006
12310 0007
12310 0008
12310 0009
12310 0010
12310 0011
12310 0012
12310 0013
12310 0014
12310 0015
12310 0016
12310 0017
12310 0018
12310 0019
12310 0020
12310 0021
12312 0000
12312 0001
12312 0002
12312 0003
12312 0004
12312 0005
12312 0006
12312 0007
12312 0008
12312 0009
12312 0010
12312 0011
12312 0012
12312 0013
12312 0014
12312 0015
12312 0016
12312 0017
12312 0018
12312 0019
12312 0020
12312 0021
12314 0000
12314 0001
12314 0002
12314 0003
12314 0004
12314 0005
12314 0006
12314 0007
12314 0008
12314 0009
12314 0010
12314 0011
12314 0012
12314 0013
12314 0014
12317 0000
12317 0001
12317 0002
12317 0003
12317 0004
12317 0005
12317 0006
12317 0007
12317 0008
12317 0009
12317 0010
12317 0011
12317 0012
12317 0013
12317 0014
12317 0015
12318 0000
12318 0001
12318 0002
12318 0003
12318 0004
12318 0005
12318 0006
12318 0007
12318 0008
12318 0009
12318 0010
12318 0011
12318 0012
12318 0013
12318 0014
12318 0015
12318 0016
12318 0017
12318 0018
12318 0019
12318 0020
12318 0021
12326 0000
12326 0001
12326 0002
12326 0003
12326 0004
12326 0005
12326 0006
12326 0007
12326 0008
12326 0009
12326 0010
12326 0011
12326 0012
12326 0013
12326 0014
12326 0015
12326 0016
12326 0017
12326 0018
12326 0019
12326 0020
12328 0000
12328 0001
12328 0002
12328 0003
12328 0004
12328 0005
12328 0006
12328 0007
12328 0008
12328 0009
12328 0010
12328 0011
12328 0012
12328 0013
12328 0014
12328 0015
12328 0016
12328 0017
12328 0018
12328 0019
12328 0020
12328 0021
12328 0022
12328 0023
12328 0024
12334 0000
12334 0001
12334 0002
12334 0003
12334 0004
12334 0005
12334 0006
12334 0007
12334 0008
12334 0009
12334 0010
12334 0011
12334 0012
12334 0013
12334 0014
12334 0015
12334 0016
12334 0017
12334 0018
12334 0019
12334 0020
12334 0021
12334 0022
12334 0023
12334 0024
12334 0025
12334 0026
12334 0027
12334 0028
12334 0029
12337 0000
12337 0001
12337 0002
12337 0003
12337 0004
12337 0005
12337 0006
12337 0007
12337 0008
12337 0009
12337 0010
12337 0011
12337 0012
12337 0013
12337 0014
12337 0015
12337 0016
12337 0017
12337 0018
12337 0019
12337 0020
12337 0021
12337 0022
12337 0023
12344 0000
12344 0001
12344 0002
12344 0003
12344 0004
12344 0005
12344 0006
12344 0007
12344 0008
12344 0009
12344 0010
12344 0011
12344 0012
12344 0013
12344 0014
12344 0015
12344 0016
12344 0017
12344 0018
12344 0019
12344 0020
12344 0021
12344 0022
12344 0023
12344 0024
12344 0025
12344 0026
12344 0027
12355 0000
12355 0001
12355 0002
12355 0003
12355 0004
12355 0005
12355 0006
12355 0007
12355 0008
12355 0009
12355 0010
12355 0011
12355 0012
12355 0013
12355 0014
12355 0015
12355 0016
12355 0017
12355 0018
12355 0019
12355 0020
12370 0000
12370 0001
12370 0002
12370 0003
12370 0004
12370 0005
12370 0006
12370 0007
12370 0008
12370 0009
12370 0010
12370 0011
12370 0012
12370 0013
12370 0014
12370 0015
12370 0016
12370 0017
12371 0000
12371 0001
12371 0002
12371 0003
12371 0004
12371 0005
12371 0006
12371 0007
12371 0008
12371 0009
12371 0010
12371 0011
12371 0012
12371 0013
12371 0014
12371 0015
12371 0016
12371 0017
12371 0018
12371 0019
12371 0020
12371 0021
12371 0022
12371 0023
12371 0024
12371 0025
12373 0000
12373 0001
12373 0002
12373 0003
12373 0004
12373 0005
12373 0006
12373 0007
12373 0008
12373 0009
12373 0010
12373 0011
12373 0012
12373 0013
12373 0014
12373 0015
12373 0016
12373 0017
12373 0018
12373 0019
12375 0000
12375 0001
12375 0002
12375 0003
12375 0004
12375 0005
12375 0006
12375 0007
12375 0008
12375 0009
12375 0010
12375 0011
12375 0012
12375 0013
12375 0014
12375 0015
12375 0016
12375 0017
12375 0018
12375 0019
12375 0020
12375 0021
12375 0022
12375 0023
12375 0024
12375 0025
12375 0026
12375 0027
12375 0028
12375 0029
12379 0000
12379 0001
12379 0002
12379 0003
12379 0004
12379 0005
12379 0006
12379 0007
12379 0008
12379 0009
12379 0010
12379 0011
12379 0012
12379 0013
12379 0014
12379 0015
12379 0016
12382 0000
12382 0001
12382 0002
12382 0003
12382 0004
12382 0005
12382 0006
12382 0007
12382 0008
12382 0009
12382 0010
12382 0011
12382 0012
12382 0013
12382 0014
12382 0015
12382 0016
12382 0017
12382 0018
12382 0019
12382 0020
12382 0021
12382 0022
12382 0023
12382 0024
12382 0025
12382 0026
12382 0027
12382 0028
12385 0000
12385 0001
12385 0002
12385 0003
12385 0004
12385 0005
12385 0006
12385 0007
12385 0008
12385 0009
12385 0010
12385 0011
12385 0012
12385 0013
12385 0014
12385 0015
12385 0016
12385 0017
12385 0018
12385 0019
12385 0020
12385 0021
12385 0022
12385 0023
12385 0024
12385 0025
12385 0026
12385 0027
12385 0028
12385 0029
12385 0030
12385 0031
12387 0000
12387 0001
12387 0002
12387 0003
12387 0004
12387 0005
12387 0006
12387 0007
12387 0008
12387 0009
12387 0010
12387 0011
12387 0012
12387 0013
12389 0000
12389 0001
12389 0002
12389 0003
12389 0004
12389 0005
12389 0006
12389 0007
12389 0008
12389 0009
12389 0010
12389 0011
12389 0012
12389 0013
12389 0014
12389 0015
12392 0000
12392 0001
12392 0002
12392 0003
12392 0004
12392 0005
12392 0006
12392 0007
12392 0008
12392 0009
12392 0010
12392 0011
12392 0012
12392 0013
12392 0014
12392 0015
12392 0016
12392 0017
12392 0018
12392 0019
12392 0020
12392 0021
12392 0022
12396 0000
12396 0001
12396 0002
12396 0003
12396 0004
12396 0005
12396 0006
12396 0007
12396 0008
12396 0009
12396 0010
12396 0011
12396 0012
12396 0013
12396 0014
12396 0015
12396 0016
12403 0000
12403 0001
12403 0002
12403 0003
12403 0004
12403 0005
12403 0006
12403 0007
12403 0008
12403 0009
12403 0010
12403 0011
12403 0012
12403 0013
12403 0014
12403 0015
12403 0016
12403 0017
12403 0018
12403 0019
12403 0020
12403 0021
12405 0000
12405 0001
12405 0002
12405 0003
12405 0004
12405 0005
12405 0006
12405 0007
12405 0008
12405 0009
12405 0010
12405 0011
12405 0012
12405 0013
12405 0014
12405 0015
12405 0016
12405 0017
12405 0018
12405 0019
12405 0020
12405 0021
12405 0022
12405 0023
12405 0024
12405 0025
12405 0026
12406 0000
12406 0001
12406 0002
12406 0003
12406 0004
12406 0005
12406 0006
12406 0007
12406 0008
12406 0009
12406 0010
12406 0011
12406 0012
12406 0013
12406 0014
12406 0015
12406 0016
12406 0017
12406 0018
12406 0019
12406 0020
12406 0021
12406 0022
12406 0023
12406 0024
12406 0025
12406 0026
12410 0000
12410 0001
12410 0002
12410 0003
12410 0004
12410 0005
12410 0006
12410 0007
12410 0008
12410 0009
12410 0010
12410 0011
12410 0012
12410 0013
12410 0014
12410 0015
12410 0016
12410 0017
12410 0018
12410 0019
12410 0020
12410 0021
12410 0022
12410 0023
12410 0024
12410 0025
12410 0026
12410 0027
12415 0000
12415 0001
12415 0002
12415 0003
12415 0004
12415 0005
12415 0006
12415 0007
12415 0008
12415 0009
12415 0010
12415 0011
12415 0012
12415 0013
12415 0014
12415 0015
12423 0000
12423 0001
12423 0002
12423 0003
12423 0004
12423 0005
12423 0006
12423 0007
12423 0008
12423 0009
12423 0010
12423 0011
12423 0012
12423 0013
12423 0014
12423 0015
12423 0016
12423 0017
12423 0018
12423 0019
12423 0020
12432 0000
12432 0001
12432 0002
12432 0003
12432 0004
12432 0005
12432 0006
12432 0007
12432 0008
12432 0009
12432 0010
12432 0011
12432 0012
12432 0013
12432 0014
12432 0015
12432 0016
12432 0017
12432 0018
12432 0019
12432 0020
12432 0021
12432 0022
12432 0023
12434 0000
12434 0001
12434 0002
12434 0003
12434 0004
12434 0005
12434 0006
12434 0007
12434 0008
12434 0009
12434 0010
12434 0011
12434 0012
12434 0013
12434 0014
12434 0015
12434 0016
12434 0017
12434 0018
12434 0019
12434 0020
12449 0000
12449 0001
12449 0002
12449 0003
12449 0004
12449 0005
12449 0006
12449 0007
12449 0008
12449 0009
12449 0010
12449 0011
12449 0012
12449 0013
12449 0014
12449 0015
12449 0016
12449 0017
12450 0000
12450 0001
12450 0002
12450 0003
12450 0004
12450 0005
12450 0006
12450 0007
12450 0008
12450 0009
12450 0010
12450 0011
12450 0012
12450 0013
12450 0014
12450 0015
12450 0016
12450 0017
12450 0018
12450 0019
12450 0020
12450 0021
12450 0022
12450 0023
12450 0024
12450 0025
12454 0000
12454 0001
12454 0002
12454 0003
12454 0004
12454 0005
12454 0006
12454 0007
12454 0008
12454 0009
12454 0010
12454 0011
12454 0012
12454 0013
12454 0014
12454 0015
12454 0016
12454 0017
12454 0018
12454 0019
12454 0020
12454 0021
12454 0022
12454 0023
12454 0024
12454 0025
12454 0026
12454 0027
12454 0028
12454 0029
12455 0000
12455 0001
12455 0002
12455 0003
12455 0004
12455 0005
12455 0006
12455 0007
12455 0008
12455 0009
12455 0010
12455 0011
12455 0012
12455 0013
12455 0014
12455 0015
12455 0016
12455 0017
12455 0018
12455 0019
12455 0020
12455 0021
12455 0022
12458 0000
12458 0001
12458 0002
12458 0003
12458 0004
12458 0005
12458 0006
12458 0007
12458 0008
12458 0009
12458 0010
12458 0011
12458 0012
12458 0013
12458 0014
12458 0015
12458 0016
12458 0017
12458 0018
12458 0019
12458 0020
12458 0021
12458 0022
12458 0023
12458 0024
12462 0000
12462 0001
12462 0002
12462 0003
12462 0004
12462 0005
12462 0006
12462 0007
12462 0008
12462 0009
12462 0010
12462 0011
12462 0012
12462 0013
12462 0014
12462 0015
12462 0016
12462 0017
12462 0018
12467 0000
12467 0001
12467 0002
12467 0003
12467 0004
12467 0005
12467 0006
12467 0007
12467 0008
12467 0009
12467 0010
12467 0011
12467 0012
12467 0013
12467 0014
12467 0015
12467 0016
12467 0017
12467 0018
12467 0019
12467 0020
12467 0021
12467 0022
12467 0023
12467 0024
12467 0025
12467 0026
12467 0027
12467 0028
12467 0029
12467 0030
12472 0000
12472 0001
12472 0002
12472 0003
12472 0004
12472 0005
12472 0006
12472 0007
12472 0008
12472 0009
12472 0010
12472 0011
12472 0012
12472 0013
12472 0014
12472 0015
12473 0000
12473 0001
12473 0002
12473 0003
12473 0004
12473 0005
12473 0006
12473 0007
12473 0008
12473 0009
12473 0010
12473 0011
12473 0012
12473 0013
12473 0014
12473 0015
12473 0016
12473 0017
12473 0018
12473 0019
12474 0000
12474 0001
12474 0002
12474 0003
12474 0004
12474 0005
12474 0006
12474 0007
12474 0008
12474 0009
12474 0010
12474 0011
12474 0012
12474 0013
12474 0014
12474 0015
12474 0016
12478 0000
12478 0001
12478 0002
12478 0003
12478 0004
12478 0005
12478 0006
12478 0007
12478 0008
12478 0009
12478 0010
12478 0011
12478 0012
12478 0013
12478 0014
12478 0015
12478 0016
12478 0017
12478 0018
12478 0019
12478 0020
12478 0021
12478 0022
12478 0023
12478 0024
12478 0025
12479 0000
12479 0001
12479 0002
12479 0003
12479 0004
12479 0005
12479 0006
12479 0007
12479 0008
12479 0009
12479 0010
12479 0011
12479 0012
12479 0013
12479 0014
12479 0015
12479 0016
12479 0017
12481 0000
12481 0001
12481 0002
12481 0003
12481 0004
12481 0005
12481 0006
12481 0007
12481 0008
12481 0009
12481 0010
12481 0011
12481 0012
12481 0013
12481 0014
12481 0015
12481 0016
12481 0017
12481 0018
12481 0019
12481 0020
12481 0021
12481 0022
12481 0023
12481 0024
12481 0025
12481 0026
12481 0027
12489 0000
12489 0001
12489 0002
12489 0003
12489 0004
12489 0005
12489 0006
12489 0007
12489 0008
12489 0009
12489 0010
12489 0011
12489 0012
12489 0013
12489 0014
12489 0015
12489 0016
12489 0017
12489 0018
12489 0019
12489 0020
12489 0021
12489 0022
12489 0023
12489 0024
12489 0025
12489 0026
12489 0027
12489 0028
12489 0029
12490 0000
12490 0001
12490 0002
12490 0003
12490 0004
12490 0005
12490 0006
12490 0007
12490 0008
12490 0009
12490 0010
12490 0011
12490 0012
12490 0013
12490 0014
12490 0015
12490 0016
12505 0000
12505 0001
12505 0002
12505 0003
12505 0004
12505 0005
12505 0006
12505 0007
12505 0008
12505 0009
12505 0010
12505 0011
12505 0012
12505 0013
12505 0014
12505 0015
12505 0016
12505 0017
12505 0018
12505 0019
12505 0020
12505 0021
12505 0022
12505 0023
12505 0024
12505 0025
12505 0026
12515 0000
12515 0001
12515 0002
12515 0003
12515 0004
12515 0005
12515 0006
12515 0007
12515 0008
12515 0009
12515 0010
12515 0011
12515 0012
12515 0013
12515 0014
12515 0015
12515 0016
12515 0017
12515 0018
12515 0019
12515 0020
12515 0021
12515 0022
12526 0000
12526 0001
12526 0002
12526 0003
12526 0004
12526 0005
12526 0006
12526 0007
12526 0008
12526 0009
12526 0010
12526 0011
12526 0012
12526 0013
12526 0014
12526 0015
12526 0016
12526 0017
12526 0018
12526 0019
12526 0020
12526 0021
12526 0022
12526 0023
12526 0024
12526 0025
12526 0026
12527 0000
12527 0001
12527 0002
12527 0003
12527 0004
12527 0005
12527 0006
12527 0007
12527 0008
12527 0009
12527 0010
12527 0011
12527 0012
12527 0013
12527 0014
12527 0015
12527 0016
12527 0017
12527 0018
12527 0019
12527 0020
12527 0021
12527 0022
12527 0023
12527 0024
12527 0025
12527 0026
12527 0027
12527 0028
12527 0029
12529 0000
12529 0001
12529 0002
12529 0003
12529 0004
12529 0005
12529 0006
12529 0007
12529 0008
12529 0009
12529 0010
12529 0011
12529 0012
12529 0013
12529 0014
12529 0015
12529 0016
12529 0017
12529 0018
12533 0000
12533 0001
12533 0002
12533 0003
12533 0004
12533 0005
12533 0006
12533 0007
12533 0008
12533 0009
12533 0010
12533 0011
12533 0012
12533 0013
12533 0014
12533 0015
12533 0016
12533 0017
12533 0018
12533 0019
12537 0000
12537 0001
12537 0002
12537 0003
12537 0004
12537 0005
12537 0006
12537 0007
12537 0008
12537 0009
12537 0010
12537 0011
12537 0012
12537 0013
12537 0014
12537 0015
12537 0016
12537 0017
12537 0018
12537 0019
12537 0020
12537 0021
12537 0022
12537 0023
12539 0000
12539 0001
12539 0002
12539 0003
12539 0004
12539 0005
12539 0006
12539 0007
12539 0008
12539 0009
12539 0010
12539 0011
12539 0012
12539 0013
12539 0014
12539 0015
12539 0016
12539 0017
12539 0018
12539 0019
12539 0020
12539 0021
12539 0022
12539 0023
12540 0000
12540 0001
12540 0002
12540 0003
12540 0004
12540 0005
12540 0006
12540 0007
12540 0008
12540 0009
12540 0010
12540 0011
12540 0012
12540 0013
12540 0014
12540 0015
12540 0016
12540 0017
12540 0018
12540 0019
12540 0020
12541 0000
12541 0001
12541 0002
12541 0003
12541 0004
12541 0005
12541 0006
12541 0007
12541 0008
12541 0009
12541 0010
12541 0011
12541 0012
12541 0013
12541 0014
12544 0000
12544 0001
12544 0002
12544 0003
12544 0004
12544 0005
12544 0006
12544 0007
12544 0008
12544 0009
12544 0010
12544 0011
12544 0012
12544 0013
12544 0014
12544 0015
12544 0016
12544 0017
12544 0018
12545 0000
12545 0001
12545 0002
12545 0003
12545 0004
12545 0005
12545 0006
12545 0007
12545 0008
12545 0009
12545 0010
12545 0011
12545 0012
12545 0013
12545 0014
12545 0015
12550 0000
12550 0001
12550 0002
12550 0003
12550 0004
12550 0005
12550 0006
12550 0007
12550 0008
12550 0009
12550 0010
12550 0011
12550 0012
12550 0013
12550 0014
12550 0015
12550 0016
12550 0017
12550 0018
12550 0019
12550 0020
12550 0021
12550 0022
12550 0023
12550 0024
12550 0025
12550 0026
12550 0027
12550 0028
12550 0029
12552 0000
12552 0001
12552 0002
12552 0003
12552 0004
12552 0005
12552 0006
12552 0007
12552 0008
12552 0009
12552 0010
12552 0011
12552 0012
12552 0013
12552 0014
12552 0015
12552 0016
12552 0017
12552 0018
12552 0019
12552 0020
12552 0021
12552 0022
12552 0023
12552 0024
12552 0025
12552 0026
12552 0027
12553 0000
12553 0001
12553 0002
12553 0003
12553 0004
12553 0005
12553 0006
12553 0007
12553 0008
12553 0009
12553 0010
12553 0011
12553 0012
12553 0013
12553 0014
12553 0015
12553 0016
12553 0017
12553 0018
12553 0019
12553 0020
12553 0021
12553 0022
12553 0023
12553 0024
12553 0025
12553 0026
12554 0000
12554 0001
12554 0002
12554 0003
12554 0004
12554 0005
12554 0006
12554 0007
12554 0008
12554 0009
12554 0010
12554 0011
12554 0012
12554 0013
12554 0014
12554 0015
12554 0016
12554 0017
12554 0018
12554 0019
12554 0020
12554 0021
12561 0000
12561 0001
12561 0002
12561 0003
12561 0004
12561 0005
12561 0006
12561 0007
12561 0008
12561 0009
12561 0010
12561 0011
12561 0012
12561 0013
12561 0014
12563 0000
12563 0001
12563 0002
12563 0003
12563 0004
12563 0005
12563 0006
12563 0007
12563 0008
12563 0009
12563 0010
12563 0011
12563 0012
12563 0013
12563 0014
12563 0015
12563 0016
12563 0017
12563 0018
12563 0019
12563 0020
12563 0021
12563 0022
12565 0000
12565 0001
12565 0002
12565 0003
12565 0004
12565 0005
12565 0006
12565 0007
12565 0008
12565 0009
12565 0010
12565 0011
12565 0012
12565 0013
12565 0014
12565 0015
12565 0016
12565 0017
12565 0018
12565 0019
12565 0020
12565 0021
12565 0022
12565 0023
12572 0000
12572 0001
12572 0002
12572 0003
12572 0004
12572 0005
12572 0006
12572 0007
12572 0008
12572 0009
12572 0010
12572 0011
12572 0012
12572 0013
12572 0014
12572 0015
12572 0016
12572 0017
12572 0018
12572 0019
12572 0020
12572 0021
12572 0022
12573 0000
12573 0001
12573 0002
12573 0003
12573 0004
12573 0005
12573 0006
12573 0007
12573 0008
12573 0009
12573 0010
12573 0011
12573 0012
12573 0013
12573 0014
12573 0015
12573 0016
12573 0017
12573 0018
12573 0019
12573 0020
12573 0021
12578 0000
12578 0001
12578 0002
12578 0003
12578 0004
12578 0005
12578 0006
12578 0007
12578 0008
12578 0009
12578 0010
12578 0011
12578 0012
12578 0013
12578 0014
12578 0015
12578 0016
12578 0017
12578 0018
12578 0019
12578 0020
12578 0021
12583 0000
12583 0001
12583 0002
12583 0003
12583 0004
12583 0005
12583 0006
12583 0007
12583 0008
12583 0009
12583 0010
12583 0011
12583 0012
12583 0013
12583 0014
12583 0015
12583 0016
12583 0017
12583 0018
12583 0019
12583 0020
12587 0000
12587 0001
12587 0002
12587 0003
12587 0004
12587 0005
12587 0006
12587 0007
12587 0008
12587 0009
12587 0010
12587 0011
12587 0012
12587 0013
12587 0014
12587 0015
12587 0016
12596 0000
12596 0001
12596 0002
12596 0003
12596 0004
12596 0005
12596 0006
12596 0007
12596 0008
12596 0009
12596 0010
12596 0011
12596 0012
12596 0013
12596 0014
12596 0015
12596 0016
12596 0017
12596 0018
12596 0019
12597 0000
12597 0001
12597 0002
12597 0003
12597 0004
12597 0005
12597 0006
12597 0007
12597 0008
12597 0009
12597 0010
12597 0011
12597 0012
12597 0013
12597 0014
12597 0015
12597 0016
12597 0017
12597 0018
12598 0000
12598 0001
12598 0002
12598 0003
12598 0004
12598 0005
12598 0006
12598 0007
12598 0008
12598 0009
12598 0010
12598 0011
12598 0012
12598 0013
12598 0014
12598 0015
12598 0016
12598 0017
12598 0018
12598 0019
12598 0020
12598 0021
12601 0000
12601 0001
12601 0002
12601 0003
12601 0004
12601 0005
12601 0006
12601 0007
12601 0008
12601 0009
12601 0010
12601 0011
12601 0012
12601 0013
12601 0014
12601 0015
12601 0016
12601 0017
12601 0018
12601 0019
12601 0020
12601 0021
12601 0022
12607 0000
12607 0001
12607 0002
12607 0003
12607 0004
12607 0005
12607 0006
12607 0007
12607 0008
12607 0009
12607 0010
12607 0011
12607 0012
12607 0013
12607 0014
12607 0015
12608 0000
12608 0001
12608 0002
12608 0003
12608 0004
12608 0005
12608 0006
12608 0007
12608 0008
12608 0009
12608 0010
12608 0011
12608 0012
12608 0013
12608 0014
12608 0015
12608 0016
12608 0017
12608 0018
12608 0019
12608 0020
12608 0021
12619 0000
12619 0001
12619 0002
12619 0003
12619 0004
12619 0005
12619 0006
12619 0007
12619 0008
12619 0009
12619 0010
12619 0011
12619 0012
12619 0013
12619 0014
12619 0015
12619 0016
12621 0000
12621 0001
12621 0002
12621 0003
12621 0004
12621 0005
12621 0006
12621 0007
12621 0008
12621 0009
12621 0010
12621 0011
12621 0012
12621 0013
12621 0014
12621 0015
12621 0016
12622 0000
12622 0001
12622 0002
12622 0003
12622 0004
12622 0005
12622 0006
12622 0007
12622 0008
12622 0009
12622 0010
12622 0011
12622 0012
12622 0013
12622 0014
12622 0015
12622 0016
12622 0017
12622 0018
12625 0000
12625 0001
12625 0002
12625 0003
12625 0004
12625 0005
12625 0006
12625 0007
12625 0008
12625 0009
12625 0010
12625 0011
12625 0012
12625 0013
12625 0014
12625 0015
12625 0016
12625 0017
12625 0018
12625 0019
12625 0020
12625 0021
12625 0022
12625 0023
12625 0024
12626 0000
12626 0001
12626 0002
12626 0003
12626 0004
12626 0005
12626 0006
12626 0007
12626 0008
12626 0009
12626 0010
12626 0011
12626 0012
12626 0013
12626 0014
12626 0015
12628 0000
12628 0001
12628 0002
12628 0003
12628 0004
12628 0005
12628 0006
12628 0007
12628 0008
12628 0009
12628 0010
12628 0011
12628 0012
12628 0013
12628 0014
12628 0015
12628 0016
12628 0017
12628 0018
12628 0019
12628 0020
12628 0021
12628 0022
12628 0023
12628 0024
12628 0025
12634 0000
12634 0001
12634 0002
12634 0003
12634 0004
12634 0005
12634 0006
12634 0007
12634 0008
12634 0009
12634 0010
12634 0011
12634 0012
12634 0013
12634 0014
12634 0015
12634 0016
12634 0017
12634 0018
12634 0019
12634 0020
12634 0021
12634 0022
12638 0000
12638 0001
12638 0002
12638 0003
12638 0004
12638 0005
12638 0006
12638 0007
12638 0008
12638 0009
12638 0010
12638 0011
12638 0012
12638 0013
12638 0014
12638 0015
12638 0016
12638 0017
12638 0018
12638 0019
12638 0020
12638 0021
12638 0022
12638 0023
12638 0024
12638 0025
12638 0026
12638 0027
12641 0000
12641 0001
12641 0002
12641 0003
12641 0004
12641 0005
12641 0006
12641 0007
12641 0008
12641 0009
12641 0010
12641 0011
12641 0012
12641 0013
12641 0014
12641 0015
12642 0000
12642 0001
12642 0002
12642 0003
12642 0004
12642 0005
12642 0006
12642 0007
12642 0008
12642 0009
12642 0010
12642 0011
12642 0012
12642 0013
12642 0014
12642 0015
12642 0016
12642 0017
12643 0000
12643 0001
12643 0002
12643 0003
12643 0004
12643 0005
12643 0006
12643 0007
12643 0008
12643 0009
12643 0010
12643 0011
12643 0012
12646 0000
12646 0001
12646 0002
12646 0003
12646 0004
12646 0005
12646 0006
12646 0007
12646 0008
12646 0009
12646 0010
12646 0011
12646 0012
12646 0013
12646 0014
12646 0015
12646 0016
12646 0017
12646 0018
12646 0019
12646 0020
12646 0021
12646 0022
12646 0023
12651 0000
12651 0001
12651 0002
12651 0003
12651 0004
12651 0005
12651 0006
12651 0007
12651 0008
12651 0009
12651 0010
12651 0011
12651 0012
12651 0013
12651 0014
12651 0015
12651 0016
12651 0017
12651 0018
12658 0000
12658 0001
12658 0002
12658 0003
12658 0004
12658 0005
12658 0006
12658 0007
12658 0008
12658 0009
12658 0010
12658 0011
12658 0012
12658 0013
12658 0014
12658 0015
12658 0016
12658 0017
12658 0018
12658 0019
12658 0020
12658 0021
12658 0022
12658 0023
12658 0024
12658 0025
12659 0000
12659 0001
12659 0002
12659 0003
12659 0004
12659 0005
12659 0006
12659 0007
12659 0008
12659 0009
12659 0010
12659 0011
12659 0012
12659 0013
12659 0014
12659 0015
12659 0016
12659 0017
12659 0018
12659 0019
12674 0000
12674 0001
12674 0002
12674 0003
12674 0004
12674 0005
12674 0006
12674 0007
12674 0008
12674 0009
12674 0010
12674 0011
12674 0012
12674 0013
12674 0014
12674 0015
12674 0016
12674 0017
12674 0018
12674 0019
12674 0020
12678 0000
12678 0001
12678 0002
12678 0003
12678 0004
12678 0005
12678 0006
12678 0007
12678 0008
12678 0009
12678 0010
12678 0011
12678 0012
12678 0013
12678 0014
12678 0015
12678 0016
12678 0017
12678 0018
12678 0019
12678 0020
12678 0021
12678 0022
12678 0023
12678 0024
12678 0025
12678 0026
12678 0027
12678 0028
12679 0000
12679 0001
12679 0002
12679 0003
12679 0004
12679 0005
12679 0006
12679 0007
12679 0008
12679 0009
12679 0010
12679 0011
12679 0012
12679 0013
12679 0014
12679 0015
12679 0016
12679 0017
12679 0018
12679 0019
12679 0020
12679 0021
12679 0022
12679 0023
12679 0024
12679 0025
12679 0026
12679 0027
12681 0000
12681 0001
12681 0002
12681 0003
12681 0004
12681 0005
12681 0006
12681 0007
12681 0008
12681 0009
12681 0010
12681 0011
12681 0012
12681 0013
12681 0014
12681 0015
12681 0016
12681 0017
12681 0018
12681 0019
12681 0020
12681 0021
12681 0022
12682 0000
12682 0001
12682 0002
12682 0003
12682 0004
12682 0005
12682 0006
12682 0007
12682 0008
12682 0009
12682 0010
12682 0011
12682 0012
12682 0013
12682 0014
12682 0015
12682 0016
12682 0017
12682 0018
12682 0019
12682 0020
12682 0021
12682 0022
12682 0023
12682 0024
12684 0000
12684 0001
12684 0002
12684 0003
12684 0004
12684 0005
12684 0006
12684 0007
12684 0008
12684 0009
12684 0010
12684 0011
12684 0012
12684 0013
12684 0014
12684 0015
12684 0016
12684 0017
12684 0018
12684 0019
12684 0020
12684 0021
12684 0022
12684 0023
12684 0024
12684 0025
12684 0026
12684 0027
12684 0028
12690 0000
12690 0001
12690 0002
12690 0003
12690 0004
12690 0005
12690 0006
12690 0007
12690 0008
12690 0009
12690 0010
12690 0011
12690 0012
12690 0013
12690 0014
12690 0015
12690 0016
12690 0017
12690 0018
12690 0019
12690 0020
12690 0021
12690 0022
12695 0000
12695 0001
12695 0002
12695 0003
12695 0004
12695 0005
12695 0006
12695 0007
12695 0008
12695 0009
12695 0010
12695 0011
12695 0012
12695 0013
12695 0014
12695 0015
12695 0016
12695 0017
12695 0018
12695 0019
12695 0020
12695 0021
12695 0022
12695 0023
12695 0024
12695 0025
12711 0000
12711 0001
12711 0002
12711 0003
12711 0004
12711 0005
12711 0006
12711 0007
12711 0008
12711 0009
12711 0010
12711 0011
12711 0012
12711 0013
12711 0014
12711 0015
12711 0016
12711 0017
12711 0018
12711 0019
12711 0020
12711 0021
12715 0000
12715 0001
12715 0002
12715 0003
12715 0004
12715 0005
12715 0006
12715 0007
12715 0008
12715 0009
12715 0010
12715 0011
12715 0012
12715 0013
12715 0014
12715 0015
12716 0000
12716 0001
12716 0002
12716 0003
12716 0004
12716 0005
12716 0006
12716 0007
12716 0008
12716 0009
12716 0010
12716 0011
12716 0012
12716 0013
12716 0014
12716 0015
12716 0016
12716 0017
12716 0018
12716 0019
12716 0020
12716 0021
12716 0022
12716 0023
12716 0024
12719 0000
12719 0001
12719 0002
12719 0003
12719 0004
12719 0005
12719 0006
12719 0007
12719 0008
12719 0009
12719 0010
12719 0011
12719 0012
12719 0013
12719 0014
12719 0015
12719 0016
12719 0017
12719 0018
12719 0019
12719 0020
12719 0021
12719 0022
12721 0000
12721 0001
12721 0002
12721 0003
12721 0004
12721 0005
12721 0006
12721 0007
12721 0008
12721 0009
12721 0010
12721 0011
12721 0012
12721 0013
12721 0014
12721 0015
12721 0016
12721 0017
12721 0018
12721 0019
12721 0020
12721 0021
12722 0000
12722 0001
12722 0002
12722 0003
12722 0004
12722 0005
12722 0006
12722 0007
12722 0008
12722 0009
12722 0010
12722 0011
12722 0012
12722 0013
12722 0014
12722 0015
12722 0016
12722 0017
12722 0018
12722 0019
12722 0020
12722 0021
12722 0022
12722 0023
12722 0024
12723 0000
12723 0001
12723 0002
12723 0003
12723 0004
12723 0005
12723 0006
12723 0007
12723 0008
12723 0009
12723 0010
12723 0011
12723 0012
12723 0013
12723 0014
12723 0015
12723 0016
12723 0017
12723 0018
12723 0019
12723 0020
12723 0021
12723 0022
12723 0023
12723 0024
12723 0025
12727 0000
12727 0001
12727 0002
12727 0003
12727 0004
12727 0005
12727 0006
12727 0007
12727 0008
12727 0009
12727 0010
12727 0011
12727 0012
12727 0013
12727 0014
12727 0015
12727 0016
12727 0017
12727 0018
12727 0019
12727 0020
12727 0021
12727 0022
12727 0023
12727 0024
12727 0025
12727 0026
12727 0027
12727 0028
12727 0029
12727 0030
12728 0000
12728 0001
12728 0002
12728 0003
12728 0004
12728 0005
12728 0006
12728 0007
12728 0008
12728 0009
12728 0010
12728 0011
12728 0012
12728 0013
12728 0014
12728 0015
12728 0016
12728 0017
12728 0018
12728 0019
12728 0020
12728 0021
12732 0000
12732 0001
12732 0002
12732 0003
12732 0004
12732 0005
12732 0006
12732 0007
12732 0008
12732 0009
12732 0010
12732 0011
12732 0012
12732 0013
12732 0014
12732 0015
12732 0016
12732 0017
12732 0018
12732 0019
12732 0020
12732 0021
12732 0022
12732 0023
12732 0024
12732 0025
12734 0000
12734 0001
12734 0002
12734 0003
12734 0004
12734 0005
12734 0006
12734 0007
12734 0008
12734 0009
12734 0010
12734 0011
12734 0012
12734 0013
12734 0014
12734 0015
12734 0016
12734 0017
12734 0018
12734 0019
12734 0020
12734 0021
12734 0022
12734 0023
12734 0024
12734 0025
12734 0026
12734 0027
12736 0000
12736 0001
12736 0002
12736 0003
12736 0004
12736 0005
12736 0006
12736 0007
12736 0008
12736 0009
12736 0010
12736 0011
12736 0012
12736 0013
12736 0014
12736 0015
12736 0016
12736 0017
12736 0018
12736 0019
12736 0020
12736 0021
12736 0022
12736 0023
12736 0024
12736 0025
12737 0000
12737 0001
12737 0002
12737 0003
12737 0004
12737 0005
12737 0006
12737 0007
12737 0008
12737 0009
12737 0010
12737 0011
12737 0012
12737 0013
12737 0014
12737 0015
12737 0016
12737 0017
12737 0018
12738 0000
12738 0001
12738 0002
12738 0003
12738 0004
12738 0005
12738 0006
12738 0007
12738 0008
12738 0009
12738 0010
12738 0011
12738 0012
12738 0013
12738 0014
12738 0015
12738 0016
12739 0000
12739 0001
12739 0002
12739 0003
12739 0004
12739 0005
12739 0006
12739 0007
12739 0008
12739 0009
12739 0010
12739 0011
12739 0012
12739 0013
12739 0014
12739 0015
12739 0016
12739 0017
12739 0018
12739 0019
12739 0020
12739 0021
12739 0022
12739 0023
12739 0024
12739 0025
12739 0026
12739 0027
12739 0028
12739 0029
12743 0000
12743 0001
12743 0002
12743 0003
12743 0004
12743 0005
12743 0006
12743 0007
12743 0008
12743 0009
12743 0010
12743 0011
12743 0012
12743 0013
12743 0014
12743 0015
12743 0016
12743 0017
12743 0018
12743 0019
12743 0020
12743 0021
12743 0022
12743 0023
12743 0024
12748 0000
12748 0001
12748 0002
12748 0003
12748 0004
12748 0005
12748 0006
12748 0007
12748 0008
12748 0009
12748 0010
12748 0011
12748 0012
12748 0013
12748 0014
12751 0000
12751 0001
12751 0002
12751 0003
12751 0004
12751 0005
12751 0006
12751 0007
12751 0008
12751 0009
12751 0010
12751 0011
12751 0012
12751 0013
12751 0014
12751 0015
12751 0016
12751 0017
12751 0018
12751 0019
12751 0020
12751 0021
12751 0022
12751 0023
12751 0024
12763 0000
12763 0001
12763 0002
12763 0003
12763 0004
12763 0005
12763 0006
12763 0007
12763 0008
12763 0009
12763 0010
12763 0011
12763 0012
12763 0013
12763 0014
12763 0015
12763 0016
12763 0017
12763 0018
12763 0019
12763 0020
12763 0021
12763 0022
12763 0023
12763 0024
12763 0025
12763 0026
12763 0027
12764 0000
12764 0001
12764 0002
12764 0003
12764 0004
12764 0005
12764 0006
12764 0007
12764 0008
12764 0009
12764 0010
12764 0011
12764 0012
12764 0013
12764 0014
12764 0015
12764 0016
12764 0017
12764 0018
12764 0019
12764 0020
12764 0021
12764 0022
12764 0023
12764 0024
12769 0000
12769 0001
12769 0002
12769 0003
12769 0004
12769 0005
12769 0006
12769 0007
12769 0008
12769 0009
12769 0010
12769 0011
12769 0012
12769 0013
12769 0014
12769 0015
12769 0016
12769 0017
12769 0018
12772 0000
12772 0001
12772 0002
12772 0003
12772 0004
12772 0005
12772 0006
12772 0007
12772 0008
12772 0009
12772 0010
12772 0011
12772 0012
12772 0013
12772 0014
12772 0015
12772 0016
12772 0017
12772 0018
12772 0019
12772 0020
12772 0021
12772 0022
12772 0023
12772 0024
12772 0025
12772 0026
12773 0000
12773 0001
12773 0002
12773 0003
12773 0004
12773 0005
12773 0006
12773 0007
12773 0008
12773 0009
12773 0010
12773 0011
12773 0012
12773 0013
12773 0014
12781 0000
12781 0001
12781 0002
12781 0003
12781 0004
12781 0005
12781 0006
12781 0007
12781 0008
12781 0009
12781 0010
12781 0011
12781 0012
12781 0013
12781 0014
12781 0015
12781 0016
12781 0017
12781 0018
12781 0019
12782 0000
12782 0001
12782 0002
12782 0003
12782 0004
12782 0005
12782 0006
12782 0007
12782 0008
12782 0009
12782 0010
12782 0011
12782 0012
12782 0013
12782 0014
12788 0000
12788 0001
12788 0002
12788 0003
12788 0004
12788 0005
12788 0006
12788 0007
12788 0008
12788 0009
12788 0010
12788 0011
12788 0012
12788 0013
12788 0014
12788 0015
12788 0016
12788 0017
12788 0018
12788 0019
12788 0020
12788 0021
12788 0022
12792 0000
12792 0001
12792 0002
12792 0003
12792 0004
12792 0005
12792 0006
12792 0007
12792 0008
12792 0009
12792 0010
12792 0011
12792 0012
12792 0013
12792 0014
12792 0015
12792 0016
12792 0017
12792 0018
12792 0019
12798 0000
12798 0001
12798 0002
12798 0003
12798 0004
12798 0005
12798 0006
12798 0007
12798 0008
12798 0009
12798 0010
12798 0011
12798 0012
12798 0013
12798 0014
12798 0015
12798 0016
12798 0017
12798 0018
12804 0000
12804 0001
12804 0002
12804 0003
12804 0004
12804 0005
12804 0006
12804 0007
12804 0008
12804 0009
12804 0010
12804 0011
12804 0012
12804 0013
12804 0014
12804 0015
12804 0016
12804 0017
12804 0018
12804 0019
12817 0000
12817 0001
12817 0002
12817 0003
12817 0004
12817 0005
12817 0006
12817 0007
12817 0008
12817 0009
12817 0010
12817 0011
12817 0012
12817 0013
12817 0014
12817 0015
12817 0016
12817 0017
12818 0000
12818 0001
12818 0002
12818 0003
12818 0004
12818 0005
12818 0006
12818 0007
12818 0008
12818 0009
12818 0010
12818 0011
12818 0012
12818 0013
12818 0014
12818 0015
12818 0016
12822 0000
12822 0001
12822 0002
12822 0003
12822 0004
12822 0005
12822 0006
12822 0007
12822 0008
12822 0009
12822 0010
12822 0011
12822 0012
12822 0013
12822 0014
12822 0015
12822 0016
12822 0017
12822 0018
12822 0019
12822 0020
12822 0021
12822 0022
12822 0023
12823 0000
12823 0001
12823 0002
12823 0003
12823 0004
12823 0005
12823 0006
12823 0007
12823 0008
12823 0009
12823 0010
12823 0011
12823 0012
12823 0013
12823 0014
12823 0015
12823 0016
12823 0017
12823 0018
12823 0019
12823 0020
12823 0021
12823 0022
12823 0023
12823 0024
12825 0000
12825 0001
12825 0002
12825 0003
12825 0004
12825 0005
12825 0006
12825 0007
12825 0008
12825 0009
12825 0010
12825 0011
12825 0012
12825 0013
12825 0014
12825 0015
12825 0016
12825 0017
12825 0018
12825 0019
12827 0000
12827 0001
12827 0002
12827 0003
12827 0004
12827 0005
12827 0006
12827 0007
12827 0008
12827 0009
12827 0010
12827 0011
12827 0012
12827 0013
12827 0014
12827 0015
12827 0016
12827 0017
12827 0018
12827 0019
12827 0020
12827 0021
12827 0022
12827 0023
12827 0024
12827 0025
12827 0026
12827 0027
12827 0028
12828 0000
12828 0001
12828 0002
12828 0003
12828 0004
12828 0005
12828 0006
12828 0007
12828 0008
12828 0009
12828 0010
12828 0011
12828 0012
12828 0013
12828 0014
12828 0015
12828 0016
12828 0017
12828 0018
12828 0019
12828 0020
12828 0021
12828 0022
12828 0023
12828 0024
12834 0000
12834 0001
12834 0002
12834 0003
12834 0004
12834 0005
12834 0006
12834 0007
12834 0008
12834 0009
12834 0010
12834 0011
12834 0012
12834 0013
12834 0014
12834 0015
12834 0016
12834 0017
12834 0018
12834 0019
12834 0020
12834 0021
12834 0022
12837 0000
12837 0001
12837 0002
12837 0003
12837 0004
12837 0005
12837 0006
12837 0007
12837 0008
12837 0009
12837 0010
12837 0011
12837 0012
12837 0013
12837 0014
12837 0015
12837 0016
12837 0017
12837 0018
12837 0019
12837 0020
12837 0021
12837 0022
12837 0023
12837 0024
12837 0025
12837 0026
12844 0000
12844 0001
12844 0002
12844 0003
12844 0004
12844 0005
12844 0006
12844 0007
12844 0008
12844 0009
12844 0010
12844 0011
12844 0012
12844 0013
12844 0014
12844 0015
12844 0016
12844 0017
12844 0018
12844 0019
12844 0020
12855 0000
12855 0001
12855 0002
12855 0003
12855 0004
12855 0005
12855 0006
12855 0007
12855 0008
12855 0009
12855 0010
12855 0011
12855 0012
12855 0013
12855 0014
12855 0015
12874 0000
12874 0001
12874 0002
12874 0003
12874 0004
12874 0005
12874 0006
12874 0007
12874 0008
12874 0009
12874 0010
12874 0011
12874 0012
12874 0013
12874 0014
12874 0015
12874 0016
12874 0017
12874 0018
12874 0019
12874 0020
12874 0021
12874 0022
12876 0000
12876 0001
12876 0002
12876 0003
12876 0004
12876 0005
12876 0006
12876 0007
12876 0008
12876 0009
12876 0010
12876 0011
12876 0012
12876 0013
12876 0014
12876 0015
12876 0016
12876 0017
12876 0018
12876 0019
12876 0020
12877 0000
12877 0001
12877 0002
12877 0003
12877 0004
12877 0005
12877 0006
12877 0007
12877 0008
12877 0009
12877 0010
12877 0011
12877 0012
12877 0013
12877 0014
12877 0015
12877 0016
12877 0017
12877 0018
12877 0019
12877 0020
12881 0000
12881 0001
12881 0002
12881 0003
12881 0004
12881 0005
12881 0006
12881 0007
12881 0008
12881 0009
12881 0010
12881 0011
12881 0012
12881 0013
12881 0014
12881 0015
12881 0016
12881 0017
12881 0018
12881 0019
12884 0000
12884 0001
12884 0002
12884 0003
12884 0004
12884 0005
12884 0006
12884 0007
12884 0008
12884 0009
12884 0010
12884 0011
12884 0012
12884 0013
12884 0014
12884 0015
12884 0016
12884 0017
12884 0018
12884 0019
12884 0020
12884 0021
12884 0022
12884 0023
12884 0024
12884 0025
12884 0026
12893 0000
12893 0001
12893 0002
12893 0003
12893 0004
12893 0005
12893 0006
12893 0007
12893 0008
12893 0009
12893 0010
12893 0011
12893 0012
12893 0013
12893 0014
12893 0015
12893 0016
12893 0017
12893 0018
12893 0019
12893 0020
12893 0021
12893 0022
12893 0023
12894 0000
12894 0001
12894 0002
12894 0003
12894 0004
12894 0005
12894 0006
12894 0007
12894 0008
12894 0009
12894 0010
12894 0011
12894 0012
12894 0013
12901 0000
12901 0001
12901 0002
12901 0003
12901 0004
12901 0005
12901 0006
12901 0007
12901 0008
12901 0009
12901 0010
12901 0011
12901 0012
12901 0013
12901 0014
12901 0015
12901 0016
12901 0017
12901 0018
12901 0019
12901 0020
12901 0021
12901 0022
12901 0023
12901 0024
12901 0025
12901 0026
12901 0027
12901 0028
12920 0000
12920 0001
12920 0002
12920 0003
12920 0004
12920 0005
12920 0006
12920 0007
12920 0008
12920 0009
12920 0010
12920 0011
12920 0012
12920 0013
12920 0014
12920 0015
12920 0016
12920 0017
12920 0018
12920 0019
12920 0020
12920 0021
12920 0022
12920 0023
12920 0024
12920 0025
12920 0026
12920 0027
12929 0000
12929 0001
12929 0002
12929 0003
12929 0004
12929 0005
12929 0006
12929 0007
12929 0008
12929 0009
12929 0010
12929 0011
12929 0012
12929 0013
12929 0014
12929 0015
12930 0000
12930 0001
12930 0002
12930 0003
12930 0004
12930 0005
12930 0006
12930 0007
12930 0008
12930 0009
12930 0010
12930 0011
12930 0012
12930 0013
12930 0014
12930 0015
12930 0016
12930 0017
12930 0018
12930 0019
12930 0020
12934 0000
12934 0001
12934 0002
12934 0003
12934 0004
12934 0005
12934 0006
12934 0007
12934 0008
12934 0009
12934 0010
12934 0011
12934 0012
12934 0013
12934 0014
12934 0015
12934 0016
12934 0017
12934 0018
12934 0019
12934 0020
12934 0021
12934 0022
12934 0023
12934 0024
12934 0025
12934 0026
12934 0027
12934 0028
12936 0000
12936 0001
12936 0002
12936 0003
12936 0004
12936 0005
12936 0006
12936 0007
12936 0008
12936 0009
12936 0010
12936 0011
12936 0012
12936 0013
12936 0014
12936 0015
12936 0016
12936 0017
12936 0018
12936 0019
12936 0020
12936 0021
12936 0022
12936 0023
12936 0024
12936 0025
12936 0026
12936 0027
12936 0028
12936 0029
12941 0000
12941 0001
12941 0002
12941 0003
12941 0004
12941 0005
12941 0006
12941 0007
12941 0008
12941 0009
12941 0010
12941 0011
12941 0012
12941 0013
12941 0014
12941 0015
12941 0016
12941 0017
12941 0018
12941 0019
12941 0020
12941 0021
12948 0000
12948 0001
12948 0002
12948 0003
12948 0004
12948 0005
12948 0006
12948 0007
12948 0008
12948 0009
12948 0010
12948 0011
12948 0012
12948 0013
12948 0014
12948 0015
12948 0016
12949 0000
12949 0001
12949 0002
12949 0003
12949 0004
12949 0005
12949 0006
12949 0007
12949 0008
12949 0009
12949 0010
12949 0011
12949 0012
12949 0013
12949 0014
12949 0015
12949 0016
12949 0017
12949 0018
12954 0000
12954 0001
12954 0002
12954 0003
12954 0004
12954 0005
12954 0006
12954 0007
12954 0008
12954 0009
12954 0010
12954 0011
12954 0012
12954 0013
12954 0014
12954 0015
12954 0016
12958 0000
12958 0001
12958 0002
12958 0003
12958 0004
12958 0005
12958 0006
12958 0007
12958 0008
12958 0009
12958 0010
12958 0011
12958 0012
12958 0013
12958 0014
12958 0015
12958 0016
12958 0017
12958 0018
12958 0019
12958 0020
12958 0021
12961 0000
12961 0001
12961 0002
12961 0003
12961 0004
12961 0005
12961 0006
12961 0007
12961 0008
12961 0009
12961 0010
12961 0011
12961 0012
12961 0013
12961 0014
12961 0015
12961 0016
12961 0017
12961 0018
12961 0019
12961 0020
12961 0021
12961 0022
12963 0000
12963 0001
12963 0002
12963 0003
12963 0004
12963 0005
12963 0006
12963 0007
12963 0008
12963 0009
12963 0010
12963 0011
12963 0012
12963 0013
12963 0014
12963 0015
12963 0016
12963 0017
12963 0018
12963 0019
12963 0020
12963 0021
12963 0022
12963 0023
12963 0024
12963 0025
12963 0026
12968 0000
12968 0001
12968 0002
12968 0003
12968 0004
12968 0005
12968 0006
12968 0007
12968 0008
12968 0009
12968 0010
12968 0011
12968 0012
12968 0013
12968 0014
12968 0015
12968 0016
12980 0000
12980 0001
12980 0002
12980 0003
12980 0004
12980 0005
12980 0006
12980 0007
12980 0008
12980 0009
12980 0010
12980 0011
12980 0012
12980 0013
12980 0014
12980 0015
12980 0016
12980 0017
12983 0000
12983 0001
12983 0002
12983 0003
12983 0004
12983 0005
12983 0006
12983 0007
12983 0008
12983 0009
12983 0010
12983 0011
12983 0012
12983 0013
12983 0014
12983 0015
12983 0016
12983 0017
12985 0000
12985 0001
12985 0002
12985 0003
12985 0004
12985 0005
12985 0006
12985 0007
12985 0008
12985 0009
12985 0010
12985 0011
12985 0012
12985 0013
12985 0014
12985 0015
12985 0016
12985 0017
12985 0018
12985 0019
12985 0020
12985 0021
12985 0022
12985 0023
12985 0024
12986 0000
12986 0001
12986 0002
12986 0003
12986 0004
12986 0005
12986 0006
12986 0007
12986 0008
12986 0009
12986 0010
12986 0011
12986 0012
12986 0013
12986 0014
12986 0015
12986 0016
12986 0017
12986 0018
12986 0019
12986 0020
12986 0021
12986 0022
12986 0023
12986 0024
12986 0025
12992 0000
12992 0001
12992 0002
12992 0003
12992 0004
12992 0005
12992 0006
12992 0007
12992 0008
12992 0009
12992 0010
12992 0011
12992 0012
12992 0013
12992 0014
12992 0015
12992 0016
12992 0017
12992 0018
12992 0019
12992 0020
12992 0021
12992 0022
12992 0023
12992 0024
12994 0000
12994 0001
12994 0002
12994 0003
12994 0004
12994 0005
12994 0006
12994 0007
12994 0008
12994 0009
12994 0010
12994 0011
12994 0012
12994 0013
12994 0014
12994 0015
12994 0016
13002 0000
13002 0001
13002 0002
13002 0003
13002 0004
13002 0005
13002 0006
13002 0007
13002 0008
13002 0009
13002 0010
13002 0011
13002 0012
13002 0013
13002 0014
13002 0015
13002 0016
13002 0017
13002 0018
13002 0019
13002 0020
13002 0021
13002 0022
13002 0023
13004 0000
13004 0001
13004 0002
13004 0003
13004 0004
13004 0005
13004 0006
13004 0007
13004 0008
13004 0009
13004 0010
13004 0011
13004 0012
13004 0013
13004 0014
13004 0015
13007 0000
13007 0001
13007 0002
13007 0003
13007 0004
13007 0005
13007 0006
13007 0007
13007 0008
13007 0009
13007 0010
13007 0011
13007 0012
13007 0013
13007 0014
13007 0015
13020 0000
13020 0001
13020 0002
13020 0003
13020 0004
13020 0005
13020 0006
13020 0007
13020 0008
13020 0009
13020 0010
13020 0011
13020 0012
13020 0013
13020 0014
13020 0015
13020 0016
13020 0017
13020 0018
13020 0019
13020 0020
13020 0021
13020 0022
13020 0023
13020 0024
13020 0025
13020 0026
13020 0027
13020 0028
13020 0029
13027 0000
13027 0001
13027 0002
13027 0003
13027 0004
13027 0005
13027 0006
13027 0007
13027 0008
13027 0009
13027 0010
13027 0011
13027 0012
13027 0013
13027 0014
13027 0015
13027 0016
13027 0017
13033 0000
13033 0001
13033 0002
13033 0003
13033 0004
13033 0005
13033 0006
13033 0007
13033 0008
13033 0009
13033 0010
13033 0011
13033 0012
13033 0013
13033 0014
13033 0015
13033 0016
13033 0017
13033 0018
13033 0019
13033 0020
13033 0021
13033 0022
13033 0023
13033 0024
13034 0000
13034 0001
13034 0002
13034 0003
13034 0004
13034 0005
13034 0006
13034 0007
13034 0008
13034 0009
13034 0010
13034 0011
13034 0012
13034 0013
13034 0014
13034 0015
13034 0016
13034 0017
13034 0018
13034 0019
13034 0020
13034 0021
13034 0022
13036 0000
13036 0001
13036 0002
13036 0003
13036 0004
13036 0005
13036 0006
13036 0007
13036 0008
13036 0009
13036 0010
13036 0011
13036 0012
13036 0013
13036 0014
13036 0015
13037 0000
13037 0001
13037 0002
13037 0003
13037 0004
13037 0005
13037 0006
13037 0007
13037 0008
13037 0009
13037 0010
13037 0011
13037 0012
13037 0013
13037 0014
13037 0015
13037 0016
13037 0017
13037 0018
13037 0019
13037 0020
13037 0021
13037 0022
13037 0023
13037 0024
13037 0025
13037 0026
13037 0027
13037 0028
13037 0029
13037 0030
13038 0000
13038 0001
13038 0002
13038 0003
13038 0004
13038 0005
13038 0006
13038 0007
13038 0008
13038 0009
13038 0010
13038 0011
13038 0012
13038 0013
13039 0000
13039 0001
13039 0002
13039 0003
13039 0004
13039 0005
13039 0006
13039 0007
13039 0008
13039 0009
13039 0010
13039 0011
13039 0012
13039 0013
13039 0014
13039 0015
13039 0016
13039 0017
13042 0000
13042 0001
13042 0002
13042 0003
13042 0004
13042 0005
13042 0006
13042 0007
13042 0008
13042 0009
13042 0010
13042 0011
13042 0012
13042 0013
13042 0014
13042 0015
13042 0016
13042 0017
13042 0018
13042 0019
13042 0020
13042 0021
13042 0022
13042 0023
13042 0024
13045 0000
13045 0001
13045 0002
13045 0003
13045 0004
13045 0005
13045 0006
13045 0007
13045 0008
13045 0009
13045 0010
13045 0011
13045 0012
13045 0013
13045 0014
13045 0015
13045 0016
13045 0017
13045 0018
13045 0019
13045 0020
13045 0021
13045 0022
13045 0023
13045 0024
13047 0000
13047 0001
13047 0002
13047 0003
13047 0004
13047 0005
13047 0006
13047 0007
13047 0008
13047 0009
13047 0010
13047 0011
13047 0012
13047 0013
13047 0014
13047 0015
13047 0016
13047 0017
13047 0018
13047 0019
13047 0020
13047 0021
13047 0022
13072 0000
13072 0001
13072 0002
13072 0003
13072 0004
13072 0005
13072 0006
13072 0007
13072 0008
13072 0009
13072 0010
13072 0011
13072 0012
13072 0013
13072 0014
13072 0015
13072 0016
13072 0017
13072 0018
13075 0000
13075 0001
13075 0002
13075 0003
13075 0004
13075 0005
13075 0006
13075 0007
13075 0008
13075 0009
13075 0010
13075 0011
13075 0012
13075 0013
13075 0014
13075 0015
13075 0016
13075 0017
13079 0000
13079 0001
13079 0002
13079 0003
13079 0004
13079 0005
13079 0006
13079 0007
13079 0008
13079 0009
13079 0010
13079 0011
13079 0012
13079 0013
13079 0014
13079 0015
13079 0016
13079 0017
13079 0018
13079 0019
13079 0020
13079 0021
13079 0022
13079 0023
13079 0024
13079 0025
13079 0026
13079 0027
13079 0028
13079 0029
13079 0030
13089 0000
13089 0001
13089 0002
13089 0003
13089 0004
13089 0005
13089 0006
13089 0007
13089 0008
13089 0009
13089 0010
13089 0011
13089 0012
13089 0013
13089 0014
13089 0015
13089 0016
13089 0017
13089 0018
13089 0019
13089 0020
13089 0021
13089 0022
13089 0023
13089 0024
13089 0025
13091 0000
13091 0001
13091 0002
13091 0003
13091 0004
13091 0005
13091 0006
13091 0007
13091 0008
13091 0009
13091 0010
13091 0011
13091 0012
13091 0013
13091 0014
13091 0015
13091 0016
13091 0017
13092 0000
13092 0001
13092 0002
13092 0003
13092 0004
13092 0005
13092 0006
13092 0007
13092 0008
13092 0009
13092 0010
13092 0011
13092 0012
13092 0013
13092 0014
13092 0015
13092 0016
13092 0017
13092 0018
13092 0019
13092 0020
13092 0021
13092 0022
13092 0023
13092 0024
13102 0000
13102 0001
13102 0002
13102 0003
13102 0004
13102 0005
13102 0006
13102 0007
13102 0008
13102 0009
13102 0010
13102 0011
13102 0012
13102 0013
13102 0014
13102 0015
13102 0016
13102 0017
13102 0018
13102 0019
13114 0000
13114 0001
13114 0002
13114 0003
13114 0004
13114 0005
13114 0006
13114 0007
13114 0008
13114 0009
13114 0010
13114 0011
13114 0012
13114 0013
13114 0014
13114 0015
13114 0016
13114 0017
13114 0018
13114 0019
13114 0020
13114 0021
13114 0022
13114 0023
13114 0024
13114 0025
13114 0026
13114 0027
13114 0028
13114 0029
13114 0030
13114 0031
13114 0032
13115 0000
13115 0001
13115 0002
13115 0003
13115 0004
13115 0005
13115 0006
13115 0007
13115 0008
13115 0009
13115 0010
13115 0011
13115 0012
13115 0013
13115 0014
13115 0015
13115 0016
13115 0017
13115 0018
13115 0019
13115 0020
13115 0021
13115 0022
13115 0023
13115 0024
13115 0025
13115 0026
13115 0027
13117 0000
13117 0001
13117 0002
13117 0003
13117 0004
13117 0005
13117 0006
13117 0007
13117 0008
13117 0009
13117 0010
13117 0011
13117 0012
13117 0013
13117 0014
13117 0015
13117 0016
13117 0017
13117 0018
13117 0019
13117 0020
13117 0021
13117 0022
13117 0023
13119 0000
13119 0001
13119 0002
13119 0003
13119 0004
13119 0005
13119 0006
13119 0007
13119 0008
13119 0009
13119 0010
13119 0011
13119 0012
13119 0013
13119 0014
13119 0015
13119 0016
13119 0017
13119 0018
13119 0019
13119 0020
13119 0021
13119 0022
13119 0023
13121 0000
13121 0001
13121 0002
13121 0003
13121 0004
13121 0005
13121 0006
13121 0007
13121 0008
13121 0009
13121 0010
13121 0011
13121 0012
13121 0013
13121 0014
13121 0015
13121 0016
13121 0017
13121 0018
13125 0000
13125 0001
13125 0002
13125 0003
13125 0004
13125 0005
13125 0006
13125 0007
13125 0008
13125 0009
13125 0010
13125 0011
13132 0000
13132 0001
13132 0002
13132 0003
13132 0004
13132 0005
13132 0006
13132 0007
13132 0008
13132 0009
13132 0010
13132 0011
13132 0012
13132 0013
13132 0014
13132 0015
13150 0000
13150 0001
13150 0002
13150 0003
13150 0004
13150 0005
13150 0006
13150 0007
13150 0008
13150 0009
13150 0010
13150 0011
13150 0012
13150 0013
13150 0014
13150 0015
13150 0016
13150 0017
13150 0018
13150 0019
13150 0020
13150 0021
13150 0022
13150 0023
13151 0000
13151 0001
13151 0002
13151 0003
13151 0004
13151 0005
13151 0006
13151 0007
13151 0008
13151 0009
13151 0010
13151 0011
13151 0012
13151 0013
13151 0014
13151 0015
13151 0016
13151 0017
13151 0018
13151 0019
13151 0020
13151 0021
13151 0022
13151 0023
13151 0024
13151 0025
13156 0000
13156 0001
13156 0002
13156 0003
13156 0004
13156 0005
13156 0006
13156 0007
13156 0008
13156 0009
13156 0010
13156 0011
13156 0012
13156 0013
13156 0014
13156 0015
13156 0016
13156 0017
13156 0018
13156 0019
13156 0020
13156 0021
13156 0022
13156 0023
13156 0024
13156 0025
13156 0026
13156 0027
13158 0000
13158 0001
13158 0002
13158 0003
13158 0004
13158 0005
13158 0006
13158 0007
13158 0008
13158 0009
13158 0010
13158 0011
13158 0012
13158 0013
13158 0014
13158 0015
13158 0016
13158 0017
13158 0018
13158 0019
13158 0020
13158 0021
13158 0022
13161 0000
13161 0001
13161 0002
13161 0003
13161 0004
13161 0005
13161 0006
13161 0007
13161 0008
13161 0009
13161 0010
13161 0011
13161 0012
13161 0013
13161 0014
13161 0015
13161 0016
13161 0017
13161 0018
13161 0019
13161 0020
13161 0021
13161 0022
13161 0023
13164 0000
13164 0001
13164 0002
13164 0003
13164 0004
13164 0005
13164 0006
13164 0007
13164 0008
13164 0009
13164 0010
13164 0011
13164 0012
13164 0013
13164 0014
13164 0015
13164 0016
13164 0017
13164 0018
13164 0019
13175 0000
13175 0001
13175 0002
13175 0003
13175 0004
13175 0005
13175 0006
13175 0007
13175 0008
13175 0009
13175 0010
13175 0011
13175 0012
13175 0013
13175 0014
13175 0015
13175 0016
13175 0017
13175 0018
13175 0019
13175 0020
13175 0021
13175 0022
13175 0023
13175 0024
13175 0025
13175 0026
13207 0000
13207 0001
13207 0002
13207 0003
13207 0004
13207 0005
13207 0006
13207 0007
13207 0008
13207 0009
13207 0010
13207 0011
13207 0012
13207 0013
13207 0014
13207 0015
13207 0016
13207 0017
13207 0018
13207 0019
13207 0020
13207 0021
13207 0022
13207 0023
13207 0024
13207 0025
13207 0026
13207 0027
13207 0028
13210 0000
13210 0001
13210 0002
13210 0003
13210 0004
13210 0005
13210 0006
13210 0007
13210 0008
13210 0009
13210 0010
13210 0011
13210 0012
13210 0013
13210 0014
13210 0015
13210 0016
13210 0017
13210 0018
13210 0019
13210 0020
13210 0021
13210 0022
13210 0023
13210 0024
13210 0025
13210 0026
13210 0027
13210 0028
13210 0029
13213 0000
13213 0001
13213 0002
13213 0003
13213 0004
13213 0005
13213 0006
13213 0007
13213 0008
13213 0009
13213 0010
13213 0011
13213 0012
13213 0013
13213 0014
13213 0015
13213 0016
13213 0017
13213 0018
13213 0019
13213 0020
13213 0021
13219 0000
13219 0001
13219 0002
13219 0003
13219 0004
13219 0005
13219 0006
13219 0007
13219 0008
13219 0009
13219 0010
13219 0011
13219 0012
13219 0013
13219 0014
13219 0015
13219 0016
13219 0017
13219 0018
13219 0019
13221 0000
13221 0001
13221 0002
13221 0003
13221 0004
13221 0005
13221 0006
13221 0007
13221 0008
13221 0009
13221 0010
13221 0011
13221 0012
13221 0013
13221 0014
13221 0015
13221 0016
13221 0017
13221 0018
13221 0019
13221 0020
13221 0021
13221 0022
13221 0023
13221 0024
13221 0025
13221 0026
13221 0027
13221 0028
13229 0000
13229 0001
13229 0002
13229 0003
13229 0004
13229 0005
13229 0006
13229 0007
13229 0008
13229 0009
13229 0010
13229 0011
13229 0012
13229 0013
13229 0014
13229 0015
13229 0016
13229 0017
13229 0018
13229 0019
13229 0020
13231 0000
13231 0001
13231 0002
13231 0003
13231 0004
13231 0005
13231 0006
13231 0007
13231 0008
13231 0009
13231 0010
13231 0011
13231 0012
13231 0013
13231 0014
13231 0015
13231 0016
13231 0017
13235 0000
13235 0001
13235 0002
13235 0003
13235 0004
13235 0005
13235 0006
13235 0007
13235 0008
13235 0009
13235 0010
13235 0011
13235 0012
13235 0013
13235 0014
13235 0015
13235 0016
13235 0017
13235 0018
13235 0019
13235 0020
13235 0021
13235 0022
13237 0000
13237 0001
13237 0002
13237 0003
13237 0004
13237 0005
13237 0006
13237 0007
13237 0008
13237 0009
13237 0010
13237 0011
13237 0012
13237 0013
13237 0014
13237 0015
13237 0016
13237 0017
13237 0018
13237 0019
13237 0020
13237 0021
13242 0000
13242 0001
13242 0002
13242 0003
13242 0004
13242 0005
13242 0006
13242 0007
13242 0008
13242 0009
13242 0010
13242 0011
13242 0012
13242 0013
13242 0014
13242 0015
13242 0016
13242 0017
13242 0018
13242 0019
13242 0020
13242 0021
13242 0022
13250 0000
13250 0001
13250 0002
13250 0003
13250 0004
13250 0005
13250 0006
13250 0007
13250 0008
13250 0009
13250 0010
13250 0011
13250 0012
13250 0013
13250 0014
13250 0015
13250 0016
13250 0017
13250 0018
13250 0019
13250 0020
13257 0000
13257 0001
13257 0002
13257 0003
13257 0004
13257 0005
13257 0006
13257 0007
13257 0008
13257 0009
13257 0010
13257 0011
13257 0012
13257 0013
13257 0014
13257 0015
13257 0016
13257 0017
13257 0018
13257 0019
13257 0020
13257 0021
13257 0022
13257 0023
13257 0024
13257 0025
13257 0026
13257 0027
13257 0028
13257 0029
13257 0030
13259 0000
13259 0001
13259 0002
13259 0003
13259 0004
13259 0005
13259 0006
13259 0007
13259 0008
13259 0009
13259 0010
13259 0011
13259 0012
13259 0013
13259 0014
13259 0015
13259 0016
13259 0017
13259 0018
13259 0019
13259 0020
13259 0021
13259 0022
13259 0023
13259 0024
13259 0025
13267 0000
13267 0001
13267 0002
13267 0003
13267 0004
13267 0005
13267 0006
13267 0007
13267 0008
13267 0009
13267 0010
13267 0011
13267 0012
13267 0013
13267 0014
13267 0015
13267 0016
13267 0017
13267 0018
13267 0019
13267 0020
13267 0021
13267 0022
13267 0023
13267 0024
13267 0025
13267 0026
13267 0027
13269 0000
13269 0001
13269 0002
13269 0003
13269 0004
13269 0005
13269 0006
13269 0007
13269 0008
13269 0009
13269 0010
13269 0011
13269 0012
13269 0013
13269 0014
13269 0015
13269 0016
13269 0017
13269 0018
13269 0019
13269 0020
13269 0021
13269 0022
13270 0000
13270 0001
13270 0002
13270 0003
13270 0004
13270 0005
13270 0006
13270 0007
13270 0008
13270 0009
13270 0010
13270 0011
13270 0012
13270 0013
13270 0014
13270 0015
13270 0016
13270 0017
13270 0018
13270 0019
13270 0020
13270 0021
13270 0022
13270 0023
13270 0024
13270 0025
13271 0000
13271 0001
13271 0002
13271 0003
13271 0004
13271 0005
13271 0006
13271 0007
13271 0008
13271 0009
13271 0010
13271 0011
13271 0012
13271 0013
13271 0014
13271 0015
13271 0016
13271 0017
13271 0018
13271 0019
13271 0020
13271 0021
13273 0000
13273 0001
13273 0002
13273 0003
13273 0004
13273 0005
13273 0006
13273 0007
13273 0008
13273 0009
13273 0010
13273 0011
13273 0012
13273 0013
13273 0014
13273 0015
13273 0016
13273 0017
13273 0018
13274 0000
13274 0001
13274 0002
13274 0003
13274 0004
13274 0005
13274 0006
13274 0007
13274 0008
13274 0009
13274 0010
13274 0011
13274 0012
13274 0013
13274 0014
13274 0015
13274 0016
13274 0017
13274 0018
13274 0019
13274 0020
13274 0021
13274 0022
13279 0000
13279 0001
13279 0002
13279 0003
13279 0004
13279 0005
13279 0006
13279 0007
13279 0008
13279 0009
13279 0010
13279 0011
13279 0012
13279 0013
13279 0014
13279 0015
13279 0016
13279 0017
13279 0018
13279 0019
13279 0020
13279 0021
13279 0022
13280 0000
13280 0001
13280 0002
13280 0003
13280 0004
13280 0005
13280 0006
13280 0007
13280 0008
13280 0009
13280 0010
13280 0011
13280 0012
13280 0013
13280 0014
13280 0015
13282 0000
13282 0001
13282 0002
13282 0003
13282 0004
13282 0005
13282 0006
13282 0007
13282 0008
13282 0009
13282 0010
13282 0011
13282 0012
13282 0013
13282 0014
13282 0015
13282 0016
13282 0017
13282 0018
13282 0019
13282 0020
13282 0021
13282 0022
13282 0023
13284 0000
13284 0001
13284 0002
13284 0003
13284 0004
13284 0005
13284 0006
13284 0007
13284 0008
13284 0009
13284 0010
13284 0011
13284 0012
13284 0013
13284 0014
13284 0015
13284 0016
13284 0017
13284 0018
13284 0019
13284 0020
13284 0021
13284 0022
13284 0023
13284 0024
13284 0025
13284 0026
13284 0027
13288 0000
13288 0001
13288 0002
13288 0003
13288 0004
13288 0005
13288 0006
13288 0007
13288 0008
13288 0009
13288 0010
13288 0011
13288 0012
13288 0013
13288 0014
13288 0015
13288 0016
13288 0017
13288 0018
13288 0019
13288 0020
13288 0021
13288 0022
13288 0023
13292 0000
13292 0001
13292 0002
13292 0003
13292 0004
13292 0005
13292 0006
13292 0007
13292 0008
13292 0009
13292 0010
13292 0011
13292 0012
13292 0013
13292 0014
13292 0015
13292 0016
13292 0017
13292 0018
13292 0019
13292 0020
13292 0021
13293 0000
13293 0001
13293 0002
13293 0003
13293 0004
13293 0005
13293 0006
13293 0007
13293 0008
13293 0009
13293 0010
13293 0011
13293 0012
13293 0013
13293 0014
13293 0015
13293 0016
13293 0017
13293 0018
13293 0019
13293 0020
13293 0021
13293 0022
13293 0023
13293 0024
13293 0025
13293 0026
13297 0000
13297 0001
13297 0002
13297 0003
13297 0004
13297 0005
13297 0006
13297 0007
13297 0008
13297 0009
13297 0010
13297 0011
13297 0012
13297 0013
13297 0014
13297 0015
13297 0016
13299 0000
13299 0001
13299 0002
13299 0003
13299 0004
13299 0005
13299 0006
13299 0007
13299 0008
13299 0009
13299 0010
13299 0011
13299 0012
13299 0013
13299 0014
13299 0015
13302 0000
13302 0001
13302 0002
13302 0003
13302 0004
13302 0005
13302 0006
13302 0007
13302 0008
13302 0009
13302 0010
13302 0011
13302 0012
13302 0013
13302 0014
13302 0015
13302 0016
13302 0017
13302 0018
13302 0019
13302 0020
13302 0021
13302 0022
13302 0023
13302 0024
13302 0025
13302 0026
13302 0027
13302 0028
13302 0029
13302 0030
13302 0031
13302 0032
13302 0033
13309 0000
13309 0001
13309 0002
13309 0003
13309 0004
13309 0005
13309 0006
13309 0007
13309 0008
13309 0009
13309 0010
13309 0011
13309 0012
13309 0013
13309 0014
13309 0015
13309 0016
13309 0017
13309 0018
13309 0019
13309 0020
13309 0021
13309 0022
13316 0000
13316 0001
13316 0002
13316 0003
13316 0004
13316 0005
13316 0006
13316 0007
13316 0008
13316 0009
13316 0010
13316 0011
13316 0012
13316 0013
13316 0014
13316 0015
13317 0000
13317 0001
13317 0002
13317 0003
13317 0004
13317 0005
13317 0006
13317 0007
13317 0008
13317 0009
13317 0010
13317 0011
13317 0012
13317 0013
13317 0014
13317 0015
13317 0016
13317 0017
13317 0018
13317 0019
13317 0020
13317 0021
13322 0000
13322 0001
13322 0002
13322 0003
13322 0004
13322 0005
13322 0006
13322 0007
13322 0008
13322 0009
13322 0010
13322 0011
13322 0012
13322 0013
13322 0014
13324 0000
13324 0001
13324 0002
13324 0003
13324 0004
13324 0005
13324 0006
13324 0007
13324 0008
13324 0009
13324 0010
13324 0011
13324 0012
13324 0013
13324 0014
13324 0015
13324 0016
13324 0017
13324 0018
13324 0019
13324 0020
13324 0021
13324 0022
13324 0023
13324 0024
13324 0025
13324 0026
13324 0027
13324 0028
13324 0029
13324 0030
13326 0000
13326 0001
13326 0002
13326 0003
13326 0004
13326 0005
13326 0006
13326 0007
13326 0008
13326 0009
13326 0010
13326 0011
13326 0012
13326 0013
13326 0014
13326 0015
13326 0016
13326 0017
13326 0018
13326 0019
13326 0020
13326 0021
13326 0022
13327 0000
13327 0001
13327 0002
13327 0003
13327 0004
13327 0005
13327 0006
13327 0007
13327 0008
13327 0009
13327 0010
13327 0011
13327 0012
13327 0013
13327 0014
13327 0015
13327 0016
13327 0017
13327 0018
13327 0019
13327 0020
13327 0021
13327 0022
13331 0000
13331 0001
13331 0002
13331 0003
13331 0004
13331 0005
13331 0006
13331 0007
13331 0008
13331 0009
13331 0010
13331 0011
13331 0012
13331 0013
13331 0014
13331 0015
13331 0016
13331 0017
13331 0018
13331 0019
13331 0020
13331 0021
13331 0022
13331 0023
13331 0024
13331 0025
13339 0000
13339 0001
13339 0002
13339 0003
13339 0004
13339 0005
13339 0006
13339 0007
13339 0008
13339 0009
13339 0010
13339 0011
13339 0012
13339 0013
13339 0014
13339 0015
13339 0016
13339 0017
13339 0018
13339 0019
13339 0020
13339 0021
13339 0022
13339 0023
13349 0000
13349 0001
13349 0002
13349 0003
13349 0004
13349 0005
13349 0006
13349 0007
13349 0008
13349 0009
13349 0010
13349 0011
13349 0012
13349 0013
13349 0014
13349 0015
13349 0016
13349 0017
13349 0018
13349 0019
13350 0000
13350 0001
13350 0002
13350 0003
13350 0004
13350 0005
13350 0006
13350 0007
13350 0008
13350 0009
13350 0010
13350 0011
13350 0012
13350 0013
13350 0014
13350 0015
13350 0016
13350 0017
13350 0018
13350 0019
13350 0020
13350 0021
13350 0022
13365 0000
13365 0001
13365 0002
13365 0003
13365 0004
13365 0005
13365 0006
13365 0007
13365 0008
13365 0009
13365 0010
13365 0011
13365 0012
13373 0000
13373 0001
13373 0002
13373 0003
13373 0004
13373 0005
13373 0006
13373 0007
13373 0008
13373 0009
13373 0010
13373 0011
13373 0012
13373 0013
13373 0014
13373 0015
13373 0016
13373 0017
13373 0018
13373 0019
13375 0000
13375 0001
13375 0002
13375 0003
13375 0004
13375 0005
13375 0006
13375 0007
13375 0008
13375 0009
13375 0010
13375 0011
13375 0012
13375 0013
13375 0014
13375 0015
13375 0016
13375 0017
13383 0000
13383 0001
13383 0002
13383 0003
13383 0004
13383 0005
13383 0006
13383 0007
13383 0008
13383 0009
13383 0010
13383 0011
13383 0012
13383 0013
13383 0014
13383 0015
13383 0016
13383 0017
13383 0018
13383 0019
13383 0020
13383 0021
13383 0022
13383 0023
13383 0024
13394 0000
13394 0001
13394 0002
13394 0003
13394 0004
13394 0005
13394 0006
13394 0007
13394 0008
13394 0009
13394 0010
13394 0011
13394 0012
13394 0013
13394 0014
13394 0015
13394 0016
13394 0017
13394 0018
13394 0019
13394 0020
13394 0021
13394 0022
13394 0023
13394 0024
13394 0025
13394 0026
13396 0000
13396 0001
13396 0002
13396 0003
13396 0004
13396 0005
13396 0006
13396 0007
13396 0008
13396 0009
13396 0010
13396 0011
13396 0012
13396 0013
13396 0014
13396 0015
13398 0000
13398 0001
13398 0002
13398 0003
13398 0004
13398 0005
13398 0006
13398 0007
13398 0008
13398 0009
13398 0010
13398 0011
13398 0012
13398 0013
13398 0014
13398 0015
13398 0016
13398 0017
13398 0018
13398 0019
13401 0000
13401 0001
13401 0002
13401 0003
13401 0004
13401 0005
13401 0006
13401 0007
13401 0008
13401 0009
13401 0010
13401 0011
13401 0012
13401 0013
13401 0014
13401 0015
13401 0016
13401 0017
13401 0018
13401 0019
13401 0020
13401 0021
13401 0022
13401 0023
13405 0000
13405 0001
13405 0002
13405 0003
13405 0004
13405 0005
13405 0006
13405 0007
13405 0008
13405 0009
13405 0010
13405 0011
13405 0012
13405 0013
13405 0014
13405 0015
13405 0016
13405 0017
13412 0000
13412 0001
13412 0002
13412 0003
13412 0004
13412 0005
13412 0006
13412 0007
13412 0008
13412 0009
13412 0010
13412 0011
13412 0012
13412 0013
13412 0014
13412 0015
13412 0016
13412 0017
13412 0018
13412 0019
13412 0020
13412 0021
13412 0022
13412 0023
13412 0024
13412 0025
13412 0026
13412 0027
13412 0028
13418 0000
13418 0001
13418 0002
13418 0003
13418 0004
13418 0005
13418 0006
13418 0007
13418 0008
13418 0009
13418 0010
13418 0011
13418 0012
13418 0013
13418 0014
13418 0015
13419 0000
13419 0001
13419 0002
13419 0003
13419 0004
13419 0005
13419 0006
13419 0007
13419 0008
13419 0009
13419 0010
13419 0011
13425 0000
13425 0001
13425 0002
13425 0003
13425 0004
13425 0005
13425 0006
13425 0007
13425 0008
13425 0009
13425 0010
13425 0011
13430 0000
13430 0001
13430 0002
13430 0003
13430 0004
13430 0005
13430 0006
13430 0007
13430 0008
13430 0009
13430 0010
13430 0011
13430 0012
13430 0013
13430 0014
13430 0015
13430 0016
13430 0017
13430 0018
13430 0019
13430 0020
13430 0021
13430 0022
13430 0023
13430 0024
13430 0025
13430 0026
13430 0027
13432 0000
13432 0001
13432 0002
13432 0003
13432 0004
13432 0005
13432 0006
13432 0007
13432 0008
13432 0009
13432 0010
13432 0011
13432 0012
13432 0013
13432 0014
13432 0015
13432 0016
13432 0017
13432 0018
13432 0019
13437 0000
13437 0001
13437 0002
13437 0003
13437 0004
13437 0005
13437 0006
13437 0007
13437 0008
13437 0009
13437 0010
13437 0011
13437 0012
13437 0013
13437 0014
13437 0015
13437 0016
13437 0017
13437 0018
13437 0019
13437 0020
13437 0021
13437 0022
13437 0023
13437 0024
13437 0025
13438 0000
13438 0001
13438 0002
13438 0003
13438 0004
13438 0005
13438 0006
13438 0007
13438 0008
13438 0009
13438 0010
13438 0011
13438 0012
13438 0013
13438 0014
13438 0015
13438 0016
13438 0017
13445 0000
13445 0001
13445 0002
13445 0003
13445 0004
13445 0005
13445 0006
13445 0007
13445 0008
13445 0009
13445 0010
13445 0011
13445 0012
13445 0013
13445 0014
13445 0015
13445 0016
13445 0017
13445 0018
13445 0019
13445 0020
13445 0021
13445 0022
13445 0023
13445 0024
13447 0000
13447 0001
13447 0002
13447 0003
13447 0004
13447 0005
13447 0006
13447 0007
13447 0008
13447 0009
13447 0010
13447 0011
13447 0012
13447 0013
13447 0014
13447 0015
13447 0016
13447 0017
13447 0018
13447 0019
13447 0020
13447 0021
13447 0022
13447 0023
13447 0024
13450 0000
13450 0001
13450 0002
13450 0003
13450 0004
13450 0005
13450 0006
13450 0007
13450 0008
13450 0009
13450 0010
13450 0011
13450 0012
13450 0013
13450 0014
13450 0015
13450 0016
13450 0017
13450 0018
13450 0019
13450 0020
13450 0021
13450 0022
13452 0000
13452 0001
13452 0002
13452 0003
13452 0004
13452 0005
13452 0006
13452 0007
13452 0008
13452 0009
13452 0010
13452 0011
13452 0012
13452 0013
13452 0014
13452 0015
13452 0016
13452 0017
13452 0018
13452 0019
13452 0020
13452 0021
13452 0022
13452 0023
13452 0024
13452 0025
13453 0000
13453 0001
13453 0002
13453 0003
13453 0004
13453 0005
13453 0006
13453 0007
13453 0008
13453 0009
13453 0010
13453 0011
13453 0012
13453 0013
13453 0014
13453 0015
13453 0016
13453 0017
13453 0018
13453 0019
13453 0020
13453 0021
13453 0022
13456 0000
13456 0001
13456 0002
13456 0003
13456 0004
13456 0005
13456 0006
13456 0007
13456 0008
13456 0009
13456 0010
13456 0011
13456 0012
13456 0013
13456 0014
13456 0015
13456 0016
13456 0017
13456 0018
13466 0000
13466 0001
13466 0002
13466 0003
13466 0004
13466 0005
13466 0006
13466 0007
13466 0008
13466 0009
13466 0010
13466 0011
13466 0012
13466 0013
13466 0014
13466 0015
13466 0016
13466 0017
13466 0018
13467 0000
13467 0001
13467 0002
13467 0003
13467 0004
13467 0005
13467 0006
13467 0007
13467 0008
13467 0009
13467 0010
13467 0011
13467 0012
13467 0013
13467 0014
13467 0015
13467 0016
13467 0017
13467 0018
13467 0019
13467 0020
13470 0000
13470 0001
13470 0002
13470 0003
13470 0004
13470 0005
13470 0006
13470 0007
13470 0008
13470 0009
13470 0010
13470 0011
13470 0012
13470 0013
13470 0014
13470 0015
13470 0016
13470 0017
13470 0018
13470 0019
13470 0020
13470 0021
13470 0022
13470 0023
13470 0024
13470 0025
13470 0026
13470 0027
13470 0028
13470 0029
13470 0030
13489 0000
13489 0001
13489 0002
13489 0003
13489 0004
13489 0005
13489 0006
13489 0007
13489 0008
13489 0009
13489 0010
13489 0011
13489 0012
13489 0013
13489 0014
13489 0015
13489 0016
13489 0017
13489 0018
13489 0019
13489 0020
13489 0021
13489 0022
13489 0023
13489 0024
13492 0000
13492 0001
13492 0002
13492 0003
13492 0004
13492 0005
13492 0006
13492 0007
13492 0008
13492 0009
13492 0010
13492 0011
13492 0012
13492 0013
13492 0014
13492 0015
13492 0016
13492 0017
13492 0018
13492 0019
13492 0020
13492 0021
13492 0022
13493 0000
13493 0001
13493 0002
13493 0003
13493 0004
13493 0005
13493 0006
13493 0007
13493 0008
13493 0009
13493 0010
13493 0011
13493 0012
13493 0013
13493 0014
13493 0015
13493 0016
13493 0017
13493 0018
13493 0019
13493 0020
13493 0021
13496 0000
13496 0001
13496 0002
13496 0003
13496 0004
13496 0005
13496 0006
13496 0007
13496 0008
13496 0009
13496 0010
13496 0011
13496 0012
13496 0013
13496 0014
13496 0015
13496 0016
13496 0017
13496 0018
13496 0019
13496 0020
13496 0021
13496 0022
13496 0023
13498 0000
13498 0001
13498 0002
13498 0003
13498 0004
13498 0005
13498 0006
13498 0007
13498 0008
13498 0009
13498 0010
13498 0011
13498 0012
13498 0013
13498 0014
13498 0015
13498 0016
13498 0017
13498 0018
13498 0019
13498 0020
13498 0021
13498 0022
13498 0023
13498 0024
13503 0000
13503 0001
13503 0002
13503 0003
13503 0004
13503 0005
13503 0006
13503 0007
13503 0008
13503 0009
13503 0010
13503 0011
13503 0012
13503 0013
13503 0014
13503 0015
13511 0000
13511 0001
13511 0002
13511 0003
13511 0004
13511 0005
13511 0006
13511 0007
13511 0008
13511 0009
13511 0010
13511 0011
13511 0012
13511 0013
13511 0014
13511 0015
13511 0016
13511 0017
13511 0018
13511 0019
13511 0020
13511 0021
13511 0022
13511 0023
13512 0000
13512 0001
13512 0002
13512 0003
13512 0004
13512 0005
13512 0006
13512 0007
13512 0008
13512 0009
13512 0010
13512 0011
13512 0012
13512 0013
13512 0014
13512 0015
13512 0016
13512 0017
13512 0018
13512 0019
13512 0020
13512 0021
13512 0022
13513 0000
13513 0001
13513 0002
13513 0003
13513 0004
13513 0005
13513 0006
13513 0007
13513 0008
13513 0009
13513 0010
13513 0011
13513 0012
13513 0013
13513 0014
13513 0015
13513 0016
13513 0017
13513 0018
13513 0019
13513 0020
13513 0021
13513 0022
13513 0023
13513 0024
13514 0000
13514 0001
13514 0002
13514 0003
13514 0004
13514 0005
13514 0006
13514 0007
13514 0008
13514 0009
13514 0010
13514 0011
13514 0012
13514 0013
13514 0014
13514 0015
13514 0016
13514 0017
13514 0018
13514 0019
13514 0020
13518 0000
13518 0001
13518 0002
13518 0003
13518 0004
13518 0005
13518 0006
13518 0007
13518 0008
13518 0009
13518 0010
13518 0011
13518 0012
13518 0013
13518 0014
13518 0015
13518 0016
13518 0017
13518 0018
13518 0019
13518 0020
13518 0021
13518 0022
13518 0023
13518 0024
13518 0025
13518 0026
13518 0027
13518 0028
13518 0029
13525 0000
13525 0001
13525 0002
13525 0003
13525 0004
13525 0005
13525 0006
13525 0007
13525 0008
13525 0009
13525 0010
13525 0011
13525 0012
13525 0013
13525 0014
13525 0015
13525 0016
13525 0017
13525 0018
13525 0019
13525 0020
13525 0021
13528 0000
13528 0001
13528 0002
13528 0003
13528 0004
13528 0005
13528 0006
13528 0007
13528 0008
13528 0009
13528 0010
13528 0011
13528 0012
13528 0013
13528 0014
13528 0015
13535 0000
13535 0001
13535 0002
13535 0003
13535 0004
13535 0005
13535 0006
13535 0007
13535 0008
13535 0009
13535 0010
13535 0011
13535 0012
13535 0013
13535 0014
13535 0015
13535 0016
13535 0017
13535 0018
13535 0019
13535 0020
13535 0021
13535 0022
13535 0023
13535 0024
13535 0025
13537 0000
13537 0001
13537 0002
13537 0003
13537 0004
13537 0005
13537 0006
13537 0007
13537 0008
13537 0009
13537 0010
13537 0011
13537 0012
13537 0013
13537 0014
13537 0015
13537 0016
13537 0017
13537 0018
13537 0019
13540 0000
13540 0001
13540 0002
13540 0003
13540 0004
13540 0005
13540 0006
13540 0007
13540 0008
13540 0009
13540 0010
13540 0011
13540 0012
13540 0013
13540 0014
13540 0015
13540 0016
13540 0017
13540 0018
13540 0019
13540 0020
13540 0021
13540 0022
13540 0023
13540 0024
13540 0025
13540 0026
13540 0027
13543 0000
13543 0001
13543 0002
13543 0003
13543 0004
13543 0005
13543 0006
13543 0007
13543 0008
13543 0009
13543 0010
13543 0011
13543 0012
13543 0013
13543 0014
13543 0015
13543 0016
13543 0017
13543 0018
13543 0019
13543 0020
13543 0021
13543 0022
13547 0000
13547 0001
13547 0002
13547 0003
13547 0004
13547 0005
13547 0006
13547 0007
13547 0008
13547 0009
13547 0010
13547 0011
13547 0012
13547 0013
13547 0014
13547 0015
13547 0016
13547 0017
13547 0018
13547 0019
13550 0000
13550 0001
13550 0002
13550 0003
13550 0004
13550 0005
13550 0006
13550 0007
13550 0008
13550 0009
13550 0010
13550 0011
13550 0012
13550 0013
13550 0014
13550 0015
13550 0016
13551 0000
13551 0001
13551 0002
13551 0003
13551 0004
13551 0005
13551 0006
13551 0007
13551 0008
13551 0009
13551 0010
13551 0011
13551 0012
13551 0013
13551 0014
13551 0015
13551 0016
13551 0017
13551 0018
13551 0019
13551 0020
13551 0021
13551 0022
13551 0023
13551 0024
13551 0025
13555 0000
13555 0001
13555 0002
13555 0003
13555 0004
13555 0005
13555 0006
13555 0007
13555 0008
13555 0009
13555 0010
13555 0011
13555 0012
13555 0013
13555 0014
13555 0015
13555 0016
13555 0017
13555 0018
13555 0019
13555 0020
13555 0021
13558 0000
13558 0001
13558 0002
13558 0003
13558 0004
13558 0005
13558 0006
13558 0007
13558 0008
13558 0009
13558 0010
13558 0011
13558 0012
13558 0013
13558 0014
13558 0015
13558 0016
13558 0017
13562 0000
13562 0001
13562 0002
13562 0003
13562 0004
13562 0005
13562 0006
13562 0007
13562 0008
13562 0009
13562 0010
13562 0011
13562 0012
13562 0013
13562 0014
13565 0000
13565 0001
13565 0002
13565 0003
13565 0004
13565 0005
13565 0006
13565 0007
13565 0008
13565 0009
13565 0010
13565 0011
13565 0012
13565 0013
13565 0014
13565 0015
13565 0016
13565 0017
13565 0018
13565 0019
13565 0020
13565 0021
13565 0022
13565 0023
13565 0024
13565 0025
13565 0026
13565 0027
13565 0028
13565 0029
13565 0030
13566 0000
13566 0001
13566 0002
13566 0003
13566 0004
13566 0005
13566 0006
13566 0007
13566 0008
13566 0009
13566 0010
13566 0011
13566 0012
13566 0013
13566 0014
13566 0015
13566 0016
13566 0017
13566 0018
13566 0019
13566 0020
13566 0021
13566 0022
13566 0023
13566 0024
13566 0025
13566 0026
13566 0027
13567 0000
13567 0001
13567 0002
13567 0003
13567 0004
13567 0005
13567 0006
13567 0007
13567 0008
13567 0009
13567 0010
13567 0011
13567 0012
13567 0013
13567 0014
13567 0015
13567 0016
13567 0017
13567 0018
13567 0019
13567 0020
13567 0021
13567 0022
13576 0000
13576 0001
13576 0002
13576 0003
13576 0004
13576 0005
13576 0006
13576 0007
13576 0008
13576 0009
13576 0010
13576 0011
13576 0012
13576 0013
13576 0014
13576 0015
13576 0016
13576 0017
13576 0018
13591 0000
13591 0001
13591 0002
13591 0003
13591 0004
13591 0005
13591 0006
13591 0007
13591 0008
13591 0009
13591 0010
13591 0011
13591 0012
13591 0013
13591 0014
13591 0015
13591 0016
13591 0017
13591 0018
13591 0019
13591 0020
13591 0021
13591 0022
13591 0023
13591 0024
13591 0025
13596 0000
13596 0001
13596 0002
13596 0003
13596 0004
13596 0005
13596 0006
13596 0007
13596 0008
13596 0009
13596 0010
13596 0011
13596 0012
13596 0013
13596 0014
13596 0015
13596 0016
13596 0017
13596 0018
13596 0019
13596 0020
13596 0021
13596 0022
13596 0023
13596 0024
13596 0025
13596 0026
13596 0027
13596 0028
13596 0029
13596 0030
13597 0000
13597 0001
13597 0002
13597 0003
13597 0004
13597 0005
13597 0006
13597 0007
13597 0008
13597 0009
13597 0010
13597 0011
13597 0012
13597 0013
13597 0014
13597 0015
13597 0016
13597 0017
13597 0018
13602 0000
13602 0001
13602 0002
13602 0003
13602 0004
13602 0005
13602 0006
13602 0007
13602 0008
13602 0009
13602 0010
13602 0011
13602 0012
13602 0013
13602 0014
13602 0015
13602 0016
13602 0017
13602 0018
13604 0000
13604 0001
13604 0002
13604 0003
13604 0004
13604 0005
13604 0006
13604 0007
13604 0008
13604 0009
13604 0010
13604 0011
13604 0012
13604 0013
13604 0014
13604 0015
13604 0016
13604 0017
13604 0018
13604 0019
13604 0020
13604 0021
13604 0022
13604 0023
13604 0024
13604 0025
13604 0026
13604 0027
13604 0028
13604 0029
13604 0030
13604 0031
13604 0032
13612 0000
13612 0001
13612 0002
13612 0003
13612 0004
13612 0005
13612 0006
13612 0007
13612 0008
13612 0009
13612 0010
13612 0011
13612 0012
13612 0013
13612 0014
13612 0015
13612 0016
13612 0017
13612 0018
13612 0019
13612 0020
13612 0021
13612 0022
13612 0023
13612 0024
13612 0025
13612 0026
13612 0027
13613 0000
13613 0001
13613 0002
13613 0003
13613 0004
13613 0005
13613 0006
13613 0007
13613 0008
13613 0009
13613 0010
13613 0011
13613 0012
13613 0013
13613 0014
13613 0015
13613 0016
13613 0017
13613 0018
13613 0019
13613 0020
13613 0021
13613 0022
13613 0023
13613 0024
13618 0000
13618 0001
13618 0002
13618 0003
13618 0004
13618 0005
13618 0006
13618 0007
13618 0008
13618 0009
13618 0010
13618 0011
13618 0012
13618 0013
13618 0014
13618 0015
13618 0016
13618 0017
13618 0018
13618 0019
13618 0020
13619 0000
13619 0001
13619 0002
13619 0003
13619 0004
13619 0005
13619 0006
13619 0007
13619 0008
13619 0009
13619 0010
13619 0011
13619 0012
13619 0013
13619 0014
13619 0015
13619 0016
13619 0017
13619 0018
13619 0019
13619 0020
13619 0021
13626 0000
13626 0001
13626 0002
13626 0003
13626 0004
13626 0005
13626 0006
13626 0007
13626 0008
13626 0009
13626 0010
13626 0011
13626 0012
13626 0013
13626 0014
13626 0015
13626 0016
13626 0017
13626 0018
13626 0019
13626 0020
13626 0021
13626 0022
13626 0023
13626 0024
13626 0025
13626 0026
13626 0027
13627 0000
13627 0001
13627 0002
13627 0003
13627 0004
13627 0005
13627 0006
13627 0007
13627 0008
13627 0009
13627 0010
13627 0011
13627 0012
13627 0013
13627 0014
13627 0015
13627 0016
13627 0017
13627 0018
13627 0019
13627 0020
13627 0021
13632 0000
13632 0001
13632 0002
13632 0003
13632 0004
13632 0005
13632 0006
13632 0007
13632 0008
13632 0009
13632 0010
13632 0011
13632 0012
13632 0013
13640 0000
13640 0001
13640 0002
13640 0003
13640 0004
13640 0005
13640 0006
13640 0007
13640 0008
13640 0009
13640 0010
13640 0011
13640 0012
13640 0013
13640 0014
13640 0015
13642 0000
13642 0001
13642 0002
13642 0003
13642 0004
13642 0005
13642 0006
13642 0007
13642 0008
13642 0009
13642 0010
13642 0011
13642 0012
13642 0013
13642 0014
13642 0015
13642 0016
13642 0017
13642 0018
13642 0019
13642 0020
13642 0021
13642 0022
13642 0023
13642 0024
13642 0025
13642 0026
13642 0027
13642 0028
13642 0029
13642 0030
13644 0000
13644 0001
13644 0002
13644 0003
13644 0004
13644 0005
13644 0006
13644 0007
13644 0008
13644 0009
13644 0010
13644 0011
13644 0012
13644 0013
13644 0014
13644 0015
13644 0016
13644 0017
13644 0018
13644 0019
13644 0020
13644 0021
13644 0022
13658 0000
13658 0001
13658 0002
13658 0003
13658 0004
13658 0005
13658 0006
13658 0007
13658 0008
13658 0009
13658 0010
13658 0011
13658 0012
13658 0013
13658 0014
13658 0015
13658 0016
13658 0017
13660 0000
13660 0001
13660 0002
13660 0003
13660 0004
13660 0005
13660 0006
13660 0007
13660 0008
13660 0009
13660 0010
13660 0011
13660 0012
13660 0013
13660 0014
13660 0015
13660 0016
13660 0017
13660 0018
13660 0019
13660 0020
13664 0000
13664 0001
13664 0002
13664 0003
13664 0004
13664 0005
13664 0006
13664 0007
13664 0008
13664 0009
13664 0010
13664 0011
13664 0012
13664 0013
13664 0014
13664 0015
13664 0016
13664 0017
13664 0018
13664 0019
13664 0020
13664 0021
13664 0022
13664 0023
13664 0024
13664 0025
13669 0000
13669 0001
13669 0002
13669 0003
13669 0004
13669 0005
13669 0006
13669 0007
13669 0008
13669 0009
13669 0010
13669 0011
13669 0012
13669 0013
13669 0014
13669 0015
13669 0016
13669 0017
13669 0018
13669 0019
13669 0020
13669 0021
13679 0000
13679 0001
13679 0002
13679 0003
13679 0004
13679 0005
13679 0006
13679 0007
13679 0008
13679 0009
13679 0010
13679 0011
13679 0012
13679 0013
13679 0014
13679 0015
13684 0000
13684 0001
13684 0002
13684 0003
13684 0004
13684 0005
13684 0006
13684 0007
13684 0008
13684 0009
13684 0010
13684 0011
13684 0012
13684 0013
13684 0014
13684 0015
13684 0016
13684 0017
13684 0018
13684 0019
13684 0020
13684 0021
13684 0022
13684 0023
13684 0024
13684 0025
13684 0026
13690 0000
13690 0001
13690 0002
13690 0003
13690 0004
13690 0005
13690 0006
13690 0007
13690 0008
13690 0009
13690 0010
13690 0011
13690 0012
13690 0013
13690 0014
13690 0015
13690 0016
13694 0000
13694 0001
13694 0002
13694 0003
13694 0004
13694 0005
13694 0006
13694 0007
13694 0008
13694 0009
13694 0010
13694 0011
13694 0012
13694 0013
13694 0014
13694 0015
13694 0016
13694 0017
13694 0018
13694 0019
13694 0020
13694 0021
13694 0022
13697 0000
13697 0001
13697 0002
13697 0003
13697 0004
13697 0005
13697 0006
13697 0007
13697 0008
13697 0009
13697 0010
13697 0011
13697 0012
13697 0013
13697 0014
13697 0015
13697 0016
13706 0000
13706 0001
13706 0002
13706 0003
13706 0004
13706 0005
13706 0006
13706 0007
13706 0008
13706 0009
13706 0010
13706 0011
13706 0012
13706 0013
13706 0014
13706 0015
13706 0016
13706 0017
13706 0018
13706 0019
13706 0020
13706 0021
13706 0022
13708 0000
13708 0001
13708 0002
13708 0003
13708 0004
13708 0005
13708 0006
13708 0007
13708 0008
13708 0009
13708 0010
13708 0011
13708 0012
13708 0013
13708 0014
13708 0015
13708 0016
13708 0017
13708 0018
13708 0019
13708 0020
13708 0021
13708 0022
13708 0023
13708 0024
13708 0025
13708 0026
13708 0027
13708 0028
13708 0029
13708 0030
13709 0000
13709 0001
13709 0002
13709 0003
13709 0004
13709 0005
13709 0006
13709 0007
13709 0008
13709 0009
13709 0010
13709 0011
13709 0012
13709 0013
13709 0014
13709 0015
13709 0016
13709 0017
13709 0018
13709 0019
13710 0000
13710 0001
13710 0002
13710 0003
13710 0004
13710 0005
13710 0006
13710 0007
13710 0008
13710 0009
13710 0010
13710 0011
13710 0012
13710 0013
13710 0014
13710 0015
13710 0016
13710 0017
13710 0018
13710 0019
13710 0020
13710 0021
13710 0022
13710 0023
13710 0024
13710 0025
13710 0026
13713 0000
13713 0001
13713 0002
13713 0003
13713 0004
13713 0005
13713 0006
13713 0007
13713 0008
13713 0009
13713 0010
13713 0011
13713 0012
13713 0013
13713 0014
13729 0000
13729 0001
13729 0002
13729 0003
13729 0004
13729 0005
13729 0006
13729 0007
13729 0008
13729 0009
13729 0010
13729 0011
13729 0012
13729 0013
13729 0014
13729 0015
13729 0016
13729 0017
13729 0018
13729 0019
13729 0020
13729 0021
13729 0022
13729 0023
13729 0024
13732 0000
13732 0001
13732 0002
13732 0003
13732 0004
13732 0005
13732 0006
13732 0007
13732 0008
13732 0009
13732 0010
13732 0011
13732 0012
13732 0013
13732 0014
13732 0015
13736 0000
13736 0001
13736 0002
13736 0003
13736 0004
13736 0005
13736 0006
13736 0007
13736 0008
13736 0009
13736 0010
13736 0011
13736 0012
13736 0013
13736 0014
13736 0015
13736 0016
13736 0017
13736 0018
13736 0019
13736 0020
13736 0021
13749 0000
13749 0001
13749 0002
13749 0003
13749 0004
13749 0005
13749 0006
13749 0007
13749 0008
13749 0009
13749 0010
13749 0011
13749 0012
13749 0013
13749 0014
13749 0015
13749 0016
13749 0017
13749 0018
13749 0019
13749 0020
13749 0021
13749 0022
13749 0023
13749 0024
13749 0025
13749 0026
13749 0027
13752 0000
13752 0001
13752 0002
13752 0003
13752 0004
13752 0005
13752 0006
13752 0007
13752 0008
13752 0009
13752 0010
13752 0011
13752 0012
13752 0013
13752 0014
13752 0015
13752 0016
13752 0017
13752 0018
13752 0019
13752 0020
13752 0021
13752 0022
13752 0023
13752 0024
13753 0000
13753 0001
13753 0002
13753 0003
13753 0004
13753 0005
13753 0006
13753 0007
13753 0008
13753 0009
13753 0010
13753 0011
13753 0012
13753 0013
13753 0014
13753 0015
13753 0016
13753 0017
13753 0018
13753 0019
13753 0020
13757 0000
13757 0001
13757 0002
13757 0003
13757 0004
13757 0005
13757 0006
13757 0007
13757 0008
13757 0009
13757 0010
13757 0011
13757 0012
13757 0013
13757 0014
13757 0015
13757 0016
13757 0017
13757 0018
13757 0019
13757 0020
13757 0021
13757 0022
13761 0000
13761 0001
13761 0002
13761 0003
13761 0004
13761 0005
13761 0006
13761 0007
13761 0008
13761 0009
13761 0010
13761 0011
13761 0012
13761 0013
13761 0014
13761 0015
13761 0016
13761 0017
13761 0018
13761 0019
13761 0020
13765 0000
13765 0001
13765 0002
13765 0003
13765 0004
13765 0005
13765 0006
13765 0007
13765 0008
13765 0009
13765 0010
13765 0011
13765 0012
13765 0013
13765 0014
13765 0015
13765 0016
13765 0017
13765 0018
13765 0019
13765 0020
13765 0021
13765 0022
13765 0023
13767 0000
13767 0001
13767 0002
13767 0003
13767 0004
13767 0005
13767 0006
13767 0007
13767 0008
13767 0009
13767 0010
13767 0011
13767 0012
13770 0000
13770 0001
13770 0002
13770 0003
13770 0004
13770 0005
13770 0006
13770 0007
13770 0008
13770 0009
13770 0010
13770 0011
13770 0012
13770 0013
13770 0014
13770 0015
13770 0016
13770 0017
13770 0018
13770 0019
13770 0020
13770 0021
13770 0022
13770 0023
13770 0024
13770 0025
13770 0026
13770 0027
13770 0028
13770 0029
13778 0000
13778 0001
13778 0002
13778 0003
13778 0004
13778 0005
13778 0006
13778 0007
13778 0008
13778 0009
13778 0010
13778 0011
13778 0012
13778 0013
13778 0014
13778 0015
13778 0016
13782 0000
13782 0001
13782 0002
13782 0003
13782 0004
13782 0005
13782 0006
13782 0007
13782 0008
13782 0009
13782 0010
13782 0011
13782 0012
13782 0013
13782 0014
13782 0015
13782 0016
13795 0000
13795 0001
13795 0002
13795 0003
13795 0004
13795 0005
13795 0006
13795 0007
13795 0008
13795 0009
13795 0010
13795 0011
13795 0012
13795 0013
13795 0014
13795 0015
13795 0016
13795 0017
13795 0018
13798 0000
13798 0001
13798 0002
13798 0003
13798 0004
13798 0005
13798 0006
13798 0007
13798 0008
13798 0009
13798 0010
13798 0011
13798 0012
13798 0013
13798 0014
13798 0015
13798 0016
13798 0017
13798 0018
13798 0019
13798 0020
13798 0021
13798 0022
13798 0023
13798 0024
13798 0025
13798 0026
13798 0027
13798 0028
13798 0029
13798 0030
13804 0000
13804 0001
13804 0002
13804 0003
13804 0004
13804 0005
13804 0006
13804 0007
13804 0008
13804 0009
13804 0010
13804 0011
13804 0012
13804 0013
13804 0014
13804 0015
13804 0016
13804 0017
13804 0018
13804 0019
13804 0020
13813 0000
13813 0001
13813 0002
13813 0003
13813 0004
13813 0005
13813 0006
13813 0007
13813 0008
13813 0009
13813 0010
13813 0011
13813 0012
13813 0013
13813 0014
13813 0015
13813 0016
13813 0017
13813 0018
13813 0019
13813 0020
13813 0021
13813 0022
13813 0023
13813 0024
13813 0025
13818 0000
13818 0001
13818 0002
13818 0003
13818 0004
13818 0005
13818 0006
13818 0007
13818 0008
13818 0009
13818 0010
13818 0011
13818 0012
13818 0013
13818 0014
13818 0015
13818 0016
13818 0017
13818 0018
13818 0019
13818 0020
13818 0021
13826 0000
13826 0001
13826 0002
13826 0003
13826 0004
13826 0005
13826 0006
13826 0007
13826 0008
13826 0009
13826 0010
13826 0011
13826 0012
13826 0013
13826 0014
13826 0015
13826 0016
13826 0017
13826 0018
13826 0019
13826 0020
13826 0021
13826 0022
13826 0023
13826 0024
13828 0000
13828 0001
13828 0002
13828 0003
13828 0004
13828 0005
13828 0006
13828 0007
13828 0008
13828 0009
13828 0010
13828 0011
13828 0012
13828 0013
13828 0014
13828 0015
13828 0016
13828 0017
13828 0018
13828 0019
13828 0020
13828 0021
13828 0022
13828 0023
13828 0024
13828 0025
13828 0026
13828 0027
13828 0028
13828 0029
13828 0030
13828 0031
13828 0032
13829 0000
13829 0001
13829 0002
13829 0003
13829 0004
13829 0005
13829 0006
13829 0007
13829 0008
13829 0009
13829 0010
13829 0011
13829 0012
13829 0013
13829 0014
13829 0015
13829 0016
13829 0017
13829 0018
13829 0019
13829 0020
13829 0021
13830 0000
13830 0001
13830 0002
13830 0003
13830 0004
13830 0005
13830 0006
13830 0007
13830 0008
13830 0009
13830 0010
13830 0011
13830 0012
13830 0013
13830 0014
13830 0015
13830 0016
13830 0017
13830 0018
13830 0019
13830 0020
13830 0021
13830 0022
13830 0023
13830 0024
13833 0000
13833 0001
13833 0002
13833 0003
13833 0004
13833 0005
13833 0006
13833 0007
13833 0008
13833 0009
13833 0010
13833 0011
13833 0012
13833 0013
13833 0014
13833 0015
13833 0016
13833 0017
13843 0000
13843 0001
13843 0002
13843 0003
13843 0004
13843 0005
13843 0006
13843 0007
13843 0008
13843 0009
13843 0010
13843 0011
13843 0012
13843 0013
13843 0014
13843 0015
13843 0016
13843 0017
13843 0018
13843 0019
13847 0000
13847 0001
13847 0002
13847 0003
13847 0004
13847 0005
13847 0006
13847 0007
13847 0008
13847 0009
13847 0010
13847 0011
13847 0012
13847 0013
13847 0014
13847 0015
13847 0016
13847 0017
13847 0018
13847 0019
13850 0000
13850 0001
13850 0002
13850 0003
13850 0004
13850 0005
13850 0006
13850 0007
13850 0008
13850 0009
13850 0010
13850 0011
13850 0012
13850 0013
13850 0014
13850 0015
13850 0016
13850 0017
13850 0018
13850 0019
13850 0020
13858 0000
13858 0001
13858 0002
13858 0003
13858 0004
13858 0005
13858 0006
13858 0007
13858 0008
13858 0009
13858 0010
13858 0011
13858 0012
13858 0013
13858 0014
13858 0015
13858 0016
13863 0000
13863 0001
13863 0002
13863 0003
13863 0004
13863 0005
13863 0006
13863 0007
13863 0008
13863 0009
13863 0010
13863 0011
13863 0012
13863 0013
13863 0014
13863 0015
13867 0000
13867 0001
13867 0002
13867 0003
13867 0004
13867 0005
13867 0006
13867 0007
13867 0008
13867 0009
13867 0010
13867 0011
13867 0012
13867 0013
13867 0014
13867 0015
13867 0016
13867 0017
13867 0018
13867 0019
13867 0020
13867 0021
13867 0022
13867 0023
13867 0024
13867 0025
13867 0026
13871 0000
13871 0001
13871 0002
13871 0003
13871 0004
13871 0005
13871 0006
13871 0007
13871 0008
13871 0009
13871 0010
13871 0011
13871 0012
13871 0013
13871 0014
13871 0015
13871 0016
13871 0017
13871 0018
13871 0019
13873 0000
13873 0001
13873 0002
13873 0003
13873 0004
13873 0005
13873 0006
13873 0007
13873 0008
13873 0009
13873 0010
13873 0011
13873 0012
13873 0013
13877 0000
13877 0001
13877 0002
13877 0003
13877 0004
13877 0005
13877 0006
13877 0007
13877 0008
13877 0009
13877 0010
13877 0011
13877 0012
13877 0013
13877 0014
13877 0015
13877 0016
13877 0017
13877 0018
13877 0019
13877 0020
13877 0021
13877 0022
13879 0000
13879 0001
13879 0002
13879 0003
13879 0004
13879 0005
13879 0006
13879 0007
13879 0008
13879 0009
13879 0010
13879 0011
13879 0012
13879 0013
13879 0014
13879 0015
13879 0016
13879 0017
13879 0018
13879 0019
13879 0020
13884 0000
13884 0001
13884 0002
13884 0003
13884 0004
13884 0005
13884 0006
13884 0007
13884 0008
13884 0009
13884 0010
13884 0011
13884 0012
13884 0013
13884 0014
13884 0015
13884 0016
13884 0017
13884 0018
13884 0019
13884 0020
13884 0021
13884 0022
13884 0023
13884 0024
13884 0025
13887 0000
13887 0001
13887 0002
13887 0003
13887 0004
13887 0005
13887 0006
13887 0007
13887 0008
13887 0009
13887 0010
13887 0011
13887 0012
13887 0013
13887 0014
13887 0015
13887 0016
13887 0017
13887 0018
13887 0019
13887 0020
13887 0021
13887 0022
13887 0023
13887 0024
13887 0025
13887 0026
13887 0027
13887 0028
13887 0029
13891 0000
13891 0001
13891 0002
13891 0003
13891 0004
13891 0005
13891 0006
13891 0007
13891 0008
13891 0009
13891 0010
13891 0011
13891 0012
13891 0013
13891 0014
13891 0015
13891 0016
13891 0017
13891 0018
13891 0019
13891 0020
13891 0021
13891 0022
13891 0023
13891 0024
13891 0025
13891 0026
13891 0027
13891 0028
13891 0029
13891 0030
13893 0000
13893 0001
13893 0002
13893 0003
13893 0004
13893 0005
13893 0006
13893 0007
13893 0008
13893 0009
13893 0010
13893 0011
13893 0012
13893 0013
13893 0014
13893 0015
13893 0016
13893 0017
13893 0018
13893 0019
13893 0020
13893 0021
13893 0022
13893 0023
13893 0024
13896 0000
13896 0001
13896 0002
13896 0003
13896 0004
13896 0005
13896 0006
13896 0007
13896 0008
13896 0009
13896 0010
13896 0011
13896 0012
13896 0013
13896 0014
13896 0015
13896 0016
13896 0017
13896 0018
13896 0019
13896 0020
13896 0021
13896 0022
13897 0000
13897 0001
13897 0002
13897 0003
13897 0004
13897 0005
13897 0006
13897 0007
13897 0008
13897 0009
13897 0010
13897 0011
13897 0012
13897 0013
13897 0014
13897 0015
13897 0016
13897 0017
13897 0018
13897 0019
13897 0020
13902 0000
13902 0001
13902 0002
13902 0003
13902 0004
13902 0005
13902 0006
13902 0007
13902 0008
13902 0009
13902 0010
13902 0011
13902 0012
13902 0013
13902 0014
13902 0015
13902 0016
13902 0017
13902 0018
13902 0019
13902 0020
13902 0021
13902 0022
13902 0023
13906 0000
13906 0001
13906 0002
13906 0003
13906 0004
13906 0005
13906 0006
13906 0007
13906 0008
13906 0009
13906 0010
13906 0011
13906 0012
13906 0013
13906 0014
13906 0015
13906 0016
13906 0017
13906 0018
13906 0019
13906 0020
13906 0021
13908 0000
13908 0001
13908 0002
13908 0003
13908 0004
13908 0005
13908 0006
13908 0007
13908 0008
13908 0009
13908 0010
13908 0011
13908 0012
13908 0013
13908 0014
13908 0015
13908 0016
13908 0017
13908 0018
13908 0019
13908 0020
13908 0021
13908 0022
13908 0023
13909 0000
13909 0001
13909 0002
13909 0003
13909 0004
13909 0005
13909 0006
13909 0007
13909 0008
13909 0009
13909 0010
13909 0011
13909 0012
13909 0013
13909 0014
13909 0015
13909 0016
13909 0017
13909 0018
13909 0019
13909 0020
13909 0021
13909 0022
13910 0000
13910 0001
13910 0002
13910 0003
13910 0004
13910 0005
13910 0006
13910 0007
13910 0008
13910 0009
13910 0010
13910 0011
13910 0012
13910 0013
13910 0014
13910 0015
13910 0016
13910 0017
13910 0018
13910 0019
13910 0020
13910 0021
13910 0022
13910 0023
13910 0024
13912 0000
13912 0001
13912 0002
13912 0003
13912 0004
13912 0005
13912 0006
13912 0007
13912 0008
13912 0009
13912 0010
13912 0011
13912 0012
13912 0013
13912 0014
13915 0000
13915 0001
13915 0002
13915 0003
13915 0004
13915 0005
13915 0006
13915 0007
13915 0008
13915 0009
13915 0010
13915 0011
13915 0012
13915 0013
13915 0014
13915 0015
13915 0016
13915 0017
13916 0000
13916 0001
13916 0002
13916 0003
13916 0004
13916 0005
13916 0006
13916 0007
13916 0008
13916 0009
13916 0010
13916 0011
13916 0012
13916 0013
13916 0014
13916 0015
13916 0016
13916 0017
13916 0018
13916 0019
13916 0020
13916 0021
13916 0022
13916 0023
13916 0024
13917 0000
13917 0001
13917 0002
13917 0003
13917 0004
13917 0005
13917 0006
13917 0007
13917 0008
13917 0009
13917 0010
13917 0011
13917 0012
13917 0013
13917 0014
13917 0015
13917 0016
13917 0017
13917 0018
13917 0019
13917 0020
13917 0021
13917 0022
13917 0023
13917 0024
13923 0000
13923 0001
13923 0002
13923 0003
13923 0004
13923 0005
13923 0006
13923 0007
13923 0008
13923 0009
13923 0010
13923 0011
13923 0012
13923 0013
13923 0014
13923 0015
13923 0016
13923 0017
13923 0018
13923 0019
13923 0020
13923 0021
13923 0022
13923 0023
13923 0024
13923 0025
13923 0026
13923 0027
13923 0028
13923 0029
13924 0000
13924 0001
13924 0002
13924 0003
13924 0004
13924 0005
13924 0006
13924 0007
13924 0008
13924 0009
13924 0010
13924 0011
13924 0012
13924 0013
13924 0014
13924 0015
13924 0016
13924 0017
13924 0018
13924 0019
13925 0000
13925 0001
13925 0002
13925 0003
13925 0004
13925 0005
13925 0006
13925 0007
13925 0008
13925 0009
13925 0010
13925 0011
13925 0012
13925 0013
13925 0014
13925 0015
13926 0000
13926 0001
13926 0002
13926 0003
13926 0004
13926 0005
13926 0006
13926 0007
13926 0008
13926 0009
13926 0010
13926 0011
13926 0012
13926 0013
13926 0014
13926 0015
13926 0016
13926 0017
13926 0018
13926 0019
13926 0020
13926 0021
13928 0000
13928 0001
13928 0002
13928 0003
13928 0004
13928 0005
13928 0006
13928 0007
13928 0008
13928 0009
13928 0010
13928 0011
13928 0012
13931 0000
13931 0001
13931 0002
13931 0003
13931 0004
13931 0005
13931 0006
13931 0007
13931 0008
13931 0009
13931 0010
13931 0011
13931 0012
13931 0013
13931 0014
13931 0015
13931 0016
13931 0017
13931 0018
13931 0019
13931 0020
13931 0021
13931 0022
13931 0023
13931 0024
13931 0025
13931 0026
13931 0027
13931 0028
13931 0029
13936 0000
13936 0001
13936 0002
13936 0003
13936 0004
13936 0005
13936 0006
13936 0007
13936 0008
13936 0009
13936 0010
13936 0011
13936 0012
13936 0013
13936 0014
13936 0015
13936 0016
13936 0017
13936 0018
13940 0000
13940 0001
13940 0002
13940 0003
13940 0004
13940 0005
13940 0006
13940 0007
13940 0008
13940 0009
13940 0010
13940 0011
13940 0012
13946 0000
13946 0001
13946 0002
13946 0003
13946 0004
13946 0005
13946 0006
13946 0007
13946 0008
13946 0009
13946 0010
13946 0011
13946 0012
13946 0013
13946 0014
13946 0015
13946 0016
13946 0017
13946 0018
13949 0000
13949 0001
13949 0002
13949 0003
13949 0004
13949 0005
13949 0006
13949 0007
13949 0008
13949 0009
13949 0010
13949 0011
13949 0012
13949 0013
13949 0014
13957 0000
13957 0001
13957 0002
13957 0003
13957 0004
13957 0005
13957 0006
13957 0007
13957 0008
13957 0009
13957 0010
13957 0011
13961 0000
13961 0001
13961 0002
13961 0003
13961 0004
13961 0005
13961 0006
13961 0007
13961 0008
13961 0009
13961 0010
13961 0011
13961 0012
13961 0013
13961 0014
13961 0015
13961 0016
13961 0017
13961 0018
13961 0019
13961 0020
13961 0021
13961 0022
13961 0023
13961 0024
13961 0025
13961 0026
13961 0027
13961 0028
13961 0029
13961 0030
13961 0031
13961 0032
13962 0000
13962 0001
13962 0002
13962 0003
13962 0004
13962 0005
13962 0006
13962 0007
13962 0008
13962 0009
13962 0010
13962 0011
13962 0012
13962 0013
13962 0014
13962 0015
13962 0016
13962 0017
13962 0018
13962 0019
13977 0000
13977 0001
13977 0002
13977 0003
13977 0004
13977 0005
13977 0006
13977 0007
13977 0008
13977 0009
13977 0010
13977 0011
13977 0012
13977 0013
13977 0014
13977 0015
13977 0016
13977 0017
13977 0018
13977 0019
13977 0020
13977 0021
13982 0000
13982 0001
13982 0002
13982 0003
13982 0004
13982 0005
13982 0006
13982 0007
13982 0008
13982 0009
13982 0010
13982 0011
13982 0012
13982 0013
13982 0014
13982 0015
13982 0016
13982 0017
13982 0018
13982 0019
13988 0000
13988 0001
13988 0002
13988 0003
13988 0004
13988 0005
13988 0006
13988 0007
13988 0008
13988 0009
13988 0010
13988 0011
13988 0012
13988 0013
13988 0014
13988 0015
13988 0016
13988 0017
13988 0018
13988 0019
13988 0020
13990 0000
13990 0001
13990 0002
13990 0003
13990 0004
13990 0005
13990 0006
13990 0007
13990 0008
13990 0009
13990 0010
13990 0011
13990 0012
13990 0013
13990 0014
13990 0015
13991 0000
13991 0001
13991 0002
13991 0003
13991 0004
13991 0005
13991 0006
13991 0007
13991 0008
13991 0009
13991 0010
13991 0011
13991 0012
13991 0013
13991 0014
13991 0015
13991 0016
13991 0017
13991 0018
13991 0019
13991 0020
13991 0021
13991 0022
14002 0000
14002 0001
14002 0002
14002 0003
14002 0004
14002 0005
14002 0006
14002 0007
14002 0008
14002 0009
14002 0010
14002 0011
14002 0012
14002 0013
14002 0014
14002 0015
14002 0016
14002 0017
14002 0018
14002 0019
14002 0020
14006 0000
14006 0001
14006 0002
14006 0003
14006 0004
14006 0005
14006 0006
14006 0007
14006 0008
14006 0009
14006 0010
14006 0011
14006 0012
14006 0013
14008 0000
14008 0001
14008 0002
14008 0003
14008 0004
14008 0005
14008 0006
14008 0007
14008 0008
14008 0009
14008 0010
14008 0011
14008 0012
14008 0013
14008 0014
14008 0015
14008 0016
14008 0017
14008 0018
14008 0019
14008 0020
14008 0021
14016 0000
14016 0001
14016 0002
14016 0003
14016 0004
14016 0005
14016 0006
14016 0007
14016 0008
14016 0009
14016 0010
14016 0011
14016 0012
14016 0013
14016 0014
14016 0015
14016 0016
14016 0017
14016 0018
14016 0019
14016 0020
14016 0021
14016 0022
14016 0023
14016 0024
14016 0025
14016 0026
14016 0027
14016 0028
14016 0029
14016 0030
14016 0031
14016 0032
14021 0000
14021 0001
14021 0002
14021 0003
14021 0004
14021 0005
14021 0006
14021 0007
14021 0008
14021 0009
14021 0010
14021 0011
14021 0012
14021 0013
14021 0014
14021 0015
14021 0016
14025 0000
14025 0001
14025 0002
14025 0003
14025 0004
14025 0005
14025 0006
14025 0007
14025 0008
14025 0009
14025 0010
14025 0011
14025 0012
14025 0013
14033 0000
14033 0001
14033 0002
14033 0003
14033 0004
14033 0005
14033 0006
14033 0007
14033 0008
14033 0009
14033 0010
14033 0011
14033 0012
14033 0013
14033 0014
14033 0015
14033 0016
14033 0017
14033 0018
14033 0019
14033 0020
14033 0021
14035 0000
14035 0001
14035 0002
14035 0003
14035 0004
14035 0005
14035 0006
14035 0007
14035 0008
14035 0009
14035 0010
14035 0011
14035 0012
14035 0013
14035 0014
14035 0015
14035 0016
14035 0017
14035 0018
14035 0019
14035 0020
14035 0021
14035 0022
14035 0023
14042 0000
14042 0001
14042 0002
14042 0003
14042 0004
14042 0005
14042 0006
14042 0007
14042 0008
14042 0009
14042 0010
14042 0011
14042 0012
14042 0013
14042 0014
14042 0015
14042 0016
14042 0017
14042 0018
14043 0000
14043 0001
14043 0002
14043 0003
14043 0004
14043 0005
14043 0006
14043 0007
14043 0008
14043 0009
14043 0010
14043 0011
14043 0012
14043 0013
14043 0014
14043 0015
14043 0016
14043 0017
14043 0018
14044 0000
14044 0001
14044 0002
14044 0003
14044 0004
14044 0005
14044 0006
14044 0007
14044 0008
14044 0009
14044 0010
14044 0011
14044 0012
14044 0013
14044 0014
14044 0015
14044 0016
14044 0017
14044 0018
14044 0019
14044 0020
14044 0021
14047 0000
14047 0001
14047 0002
14047 0003
14047 0004
14047 0005
14047 0006
14047 0007
14047 0008
14047 0009
14047 0010
14047 0011
14047 0012
14047 0013
14048 0000
14048 0001
14048 0002
14048 0003
14048 0004
14048 0005
14048 0006
14048 0007
14048 0008
14048 0009
14048 0010
14048 0011
14048 0012
14048 0013
14048 0014
14048 0015
14048 0016
14048 0017
14048 0018
14048 0019
14056 0000
14056 0001
14056 0002
14056 0003
14056 0004
14056 0005
14056 0006
14056 0007
14056 0008
14056 0009
14056 0010
14056 0011
14056 0012
14056 0013
14056 0014
14056 0015
14056 0016
14056 0017
14056 0018
14056 0019
14056 0020
14056 0021
14056 0022
14057 0000
14057 0001
14057 0002
14057 0003
14057 0004
14057 0005
14057 0006
14057 0007
14057 0008
14057 0009
14057 0010
14057 0011
14057 0012
14057 0013
14057 0014
14057 0015
14057 0016
14057 0017
14057 0018
14057 0019
14057 0020
14057 0021
14057 0022
14057 0023
14057 0024
14057 0025
14057 0026
14057 0027
14058 0000
14058 0001
14058 0002
14058 0003
14058 0004
14058 0005
14058 0006
14058 0007
14058 0008
14058 0009
14058 0010
14058 0011
14058 0012
14058 0013
14058 0014
14058 0015
14058 0016
14058 0017
14058 0018
14058 0019
14058 0020
14058 0021
14058 0022
14064 0000
14064 0001
14064 0002
14064 0003
14064 0004
14064 0005
14064 0006
14064 0007
14064 0008
14064 0009
14064 0010
14064 0011
14064 0012
14064 0013
14064 0014
14064 0015
14064 0016
14064 0017
14064 0018
14064 0019
14064 0020
14064 0021
14064 0022
14064 0023
14066 0000
14066 0001
14066 0002
14066 0003
14066 0004
14066 0005
14066 0006
14066 0007
14066 0008
14066 0009
14066 0010
14066 0011
14066 0012
14066 0013
14066 0014
14066 0015
14066 0016
14066 0017
14066 0018
14066 0019
14066 0020
14066 0021
14066 0022
14066 0023
14066 0024
14066 0025
14066 0026
14066 0027
14066 0028
14066 0029
14066 0030
14070 0000
14070 0001
14070 0002
14070 0003
14070 0004
14070 0005
14070 0006
14070 0007
14070 0008
14070 0009
14070 0010
14070 0011
14070 0012
14076 0000
14076 0001
14076 0002
14076 0003
14076 0004
14076 0005
14076 0006
14076 0007
14076 0008
14076 0009
14076 0010
14076 0011
14076 0012
14076 0013
14076 0014
14076 0015
14076 0016
14077 0000
14077 0001
14077 0002
14077 0003
14077 0004
14077 0005
14077 0006
14077 0007
14077 0008
14077 0009
14077 0010
14077 0011
14077 0012
14077 0013
14077 0014
14077 0015
14077 0016
14077 0017
14077 0018
14077 0019
14077 0020
14077 0021
14077 0022
14081 0000
14081 0001
14081 0002
14081 0003
14081 0004
14081 0005
14081 0006
14081 0007
14081 0008
14081 0009
14081 0010
14081 0011
14081 0012
14081 0013
14081 0014
14081 0015
14081 0016
14081 0017
14081 0018
14082 0000
14082 0001
14082 0002
14082 0003
14082 0004
14082 0005
14082 0006
14082 0007
14082 0008
14082 0009
14082 0010
14082 0011
14082 0012
14082 0013
14082 0014
14082 0015
14082 0016
14082 0017
14082 0018
14082 0019
14082 0020
14082 0021
14082 0022
14082 0023
14082 0024
14083 0000
14083 0001
14083 0002
14083 0003
14083 0004
14083 0005
14083 0006
14083 0007
14083 0008
14083 0009
14083 0010
14083 0011
14083 0012
14083 0013
14083 0014
14083 0015
14083 0016
14083 0017
14083 0018
14083 0019
14083 0020
14083 0021
14083 0022
14083 0023
14089 0000
14089 0001
14089 0002
14089 0003
14089 0004
14089 0005
14089 0006
14089 0007
14089 0008
14089 0009
14089 0010
14089 0011
14089 0012
14089 0013
14089 0014
14089 0015
14089 0016
14089 0017
14089 0018
14089 0019
14090 0000
14090 0001
14090 0002
14090 0003
14090 0004
14090 0005
14090 0006
14090 0007
14090 0008
14090 0009
14090 0010
14090 0011
14090 0012
14090 0013
14090 0014
14090 0015
14090 0016
14095 0000
14095 0001
14095 0002
14095 0003
14095 0004
14095 0005
14095 0006
14095 0007
14095 0008
14095 0009
14095 0010
14095 0011
14095 0012
14095 0013
14095 0014
14095 0015
14095 0016
14095 0017
14095 0018
14095 0019
14095 0020
14095 0021
14095 0022
14095 0023
14097 0000
14097 0001
14097 0002
14097 0003
14097 0004
14097 0005
14097 0006
14097 0007
14097 0008
14097 0009
14097 0010
14097 0011
14097 0012
14097 0013
14097 0014
14097 0015
14099 0000
14099 0001
14099 0002
14099 0003
14099 0004
14099 0005
14099 0006
14099 0007
14099 0008
14099 0009
14099 0010
14099 0011
14099 0012
14099 0013
14099 0014
14099 0015
14099 0016
14099 0017
14099 0018
14099 0019
14099 0020
14099 0021
14099 0022
14099 0023
14099 0024
14099 0025
14099 0026
14104 0000
14104 0001
14104 0002
14104 0003
14104 0004
14104 0005
14104 0006
14104 0007
14104 0008
14104 0009
14104 0010
14104 0011
14104 0012
14104 0013
14104 0014
14104 0015
14104 0016
14104 0017
14104 0018
14104 0019
14105 0000
14105 0001
14105 0002
14105 0003
14105 0004
14105 0005
14105 0006
14105 0007
14105 0008
14105 0009
14105 0010
14105 0011
14105 0012
14105 0013
14105 0014
14105 0015
14105 0016
14105 0017
14105 0018
14105 0019
14105 0020
14105 0021
14105 0022
14105 0023
14110 0000
14110 0001
14110 0002
14110 0003
14110 0004
14110 0005
14110 0006
14110 0007
14110 0008
14110 0009
14110 0010
14110 0011
14110 0012
14110 0013
14110 0014
14110 0015
14111 0000
14111 0001
14111 0002
14111 0003
14111 0004
14111 0005
14111 0006
14111 0007
14111 0008
14111 0009
14111 0010
14111 0011
14111 0012
14111 0013
14111 0014
14111 0015
14111 0016
14111 0017
14111 0018
14111 0019
14111 0020
14111 0021
14113 0000
14113 0001
14113 0002
14113 0003
14113 0004
14113 0005
14113 0006
14113 0007
14113 0008
14113 0009
14113 0010
14113 0011
14113 0012
14113 0013
14113 0014
14113 0015
14113 0016
14113 0017
14113 0018
14113 0019
14113 0020
14113 0021
14113 0022
14113 0023
14113 0024
14113 0025
14113 0026
14113 0027
14115 0000
14115 0001
14115 0002
14115 0003
14115 0004
14115 0005
14115 0006
14115 0007
14115 0008
14115 0009
14115 0010
14115 0011
14115 0012
14115 0013
14115 0014
14115 0015
14115 0016
14124 0000
14124 0001
14124 0002
14124 0003
14124 0004
14124 0005
14124 0006
14124 0007
14124 0008
14124 0009
14124 0010
14124 0011
14124 0012
14124 0013
14124 0014
14124 0015
14124 0016
14124 0017
14124 0018
14124 0019
14124 0020
14124 0021
14124 0022
14124 0023
14124 0024
14124 0025
14124 0026
14124 0027
14124 0028
14124 0029
14128 0000
14128 0001
14128 0002
14128 0003
14128 0004
14128 0005
14128 0006
14128 0007
14128 0008
14128 0009
14128 0010
14128 0011
14128 0012
14128 0013
14128 0014
14128 0015
14128 0016
14128 0017
14128 0018
14128 0019
14128 0020
14128 0021
14128 0022
14128 0023
14128 0024
14128 0025
14128 0026
14128 0027
14128 0028
14128 0029
14133 0000
14133 0001
14133 0002
14133 0003
14133 0004
14133 0005
14133 0006
14133 0007
14133 0008
14133 0009
14133 0010
14133 0011
14133 0012
14133 0013
14133 0014
14134 0000
14134 0001
14134 0002
14134 0003
14134 0004
14134 0005
14134 0006
14134 0007
14134 0008
14134 0009
14134 0010
14134 0011
14134 0012
14134 0013
14134 0014
14134 0015
14134 0016
14134 0017
14134 0018
14134 0019
14134 0020
14134 0021
14134 0022
14134 0023
14134 0024
14134 0025
14134 0026
14134 0027
14137 0000
14137 0001
14137 0002
14137 0003
14137 0004
14137 0005
14137 0006
14137 0007
14137 0008
14137 0009
14137 0010
14137 0011
14137 0012
14137 0013
14137 0014
14137 0015
14137 0016
14137 0017
14137 0018
14137 0019
14137 0020
14137 0021
14137 0022
14137 0023
14137 0024
14137 0025
14137 0026
14137 0027
14137 0028
14137 0029
14137 0030
14137 0031
14137 0032
14142 0000
14142 0001
14142 0002
14142 0003
14142 0004
14142 0005
14142 0006
14142 0007
14142 0008
14142 0009
14142 0010
14142 0011
14142 0012
14142 0013
14142 0014
14142 0015
14142 0016
14142 0017
14142 0018
14142 0019
14142 0020
14142 0021
14142 0022
14142 0023
14145 0000
14145 0001
14145 0002
14145 0003
14145 0004
14145 0005
14145 0006
14145 0007
14145 0008
14145 0009
14145 0010
14145 0011
14145 0012
14145 0013
14145 0014
14145 0015
14145 0016
14145 0017
14149 0000
14149 0001
14149 0002
14149 0003
14149 0004
14149 0005
14149 0006
14149 0007
14149 0008
14149 0009
14149 0010
14149 0011
14149 0012
14149 0013
14149 0014
14149 0015
14149 0016
14149 0017
14149 0018
14149 0019
14149 0020
14150 0000
14150 0001
14150 0002
14150 0003
14150 0004
14150 0005
14150 0006
14150 0007
14150 0008
14150 0009
14150 0010
14150 0011
14150 0012
14150 0013
14150 0014
14150 0015
14150 0016
14150 0017
14150 0018
14150 0019
14150 0020
14150 0021
14150 0022
14155 0000
14155 0001
14155 0002
14155 0003
14155 0004
14155 0005
14155 0006
14155 0007
14155 0008
14155 0009
14155 0010
14155 0011
14155 0012
14155 0013
14155 0014
14155 0015
14155 0016
14155 0017
14155 0018
14155 0019
14155 0020
14155 0021
14155 0022
14155 0023
14155 0024
14155 0025
14155 0026
14155 0027
14155 0028
14155 0029
14155 0030
14161 0000
14161 0001
14161 0002
14161 0003
14161 0004
14161 0005
14161 0006
14161 0007
14161 0008
14161 0009
14161 0010
14161 0011
14161 0012
14161 0013
14161 0014
14161 0015
14161 0016
14161 0017
14161 0018
14161 0019
14161 0020
14161 0021
14161 0022
14161 0023
14165 0000
14165 0001
14165 0002
14165 0003
14165 0004
14165 0005
14165 0006
14165 0007
14165 0008
14165 0009
14165 0010
14165 0011
14165 0012
14165 0013
14165 0014
14165 0015
14165 0016
14165 0017
14165 0018
14165 0019
14165 0020
14165 0021
14165 0022
14165 0023
14165 0024
14165 0025
14165 0026
14165 0027
14170 0000
14170 0001
14170 0002
14170 0003
14170 0004
14170 0005
14170 0006
14170 0007
14170 0008
14170 0009
14170 0010
14170 0011
14170 0012
14170 0013
14170 0014
14170 0015
14170 0016
14170 0017
14170 0018
14170 0019
14170 0020
14170 0021
14170 0022
14170 0023
14170 0024
14170 0025
14172 0000
14172 0001
14172 0002
14172 0003
14172 0004
14172 0005
14172 0006
14172 0007
14172 0008
14172 0009
14172 0010
14172 0011
14172 0012
14172 0013
14172 0014
14172 0015
14172 0016
14175 0000
14175 0001
14175 0002
14175 0003
14175 0004
14175 0005
14175 0006
14175 0007
14175 0008
14175 0009
14175 0010
14175 0011
14175 0012
14175 0013
14175 0014
14175 0015
14175 0016
14175 0017
14175 0018
14175 0019
14175 0020
14175 0021
14175 0022
14175 0023
14175 0024
14175 0025
14175 0026
14175 0027
14176 0000
14176 0001
14176 0002
14176 0003
14176 0004
14176 0005
14176 0006
14176 0007
14176 0008
14176 0009
14176 0010
14176 0011
14176 0012
14176 0013
14176 0014
14176 0015
14176 0016
14176 0017
14176 0018
14176 0019
14176 0020
14176 0021
14176 0022
14176 0023
14176 0024
14176 0025
14177 0000
14177 0001
14177 0002
14177 0003
14177 0004
14177 0005
14177 0006
14177 0007
14177 0008
14177 0009
14177 0010
14177 0011
14177 0012
14177 0013
14177 0014
14177 0015
14177 0016
14177 0017
14177 0018
14177 0019
14177 0020
14177 0021
14185 0000
14185 0001
14185 0002
14185 0003
14185 0004
14185 0005
14185 0006
14185 0007
14185 0008
14185 0009
14185 0010
14185 0011
14185 0012
14185 0013
14185 0014
14190 0000
14190 0001
14190 0002
14190 0003
14190 0004
14190 0005
14190 0006
14190 0007
14190 0008
14190 0009
14190 0010
14190 0011
14190 0012
14190 0013
14190 0014
14190 0015
14190 0016
14190 0017
14190 0018
14190 0019
14190 0020
14190 0021
14190 0022
14190 0023
14190 0024
14190 0025
14190 0026
14192 0000
14192 0001
14192 0002
14192 0003
14192 0004
14192 0005
14192 0006
14192 0007
14192 0008
14192 0009
14192 0010
14192 0011
14192 0012
14192 0013
14192 0014
14192 0015
14192 0016
14192 0017
14192 0018
14192 0019
14192 0020
14192 0021
14192 0022
14192 0023
14192 0024
14192 0025
14198 0000
14198 0001
14198 0002
14198 0003
14198 0004
14198 0005
14198 0006
14198 0007
14198 0008
14198 0009
14198 0010
14198 0011
14198 0012
14198 0013
14198 0014
14198 0015
14198 0016
14198 0017
14198 0018
14201 0000
14201 0001
14201 0002
14201 0003
14201 0004
14201 0005
14201 0006
14201 0007
14201 0008
14201 0009
14201 0010
14201 0011
14204 0000
14204 0001
14204 0002
14204 0003
14204 0004
14204 0005
14204 0006
14204 0007
14204 0008
14204 0009
14204 0010
14204 0011
14204 0012
14204 0013
14204 0014
14204 0015
14204 0016
14204 0017
14204 0018
14204 0019
14204 0020
14204 0021
14204 0022
14204 0023
14204 0024
14204 0025
14204 0026
14204 0027
14204 0028
14204 0029
14204 0030
14206 0000
14206 0001
14206 0002
14206 0003
14206 0004
14206 0005
14206 0006
14206 0007
14206 0008
14206 0009
14206 0010
14206 0011
14206 0012
14206 0013
14206 0014
14206 0015
14206 0016
14206 0017
14206 0018
14206 0019
14206 0020
14206 0021
14206 0022
14206 0023
14206 0024
14206 0025
14206 0026
14206 0027
14206 0028
14206 0029
14206 0030
14206 0031
14216 0000
14216 0001
14216 0002
14216 0003
14216 0004
14216 0005
14216 0006
14216 0007
14216 0008
14216 0009
14216 0010
14216 0011
14216 0012
14216 0013
14216 0014
14216 0015
14216 0016
14216 0017
14216 0018
14216 0019
14216 0020
14216 0021
14216 0022
14216 0023
14216 0024
14216 0025
14216 0026
14216 0027
14216 0028
14216 0029
14216 0030
14216 0031
14216 0032
14221 0000
14221 0001
14221 0002
14221 0003
14221 0004
14221 0005
14221 0006
14221 0007
14221 0008
14221 0009
14221 0010
14221 0011
14221 0012
14221 0013
14221 0014
14221 0015
14221 0016
14221 0017
14221 0018
14221 0019
14223 0000
14223 0001
14223 0002
14223 0003
14223 0004
14223 0005
14223 0006
14223 0007
14223 0008
14223 0009
14223 0010
14223 0011
14223 0012
14223 0013
14223 0014
14223 0015
14223 0016
14223 0017
14223 0018
14223 0019
14223 0020
14223 0021
14223 0022
14223 0023
14223 0024
14223 0025
14223 0026
14223 0027
14237 0000
14237 0001
14237 0002
14237 0003
14237 0004
14237 0005
14237 0006
14237 0007
14237 0008
14237 0009
14237 0010
14237 0011
14237 0012
14237 0013
14237 0014
14237 0015
14237 0016
14237 0017
14237 0018
14237 0019
14237 0020
14237 0021
14237 0022
14237 0023
14237 0024
14237 0025
14239 0000
14239 0001
14239 0002
14239 0003
14239 0004
14239 0005
14239 0006
14239 0007
14239 0008
14239 0009
14239 0010
14239 0011
14239 0012
14239 0013
14239 0014
14239 0015
14239 0016
14239 0017
14239 0018
14239 0019
14241 0000
14241 0001
14241 0002
14241 0003
14241 0004
14241 0005
14241 0006
14241 0007
14241 0008
14241 0009
14241 0010
14241 0011
14241 0012
14241 0013
14241 0014
14241 0015
14241 0016
14246 0000
14246 0001
14246 0002
14246 0003
14246 0004
14246 0005
14246 0006
14246 0007
14246 0008
14246 0009
14246 0010
14246 0011
14246 0012
14246 0013
14246 0014
14246 0015
14246 0016
14246 0017
14246 0018
14246 0019
14246 0020
14246 0021
14246 0022
14258 0000
14258 0001
14258 0002
14258 0003
14258 0004
14258 0005
14258 0006
14258 0007
14258 0008
14258 0009
14258 0010
14258 0011
14258 0012
14258 0013
14258 0014
14258 0015
14258 0016
14258 0017
14258 0018
14258 0019
14258 0020
14258 0021
14258 0022
14258 0023
14258 0024
14258 0025
14258 0026
14258 0027
14258 0028
14258 0029
14258 0030
14258 0031
14258 0032
14258 0033
14262 0000
14262 0001
14262 0002
14262 0003
14262 0004
14262 0005
14262 0006
14262 0007
14262 0008
14262 0009
14262 0010
14262 0011
14262 0012
14262 0013
14262 0014
14262 0015
14262 0016
14262 0017
14262 0018
14262 0019
14262 0020
14262 0021
14262 0022
14262 0023
14266 0000
14266 0001
14266 0002
14266 0003
14266 0004
14266 0005
14266 0006
14266 0007
14266 0008
14266 0009
14266 0010
14266 0011
14266 0012
14266 0013
14266 0014
14266 0015
14266 0016
14266 0017
14266 0018
14266 0019
14266 0020
14266 0021
14266 0022
14277 0000
14277 0001
14277 0002
14277 0003
14277 0004
14277 0005
14277 0006
14277 0007
14277 0008
14277 0009
14277 0010
14277 0011
14277 0012
14277 0013
14277 0014
14277 0015
14277 0016
14277 0017
14277 0018
14283 0000
14283 0001
14283 0002
14283 0003
14283 0004
14283 0005
14283 0006
14283 0007
14283 0008
14283 0009
14283 0010
14283 0011
14283 0012
14283 0013
14283 0014
14283 0015
14283 0016
14285 0000
14285 0001
14285 0002
14285 0003
14285 0004
14285 0005
14285 0006
14285 0007
14285 0008
14285 0009
14285 0010
14285 0011
14285 0012
14285 0013
14285 0014
14285 0015
14285 0016
14285 0017
14285 0018
14285 0019
14285 0020
14285 0021
14285 0022
14285 0023
14285 0024
14285 0025
14285 0026
14287 0000
14287 0001
14287 0002
14287 0003
14287 0004
14287 0005
14287 0006
14287 0007
14287 0008
14287 0009
14287 0010
14287 0011
14287 0012
14287 0013
14287 0014
14287 0015
14287 0016
14287 0017
14287 0018
14291 0000
14291 0001
14291 0002
14291 0003
14291 0004
14291 0005
14291 0006
14291 0007
14291 0008
14291 0009
14291 0010
14291 0011
14291 0012
14291 0013
14291 0014
14291 0015
14291 0016
14291 0017
14291 0018
14291 0019
14291 0020
14291 0021
14291 0022
14291 0023
14291 0024
14291 0025
14291 0026
14292 0000
14292 0001
14292 0002
14292 0003
14292 0004
14292 0005
14292 0006
14292 0007
14292 0008
14292 0009
14292 0010
14292 0011
14292 0012
14292 0013
14292 0014
14292 0015
14292 0016
14292 0017
14292 0018
14296 0000
14296 0001
14296 0002
14296 0003
14296 0004
14296 0005
14296 0006
14296 0007
14296 0008
14296 0009
14296 0010
14296 0011
14296 0012
14296 0013
14296 0014
14296 0015
14296 0016
14296 0017
14296 0018
14296 0019
14296 0020
14296 0021
14298 0000
14298 0001
14298 0002
14298 0003
14298 0004
14298 0005
14298 0006
14298 0007
14298 0008
14298 0009
14298 0010
14298 0011
14298 0012
14298 0013
14298 0014
14298 0015
14298 0016
14298 0017
14298 0018
14298 0019
14298 0020
14298 0021
14298 0022
14298 0023
14298 0024
14298 0025
14301 0000
14301 0001
14301 0002
14301 0003
14301 0004
14301 0005
14301 0006
14301 0007
14301 0008
14301 0009
14301 0010
14301 0011
14301 0012
14301 0013
14301 0014
14301 0015
14301 0016
14301 0017
14301 0018
14301 0019
14301 0020
14307 0000
14307 0001
14307 0002
14307 0003
14307 0004
14307 0005
14307 0006
14307 0007
14307 0008
14307 0009
14307 0010
14307 0011
14307 0012
14307 0013
14307 0014
14307 0015
14310 0000
14310 0001
14310 0002
14310 0003
14310 0004
14310 0005
14310 0006
14310 0007
14310 0008
14310 0009
14310 0010
14310 0011
14310 0012
14310 0013
14310 0014
14310 0015
14310 0016
14310 0017
14310 0018
14310 0019
14310 0020
14310 0021
14310 0022
14310 0023
14310 0024
14310 0025
14310 0026
14310 0027
14311 0000
14311 0001
14311 0002
14311 0003
14311 0004
14311 0005
14311 0006
14311 0007
14311 0008
14311 0009
14311 0010
14311 0011
14311 0012
14311 0013
14311 0014
14311 0015
14311 0016
14311 0017
14311 0018
14311 0019
14311 0020
14311 0021
14311 0022
14311 0023
14311 0024
14314 0000
14314 0001
14314 0002
14314 0003
14314 0004
14314 0005
14314 0006
14314 0007
14314 0008
14314 0009
14314 0010
14314 0011
14314 0012
14314 0013
14314 0014
14314 0015
14314 0016
14314 0017
14314 0018
14314 0019
14314 0020
14314 0021
14314 0022
14314 0023
14317 0000
14317 0001
14317 0002
14317 0003
14317 0004
14317 0005
14317 0006
14317 0007
14317 0008
14317 0009
14317 0010
14317 0011
14317 0012
14317 0013
14317 0014
14317 0015
14317 0016
14317 0017
14317 0018
14317 0019
14317 0020
14317 0021
14317 0022
14317 0023
14317 0024
14317 0025
14318 0000
14318 0001
14318 0002
14318 0003
14318 0004
14318 0005
14318 0006
14318 0007
14318 0008
14318 0009
14318 0010
14318 0011
14318 0012
14318 0013
14318 0014
14318 0015
14318 0016
14318 0017
14318 0018
14318 0019
14318 0020
14318 0021
14318 0022
14318 0023
14318 0024
14318 0025
14328 0000
14328 0001
14328 0002
14328 0003
14328 0004
14328 0005
14328 0006
14328 0007
14328 0008
14328 0009
14328 0010
14328 0011
14328 0012
14328 0013
14328 0014
14328 0015
14328 0016
14328 0017
14328 0018
14328 0019
14328 0020
14328 0021
14328 0022
14328 0023
14328 0024
14328 0025
14328 0026
14328 0027
14328 0028
14328 0029
14328 0030
14328 0031
14332 0000
14332 0001
14332 0002
14332 0003
14332 0004
14332 0005
14332 0006
14332 0007
14332 0008
14332 0009
14332 0010
14332 0011
14332 0012
14332 0013
14332 0014
14332 0015
14332 0016
14332 0017
14332 0018
14332 0019
14332 0020
14332 0021
14332 0022
14332 0023
14332 0024
14335 0000
14335 0001
14335 0002
14335 0003
14335 0004
14335 0005
14335 0006
14335 0007
14335 0008
14335 0009
14335 0010
14335 0011
14335 0012
14335 0013
14335 0014
14335 0015
14335 0016
14335 0017
14335 0018
14341 0000
14341 0001
14341 0002
14341 0003
14341 0004
14341 0005
14341 0006
14341 0007
14341 0008
14341 0009
14341 0010
14341 0011
14341 0012
14341 0013
14341 0014
14341 0015
14341 0016
14341 0017
14341 0018
14341 0019
14341 0020
14343 0000
14343 0001
14343 0002
14343 0003
14343 0004
14343 0005
14343 0006
14343 0007
14343 0008
14343 0009
14343 0010
14343 0011
14343 0012
14343 0013
14343 0014
14343 0015
14343 0016
14343 0017
14343 0018
14343 0019
14343 0020
14343 0021
14343 0022
14343 0023
14343 0024
14343 0025
14343 0026
14346 0000
14346 0001
14346 0002
14346 0003
14346 0004
14346 0005
14346 0006
14346 0007
14346 0008
14346 0009
14346 0010
14346 0011
14346 0012
14346 0013
14346 0014
14346 0015
14346 0016
14346 0017
14346 0018
14346 0019
14346 0020
14346 0021
14346 0022
14346 0023
14346 0024
14346 0025
14346 0026
14346 0027
14346 0028
14346 0029
14346 0030
14365 0000
14365 0001
14365 0002
14365 0003
14365 0004
14365 0005
14365 0006
14365 0007
14365 0008
14365 0009
14365 0010
14365 0011
14365 0012
14365 0013
14365 0014
14365 0015
14365 0016
14365 0017
14365 0018
14365 0019
14365 0020
14365 0021
14365 0022
14365 0023
14365 0024
14365 0025
14365 0026
14368 0000
14368 0001
14368 0002
14368 0003
14368 0004
14368 0005
14368 0006
14368 0007
14368 0008
14368 0009
14368 0010
14368 0011
14368 0012
14368 0013
14368 0014
14368 0015
14368 0016
14368 0017
14368 0018
14368 0019
14368 0020
14368 0021
14368 0022
14368 0023
14368 0024
14368 0025
14369 0000
14369 0001
14369 0002
14369 0003
14369 0004
14369 0005
14369 0006
14369 0007
14369 0008
14369 0009
14369 0010
14369 0011
14369 0012
14369 0013
14369 0014
14369 0015
14374 0000
14374 0001
14374 0002
14374 0003
14374 0004
14374 0005
14374 0006
14374 0007
14374 0008
14374 0009
14374 0010
14374 0011
14374 0012
14374 0013
14374 0014
14374 0015
14374 0016
14374 0017
14374 0018
14374 0019
14385 0000
14385 0001
14385 0002
14385 0003
14385 0004
14385 0005
14385 0006
14385 0007
14385 0008
14385 0009
14385 0010
14385 0011
14385 0012
14385 0013
14385 0014
14385 0015
14385 0016
14385 0017
14385 0018
14385 0019
14385 0020
14385 0021
14385 0022
14394 0000
14394 0001
14394 0002
14394 0003
14394 0004
14394 0005
14394 0006
14394 0007
14394 0008
14394 0009
14394 0010
14394 0011
14394 0012
14394 0013
14394 0014
14394 0015
14394 0016
14394 0017
14394 0018
14394 0019
14394 0020
14394 0021
14395 0000
14395 0001
14395 0002
14395 0003
14395 0004
14395 0005
14395 0006
14395 0007
14395 0008
14395 0009
14395 0010
14395 0011
14395 0012
14395 0013
14403 0000
14403 0001
14403 0002
14403 0003
14403 0004
14403 0005
14403 0006
14403 0007
14403 0008
14403 0009
14403 0010
14403 0011
14403 0012
14403 0013
14403 0014
14403 0015
14403 0016
14403 0017
14403 0018
14409 0000
14409 0001
14409 0002
14409 0003
14409 0004
14409 0005
14409 0006
14409 0007
14409 0008
14409 0009
14409 0010
14409 0011
14409 0012
14409 0013
14409 0014
14409 0015
14409 0016
14409 0017
14409 0018
14412 0000
14412 0001
14412 0002
14412 0003
14412 0004
14412 0005
14412 0006
14412 0007
14412 0008
14412 0009
14412 0010
14412 0011
14412 0012
14412 0013
14412 0014
14412 0015
14412 0016
14412 0017
14412 0018
14418 0000
14418 0001
14418 0002
14418 0003
14418 0004
14418 0005
14418 0006
14418 0007
14418 0008
14418 0009
14418 0010
14418 0011
14418 0012
14418 0013
14418 0014
14418 0015
14418 0016
14418 0017
14418 0018
14420 0000
14420 0001
14420 0002
14420 0003
14420 0004
14420 0005
14420 0006
14420 0007
14420 0008
14420 0009
14420 0010
14420 0011
14420 0012
14420 0013
14420 0014
14420 0015
14420 0016
14420 0017
14420 0018
14420 0019
14420 0020
14420 0021
14420 0022
14420 0023
14420 0024
14420 0025
14420 0026
14420 0027
14420 0028
14420 0029
14420 0030
14420 0031
14420 0032
14420 0033
14421 0000
14421 0001
14421 0002
14421 0003
14421 0004
14421 0005
14421 0006
14421 0007
14421 0008
14421 0009
14421 0010
14421 0011
14421 0012
14421 0013
14421 0014
14421 0015
14421 0016
14421 0017
14421 0018
14421 0019
14421 0020
14421 0021
14421 0022
14423 0000
14423 0001
14423 0002
14423 0003
14423 0004
14423 0005
14423 0006
14423 0007
14423 0008
14423 0009
14423 0010
14423 0011
14423 0012
14423 0013
14423 0014
14423 0015
14423 0016
14423 0017
14423 0018
14423 0019
14423 0020
14423 0021
14423 0022
14423 0023
14425 0000
14425 0001
14425 0002
14425 0003
14425 0004
14425 0005
14425 0006
14425 0007
14425 0008
14425 0009
14425 0010
14425 0011
14425 0012
14425 0013
14425 0014
14425 0015
14425 0016
14425 0017
14425 0018
14425 0019
14425 0020
14425 0021
14425 0022
14425 0023
14425 0024
14425 0025
14425 0026
14428 0000
14428 0001
14428 0002
14428 0003
14428 0004
14428 0005
14428 0006
14428 0007
14428 0008
14428 0009
14428 0010
14428 0011
14428 0012
14428 0013
14428 0014
14428 0015
14428 0016
14428 0017
14428 0018
14428 0019
14428 0020
14428 0021
14428 0022
14428 0023
14436 0000
14436 0001
14436 0002
14436 0003
14436 0004
14436 0005
14436 0006
14436 0007
14436 0008
14436 0009
14436 0010
14436 0011
14436 0012
14436 0013
14436 0014
14436 0015
14436 0016
14436 0017
14436 0018
14436 0019
14441 0000
14441 0001
14441 0002
14441 0003
14441 0004
14441 0005
14441 0006
14441 0007
14441 0008
14441 0009
14441 0010
14441 0011
14441 0012
14441 0013
14441 0014
14441 0015
14441 0016
14441 0017
14441 0018
14441 0019
14441 0020
14441 0021
14441 0022
14441 0023
14441 0024
14444 0000
14444 0001
14444 0002
14444 0003
14444 0004
14444 0005
14444 0006
14444 0007
14444 0008
14444 0009
14444 0010
14444 0011
14444 0012
14444 0013
14444 0014
14444 0015
14444 0016
14444 0017
14449 0000
14449 0001
14449 0002
14449 0003
14449 0004
14449 0005
14449 0006
14449 0007
14449 0008
14449 0009
14449 0010
14449 0011
14449 0012
14449 0013
14449 0014
14449 0015
14449 0016
14449 0017
14449 0018
14449 0019
14451 0000
14451 0001
14451 0002
14451 0003
14451 0004
14451 0005
14451 0006
14451 0007
14451 0008
14451 0009
14451 0010
14451 0011
14451 0012
14451 0013
14451 0014
14451 0015
14451 0016
14451 0017
14451 0018
14451 0019
14451 0020
14451 0021
14451 0022
14451 0023
14451 0024
14451 0025
14451 0026
14451 0027
14451 0028
14451 0029
14456 0000
14456 0001
14456 0002
14456 0003
14456 0004
14456 0005
14456 0006
14456 0007
14456 0008
14456 0009
14456 0010
14456 0011
14456 0012
14456 0013
14456 0014
14456 0015
14456 0016
14456 0017
14456 0018
14456 0019
14456 0020
14456 0021
14456 0022
14456 0023
14456 0024
14456 0025
14456 0026
14456 0027
14456 0028
14456 0029
14457 0000
14457 0001
14457 0002
14457 0003
14457 0004
14457 0005
14457 0006
14457 0007
14457 0008
14457 0009
14457 0010
14457 0011
14457 0012
14457 0013
14457 0014
14457 0015
14459 0000
14459 0001
14459 0002
14459 0003
14459 0004
14459 0005
14459 0006
14459 0007
14459 0008
14459 0009
14459 0010
14459 0011
14459 0012
14459 0013
14459 0014
14459 0015
14459 0016
14459 0017
14459 0018
14459 0019
14459 0020
14462 0000
14462 0001
14462 0002
14462 0003
14462 0004
14462 0005
14462 0006
14462 0007
14462 0008
14462 0009
14462 0010
14462 0011
14462 0012
14462 0013
14462 0014
14462 0015
14462 0016
14462 0017
14462 0018
14476 0000
14476 0001
14476 0002
14476 0003
14476 0004
14476 0005
14476 0006
14476 0007
14476 0008
14476 0009
14476 0010
14476 0011
14476 0012
14476 0013
14476 0014
14476 0015
14476 0016
14476 0017
14476 0018
14476 0019
14476 0020
14482 0000
14482 0001
14482 0002
14482 0003
14482 0004
14482 0005
14482 0006
14482 0007
14482 0008
14482 0009
14482 0010
14482 0011
14482 0012
14482 0013
14482 0014
14482 0015
14482 0016
14482 0017
14482 0018
14482 0019
14482 0020
14482 0021
14482 0022
14482 0023
14482 0024
14484 0000
14484 0001
14484 0002
14484 0003
14484 0004
14484 0005
14484 0006
14484 0007
14484 0008
14484 0009
14484 0010
14484 0011
14484 0012
14484 0013
14484 0014
14484 0015
14484 0016
14484 0017
14484 0018
14484 0019
14484 0020
14484 0021
14484 0022
14484 0023
14484 0024
14484 0025
14484 0026
14489 0000
14489 0001
14489 0002
14489 0003
14489 0004
14489 0005
14489 0006
14489 0007
14489 0008
14489 0009
14489 0010
14489 0011
14489 0012
14489 0013
14489 0014
14489 0015
14490 0000
14490 0001
14490 0002
14490 0003
14490 0004
14490 0005
14490 0006
14490 0007
14490 0008
14490 0009
14490 0010
14490 0011
14490 0012
14490 0013
14490 0014
14490 0015
14490 0016
14490 0017
14490 0018
14490 0019
14490 0020
14490 0021
14490 0022
14490 0023
14490 0024
14490 0025
14490 0026
14490 0027
14490 0028
14490 0029
14490 0030
14490 0031
14490 0032
14491 0000
14491 0001
14491 0002
14491 0003
14491 0004
14491 0005
14491 0006
14491 0007
14491 0008
14491 0009
14491 0010
14491 0011
14491 0012
14491 0013
14491 0014
14491 0015
14491 0016
14491 0017
14491 0018
14491 0019
14491 0020
14491 0021
14491 0022
14492 0000
14492 0001
14492 0002
14492 0003
14492 0004
14492 0005
14492 0006
14492 0007
14492 0008
14492 0009
14492 0010
14492 0011
14492 0012
14492 0013
14492 0014
14492 0015
14492 0016
14492 0017
14492 0018
14492 0019
14495 0000
14495 0001
14495 0002
14495 0003
14495 0004
14495 0005
14495 0006
14495 0007
14495 0008
14495 0009
14495 0010
14495 0011
14495 0012
14495 0013
14495 0014
14495 0015
14495 0016
14495 0017
14495 0018
14500 0000
14500 0001
14500 0002
14500 0003
14500 0004
14500 0005
14500 0006
14500 0007
14500 0008
14500 0009
14500 0010
14500 0011
14500 0012
14500 0013
14500 0014
14500 0015
14500 0016
14500 0017
14500 0018
14500 0019
14500 0020
14500 0021
14513 0000
14513 0001
14513 0002
14513 0003
14513 0004
14513 0005
14513 0006
14513 0007
14513 0008
14513 0009
14513 0010
14513 0011
14513 0012
14513 0013
14513 0014
14513 0015
14513 0016
14513 0017
14513 0018
14513 0019
14513 0020
14513 0021
14513 0022
14513 0023
14513 0024
14516 0000
14516 0001
14516 0002
14516 0003
14516 0004
14516 0005
14516 0006
14516 0007
14516 0008
14516 0009
14516 0010
14516 0011
14516 0012
14516 0013
14516 0014
14516 0015
14516 0016
14516 0017
14516 0018
14516 0019
14516 0020
14516 0021
14516 0022
14516 0023
14518 0000
14518 0001
14518 0002
14518 0003
14518 0004
14518 0005
14518 0006
14518 0007
14518 0008
14518 0009
14518 0010
14518 0011
14518 0012
14518 0013
14518 0014
14518 0015
14518 0016
14518 0017
14518 0018
14518 0019
14518 0020
14518 0021
14518 0022
14518 0023
14518 0024
14518 0025
14518 0026
14521 0000
14521 0001
14521 0002
14521 0003
14521 0004
14521 0005
14521 0006
14521 0007
14521 0008
14521 0009
14521 0010
14521 0011
14521 0012
14521 0013
14521 0014
14521 0015
14521 0016
14521 0017
14521 0018
14521 0019
14521 0020
14521 0021
14521 0022
14521 0023
14521 0024
14521 0025
14521 0026
14523 0000
14523 0001
14523 0002
14523 0003
14523 0004
14523 0005
14523 0006
14523 0007
14523 0008
14523 0009
14523 0010
14523 0011
14523 0012
14523 0013
14523 0014
14523 0015
14523 0016
14523 0017
14523 0018
14523 0019
14523 0020
14523 0021
14523 0022
14539 0000
14539 0001
14539 0002
14539 0003
14539 0004
14539 0005
14539 0006
14539 0007
14539 0008
14539 0009
14539 0010
14539 0011
14539 0012
14539 0013
14539 0014
14539 0015
14539 0016
14543 0000
14543 0001
14543 0002
14543 0003
14543 0004
14543 0005
14543 0006
14543 0007
14543 0008
14543 0009
14543 0010
14543 0011
14543 0012
14543 0013
14543 0014
14543 0015
14543 0016
14543 0017
14543 0018
14543 0019
14543 0020
14545 0000
14545 0001
14545 0002
14545 0003
14545 0004
14545 0005
14545 0006
14545 0007
14545 0008
14545 0009
14545 0010
14545 0011
14545 0012
14545 0013
14545 0014
14545 0015
14545 0016
14545 0017
14545 0018
14545 0019
14556 0000
14556 0001
14556 0002
14556 0003
14556 0004
14556 0005
14556 0006
14556 0007
14556 0008
14556 0009
14556 0010
14556 0011
14556 0012
14556 0013
14556 0014
14556 0015
14556 0016
14556 0017
14556 0018
14556 0019
14556 0020
14556 0021
14556 0022
14556 0023
14559 0000
14559 0001
14559 0002
14559 0003
14559 0004
14559 0005
14559 0006
14559 0007
14559 0008
14559 0009
14559 0010
14559 0011
14559 0012
14559 0013
14559 0014
14559 0015
14559 0016
14559 0017
14559 0018
14559 0019
14559 0020
14559 0021
14559 0022
14563 0000
14563 0001
14563 0002
14563 0003
14563 0004
14563 0005
14563 0006
14563 0007
14563 0008
14563 0009
14563 0010
14563 0011
14563 0012
14563 0013
14563 0014
14563 0015
14563 0016
14563 0017
14563 0018
14563 0019
14563 0020
14563 0021
14563 0022
14563 0023
14563 0024
14563 0025
14563 0026
14563 0027
14563 0028
14563 0029
14563 0030
14563 0031
14564 0000
14564 0001
14564 0002
14564 0003
14564 0004
14564 0005
14564 0006
14564 0007
14564 0008
14564 0009
14564 0010
14564 0011
14564 0012
14564 0013
14564 0014
14564 0015
14564 0016
14564 0017
14564 0018
14564 0019
14564 0020
14564 0021
14564 0022
14564 0023
14564 0024
14564 0025
14564 0026
14564 0027
14568 0000
14568 0001
14568 0002
14568 0003
14568 0004
14568 0005
14568 0006
14568 0007
14568 0008
14568 0009
14568 0010
14568 0011
14568 0012
14568 0013
14568 0014
14568 0015
14568 0016
14568 0017
14573 0000
14573 0001
14573 0002
14573 0003
14573 0004
14573 0005
14573 0006
14573 0007
14573 0008
14573 0009
14573 0010
14573 0011
14573 0012
14573 0013
14573 0014
14573 0015
14573 0016
14573 0017
14573 0018
14573 0019
14573 0020
14573 0021
14573 0022
14573 0023
14573 0024
14573 0025
14573 0026
14573 0027
14573 0028
14573 0029
14573 0030
14580 0000
14580 0001
14580 0002
14580 0003
14580 0004
14580 0005
14580 0006
14580 0007
14580 0008
14580 0009
14580 0010
14580 0011
14580 0012
14580 0013
14580 0014
14580 0015
14580 0016
14580 0017
14580 0018
14580 0019
14580 0020
14580 0021
14580 0022
14580 0023
14580 0024
14580 0025
14580 0026
14580 0027
14580 0028
14582 0000
14582 0001
14582 0002
14582 0003
14582 0004
14582 0005
14582 0006
14582 0007
14582 0008
14582 0009
14582 0010
14582 0011
14582 0012
14582 0013
14582 0014
14582 0015
14582 0016
14582 0017
14597 0000
14597 0001
14597 0002
14597 0003
14597 0004
14597 0005
14597 0006
14597 0007
14597 0008
14597 0009
14597 0010
14597 0011
14597 0012
14597 0013
14597 0014
14597 0015
14597 0016
14597 0017
14597 0018
14597 0019
14597 0020
14599 0000
14599 0001
14599 0002
14599 0003
14599 0004
14599 0005
14599 0006
14599 0007
14599 0008
14599 0009
14599 0010
14599 0011
14599 0012
14599 0013
14599 0014
14599 0015
14599 0016
14599 0017
14599 0018
14599 0019
14599 0020
14599 0021
14602 0000
14602 0001
14602 0002
14602 0003
14602 0004
14602 0005
14602 0006
14602 0007
14602 0008
14602 0009
14602 0010
14602 0011
14602 0012
14602 0013
14602 0014
14602 0015
14602 0016
14602 0017
14602 0018
14602 0019
14602 0020
14602 0021
14602 0022
14604 0000
14604 0001
14604 0002
14604 0003
14604 0004
14604 0005
14604 0006
14604 0007
14604 0008
14604 0009
14604 0010
14604 0011
14604 0012
14604 0013
14604 0014
14604 0015
14604 0016
14604 0017
14604 0018
14606 0000
14606 0001
14606 0002
14606 0003
14606 0004
14606 0005
14606 0006
14606 0007
14606 0008
14606 0009
14606 0010
14606 0011
14606 0012
14606 0013
14606 0014
14612 0000
14612 0001
14612 0002
14612 0003
14612 0004
14612 0005
14612 0006
14612 0007
14612 0008
14612 0009
14612 0010
14612 0011
14612 0012
14612 0013
14612 0014
14612 0015
14615 0000
14615 0001
14615 0002
14615 0003
14615 0004
14615 0005
14615 0006
14615 0007
14615 0008
14615 0009
14615 0010
14615 0011
14615 0012
14615 0013
14615 0014
14615 0015
14615 0016
14615 0017
14615 0018
14616 0000
14616 0001
14616 0002
14616 0003
14616 0004
14616 0005
14616 0006
14616 0007
14616 0008
14616 0009
14616 0010
14616 0011
14616 0012
14616 0013
14616 0014
14616 0015
14616 0016
14616 0017
14616 0018
14616 0019
14616 0020
14618 0000
14618 0001
14618 0002
14618 0003
14618 0004
14618 0005
14618 0006
14618 0007
14618 0008
14618 0009
14618 0010
14618 0011
14618 0012
14618 0013
14618 0014
14618 0015
14618 0016
14618 0017
14618 0018
14618 0019
14618 0020
14618 0021
14618 0022
14618 0023
14618 0024
14618 0025
14622 0000
14622 0001
14622 0002
14622 0003
14622 0004
14622 0005
14622 0006
14622 0007
14622 0008
14622 0009
14622 0010
14622 0011
14622 0012
14622 0013
14622 0014
14622 0015
14622 0016
14622 0017
14622 0018
14626 0000
14626 0001
14626 0002
14626 0003
14626 0004
14626 0005
14626 0006
14626 0007
14626 0008
14626 0009
14626 0010
14626 0011
14626 0012
14626 0013
14626 0014
14626 0015
14626 0016
14626 0017
14626 0018
14626 0019
14626 0020
14626 0021
14626 0022
14626 0023
14626 0024
14627 0000
14627 0001
14627 0002
14627 0003
14627 0004
14627 0005
14627 0006
14627 0007
14627 0008
14627 0009
14627 0010
14627 0011
14627 0012
14627 0013
14627 0014
14627 0015
14627 0016
14627 0017
14627 0018
14627 0019
14627 0020
14627 0021
14631 0000
14631 0001
14631 0002
14631 0003
14631 0004
14631 0005
14631 0006
14631 0007
14631 0008
14631 0009
14631 0010
14631 0011
14631 0012
14631 0013
14631 0014
14631 0015
14631 0016
14634 0000
14634 0001
14634 0002
14634 0003
14634 0004
14634 0005
14634 0006
14634 0007
14634 0008
14634 0009
14634 0010
14634 0011
14634 0012
14634 0013
14634 0014
14634 0015
14634 0016
14634 0017
14634 0018
14634 0019
14634 0020
14634 0021
14634 0022
14642 0000
14642 0001
14642 0002
14642 0003
14642 0004
14642 0005
14642 0006
14642 0007
14642 0008
14642 0009
14642 0010
14642 0011
14642 0012
14642 0013
14642 0014
14642 0015
14642 0016
14642 0017
14642 0018
14642 0019
14642 0020
14642 0021
14646 0000
14646 0001
14646 0002
14646 0003
14646 0004
14646 0005
14646 0006
14646 0007
14646 0008
14646 0009
14646 0010
14646 0011
14646 0012
14646 0013
14646 0014
14646 0015
14646 0016
14646 0017
14646 0018
14646 0019
14646 0020
14646 0021
14647 0000
14647 0001
14647 0002
14647 0003
14647 0004
14647 0005
14647 0006
14647 0007
14647 0008
14647 0009
14647 0010
14647 0011
14647 0012
14657 0000
14657 0001
14657 0002
14657 0003
14657 0004
14657 0005
14657 0006
14657 0007
14657 0008
14657 0009
14657 0010
14657 0011
14657 0012
14657 0013
14657 0014
14657 0015
14657 0016
14657 0017
14657 0018
14657 0019
14661 0000
14661 0001
14661 0002
14661 0003
14661 0004
14661 0005
14661 0006
14661 0007
14661 0008
14661 0009
14661 0010
14661 0011
14661 0012
14661 0013
14664 0000
14664 0001
14664 0002
14664 0003
14664 0004
14664 0005
14664 0006
14664 0007
14664 0008
14664 0009
14664 0010
14664 0011
14664 0012
14664 0013
14664 0014
14664 0015
14664 0016
14664 0017
14664 0018
14664 0019
14664 0020
14664 0021
14664 0022
14664 0023
14664 0024
14664 0025
14664 0026
14664 0027
14664 0028
14664 0029
14667 0000
14667 0001
14667 0002
14667 0003
14667 0004
14667 0005
14667 0006
14667 0007
14667 0008
14667 0009
14667 0010
14667 0011
14667 0012
14667 0013
14667 0014
14667 0015
14667 0016
14667 0017
14667 0018
14667 0019
14667 0020
14667 0021
14667 0022
14667 0023
14667 0024
14668 0000
14668 0001
14668 0002
14668 0003
14668 0004
14668 0005
14668 0006
14668 0007
14668 0008
14668 0009
14668 0010
14668 0011
14668 0012
14668 0013
14668 0014
14668 0015
14668 0016
14668 0017
14668 0018
14669 0000
14669 0001
14669 0002
14669 0003
14669 0004
14669 0005
14669 0006
14669 0007
14669 0008
14669 0009
14669 0010
14669 0011
14669 0012
14669 0013
14669 0014
14669 0015
14669 0016
14669 0017
14669 0018
14669 0019
14669 0020
14669 0021
14669 0022
14669 0023
14669 0024
14669 0025
14669 0026
14669 0027
14669 0028
14669 0029
14669 0030
14669 0031
14669 0032
14671 0000
14671 0001
14671 0002
14671 0003
14671 0004
14671 0005
14671 0006
14671 0007
14671 0008
14671 0009
14671 0010
14671 0011
14671 0012
14671 0013
14671 0014
14672 0000
14672 0001
14672 0002
14672 0003
14672 0004
14672 0005
14672 0006
14672 0007
14672 0008
14672 0009
14672 0010
14672 0011
14672 0012
14672 0013
14672 0014
14672 0015
14672 0016
14672 0017
14672 0018
14672 0019
14672 0020
14672 0021
14672 0022
14672 0023
14672 0024
14690 0000
14690 0001
14690 0002
14690 0003
14690 0004
14690 0005
14690 0006
14690 0007
14690 0008
14690 0009
14690 0010
14690 0011
14690 0012
14690 0013
14690 0014
14690 0015
14690 0016
14690 0017
14690 0018
14690 0019
14690 0020
14690 0021
14690 0022
14690 0023
14690 0024
14694 0000
14694 0001
14694 0002
14694 0003
14694 0004
14694 0005
14694 0006
14694 0007
14694 0008
14694 0009
14694 0010
14694 0011
14694 0012
14694 0013
14694 0014
14694 0015
14694 0016
14694 0017
14695 0000
14695 0001
14695 0002
14695 0003
14695 0004
14695 0005
14695 0006
14695 0007
14695 0008
14695 0009
14695 0010
14695 0011
14695 0012
14695 0013
14695 0014
14695 0015
14695 0016
14695 0017
14695 0018
14695 0019
14695 0020
14695 0021
14695 0022
14695 0023
14695 0024
14695 0025
14696 0000
14696 0001
14696 0002
14696 0003
14696 0004
14696 0005
14696 0006
14696 0007
14696 0008
14696 0009
14696 0010
14696 0011
14696 0012
14696 0013
14696 0014
14696 0015
14696 0016
14696 0017
14696 0018
14698 0000
14698 0001
14698 0002
14698 0003
14698 0004
14698 0005
14698 0006
14698 0007
14698 0008
14698 0009
14698 0010
14698 0011
14698 0012
14698 0013
14698 0014
14698 0015
14698 0016
14698 0017
14698 0018
14698 0019
14698 0020
14698 0021
14698 0022
14698 0023
14698 0024
14698 0025
14699 0000
14699 0001
14699 0002
14699 0003
14699 0004
14699 0005
14699 0006
14699 0007
14699 0008
14699 0009
14699 0010
14699 0011
14699 0012
14699 0013
14699 0014
14699 0015
14699 0016
14699 0017
14699 0018
14699 0019
14699 0020
14699 0021
14699 0022
14699 0023
14699 0024
14701 0000
14701 0001
14701 0002
14701 0003
14701 0004
14701 0005
14701 0006
14701 0007
14701 0008
14701 0009
14701 0010
14701 0011
14701 0012
14701 0013
14701 0014
14701 0015
14701 0016
14701 0017
14701 0018
14701 0019
14701 0020
14701 0021
14701 0022
14701 0023
14701 0024
14701 0025
14701 0026
14705 0000
14705 0001
14705 0002
14705 0003
14705 0004
14705 0005
14705 0006
14705 0007
14705 0008
14705 0009
14705 0010
14705 0011
14705 0012
14705 0013
14705 0014
14705 0015
14705 0016
14705 0017
14705 0018
14705 0019
14705 0020
14705 0021
14706 0000
14706 0001
14706 0002
14706 0003
14706 0004
14706 0005
14706 0006
14706 0007
14706 0008
14706 0009
14706 0010
14706 0011
14706 0012
14706 0013
14706 0014
14706 0015
14706 0016
14706 0017
14706 0018
14706 0019
14706 0020
14706 0021
14706 0022
14706 0023
14706 0024
14706 0025
14708 0000
14708 0001
14708 0002
14708 0003
14708 0004
14708 0005
14708 0006
14708 0007
14708 0008
14708 0009
14708 0010
14708 0011
14708 0012
14708 0013
14708 0014
14708 0015
14712 0000
14712 0001
14712 0002
14712 0003
14712 0004
14712 0005
14712 0006
14712 0007
14712 0008
14712 0009
14712 0010
14712 0011
14712 0012
14712 0013
14712 0014
14712 0015
14712 0016
14712 0017
14712 0018
14715 0000
14715 0001
14715 0002
14715 0003
14715 0004
14715 0005
14715 0006
14715 0007
14715 0008
14715 0009
14715 0010
14715 0011
14715 0012
14715 0013
14715 0014
14715 0015
14715 0016
14715 0017
14715 0018
14715 0019
14715 0020
14715 0021
14715 0022
14715 0023
14715 0024
14715 0025
14717 0000
14717 0001
14717 0002
14717 0003
14717 0004
14717 0005
14717 0006
14717 0007
14717 0008
14717 0009
14717 0010
14717 0011
14717 0012
14717 0013
14717 0014
14717 0015
14717 0016
14717 0017
14717 0018
14722 0000
14722 0001
14722 0002
14722 0003
14722 0004
14722 0005
14722 0006
14722 0007
14722 0008
14722 0009
14722 0010
14722 0011
14722 0012
14722 0013
14722 0014
14722 0015
14722 0016
14724 0000
14724 0001
14724 0002
14724 0003
14724 0004
14724 0005
14724 0006
14724 0007
14724 0008
14724 0009
14724 0010
14724 0011
14724 0012
14724 0013
14724 0014
14724 0015
14724 0016
14724 0017
14724 0018
14724 0019
14724 0020
14724 0021
14724 0022
14724 0023
14724 0024
14724 0025
14724 0026
14726 0000
14726 0001
14726 0002
14726 0003
14726 0004
14726 0005
14726 0006
14726 0007
14726 0008
14726 0009
14726 0010
14726 0011
14726 0012
14726 0013
14726 0014
14726 0015
14726 0016
14726 0017
14726 0018
14726 0019
14726 0020
14726 0021
14726 0022
14727 0000
14727 0001
14727 0002
14727 0003
14727 0004
14727 0005
14727 0006
14727 0007
14727 0008
14727 0009
14727 0010
14727 0011
14727 0012
14727 0013
14727 0014
14727 0015
14727 0016
14727 0017
14727 0018
14727 0019
14727 0020
14727 0021
14727 0022
14727 0023
14727 0024
14727 0025
14727 0026
14727 0027
14727 0028
14727 0029
14730 0000
14730 0001
14730 0002
14730 0003
14730 0004
14730 0005
14730 0006
14730 0007
14730 0008
14730 0009
14730 0010
14730 0011
14730 0012
14730 0013
14730 0014
14730 0015
14730 0016
14730 0017
14730 0018
14730 0019
14730 0020
14730 0021
14730 0022
14730 0023
14730 0024
14730 0025
14730 0026
14730 0027
14730 0028
14730 0029
14730 0030
14730 0031
14730 0032
14730 0033
14731 0000
14731 0001
14731 0002
14731 0003
14731 0004
14731 0005
14731 0006
14731 0007
14731 0008
14731 0009
14731 0010
14731 0011
14731 0012
14731 0013
14731 0014
14731 0015
14731 0016
14731 0017
14731 0018
14731 0019
14731 0020
14731 0021
14731 0022
14731 0023
14731 0024
14732 0000
14732 0001
14732 0002
14732 0003
14732 0004
14732 0005
14732 0006
14732 0007
14732 0008
14732 0009
14732 0010
14732 0011
14732 0012
14732 0013
14732 0014
14732 0015
14732 0016
14732 0017
14732 0018
14732 0019
14732 0020
14732 0021
14732 0022
14732 0023
14732 0024
14732 0025
14738 0000
14738 0001
14738 0002
14738 0003
14738 0004
14738 0005
14738 0006
14738 0007
14738 0008
14738 0009
14738 0010
14738 0011
14738 0012
14738 0013
14738 0014
14738 0015
14738 0016
14738 0017
14738 0018
14738 0019
14738 0020
14738 0021
14738 0022
14738 0023
14738 0024
14741 0000
14741 0001
14741 0002
14741 0003
14741 0004
14741 0005
14741 0006
14741 0007
14741 0008
14741 0009
14741 0010
14741 0011
14741 0012
14741 0013
14741 0014
14741 0015
14741 0016
14741 0017
14741 0018
14741 0019
14741 0020
14741 0021
14751 0000
14751 0001
14751 0002
14751 0003
14751 0004
14751 0005
14751 0006
14751 0007
14751 0008
14751 0009
14751 0010
14751 0011
14751 0012
14751 0013
14751 0014
14751 0015
14751 0016
14751 0017
14751 0018
14751 0019
14757 0000
14757 0001
14757 0002
14757 0003
14757 0004
14757 0005
14757 0006
14757 0007
14757 0008
14757 0009
14757 0010
14757 0011
14757 0012
14757 0013
14757 0014
14757 0015
14757 0016
14757 0017
14757 0018
14763 0000
14763 0001
14763 0002
14763 0003
14763 0004
14763 0005
14763 0006
14763 0007
14763 0008
14763 0009
14763 0010
14763 0011
14763 0012
14763 0013
14763 0014
14763 0015
14763 0016
14763 0017
14763 0018
14763 0019
14763 0020
14763 0021
14763 0022
14763 0023
14763 0024
14763 0025
14763 0026
14763 0027
14763 0028
14763 0029
14763 0030
14765 0000
14765 0001
14765 0002
14765 0003
14765 0004
14765 0005
14765 0006
14765 0007
14765 0008
14765 0009
14765 0010
14765 0011
14765 0012
14765 0013
14765 0014
14765 0015
14765 0016
14765 0017
14765 0018
14765 0019
14765 0020
14765 0021
14765 0022
14765 0023
14765 0024
14765 0025
14767 0000
14767 0001
14767 0002
14767 0003
14767 0004
14767 0005
14767 0006
14767 0007
14767 0008
14767 0009
14767 0010
14767 0011
14767 0012
14767 0013
14767 0014
14767 0015
14767 0016
14767 0017
14767 0018
14768 0000
14768 0001
14768 0002
14768 0003
14768 0004
14768 0005
14768 0006
14768 0007
14768 0008
14768 0009
14768 0010
14768 0011
14768 0012
14768 0013
14768 0014
14768 0015
14768 0016
14768 0017
14768 0018
14768 0019
14768 0020
14768 0021
14768 0022
14774 0000
14774 0001
14774 0002
14774 0003
14774 0004
14774 0005
14774 0006
14774 0007
14774 0008
14774 0009
14774 0010
14774 0011
14774 0012
14774 0013
14774 0014
14774 0015
14774 0016
14774 0017
14774 0018
14774 0019
14775 0000
14775 0001
14775 0002
14775 0003
14775 0004
14775 0005
14775 0006
14775 0007
14775 0008
14775 0009
14775 0010
14775 0011
14775 0012
14775 0013
14775 0014
14775 0015
14775 0016
14775 0017
14775 0018
14775 0019
14775 0020
14775 0021
14775 0022
14775 0023
14775 0024
14775 0025
14775 0026
14775 0027
14778 0000
14778 0001
14778 0002
14778 0003
14778 0004
14778 0005
14778 0006
14778 0007
14778 0008
14778 0009
14778 0010
14778 0011
14778 0012
14778 0013
14778 0014
14778 0015
14778 0016
14778 0017
14785 0000
14785 0001
14785 0002
14785 0003
14785 0004
14785 0005
14785 0006
14785 0007
14785 0008
14785 0009
14785 0010
14785 0011
14785 0012
14786 0000
14786 0001
14786 0002
14786 0003
14786 0004
14786 0005
14786 0006
14786 0007
14786 0008
14786 0009
14786 0010
14786 0011
14786 0012
14786 0013
14786 0014
14786 0015
14786 0016
14786 0017
14786 0018
14786 0019
14786 0020
14786 0021
14786 0022
14786 0023
14786 0024
14786 0025
14786 0026
14786 0027
14786 0028
14786 0029
14786 0030
14786 0031
14786 0032
14791 0000
14791 0001
14791 0002
14791 0003
14791 0004
14791 0005
14791 0006
14791 0007
14791 0008
14791 0009
14791 0010
14791 0011
14791 0012
14791 0013
14791 0014
14791 0015
14791 0016
14791 0017
14791 0018
14792 0000
14792 0001
14792 0002
14792 0003
14792 0004
14792 0005
14792 0006
14792 0007
14792 0008
14792 0009
14792 0010
14792 0011
14792 0012
14792 0013
14792 0014
14792 0015
14792 0016
14792 0017
14792 0018
14792 0019
14792 0020
14792 0021
14799 0000
14799 0001
14799 0002
14799 0003
14799 0004
14799 0005
14799 0006
14799 0007
14799 0008
14799 0009
14799 0010
14799 0011
14799 0012
14799 0013
14799 0014
14799 0015
14799 0016
14802 0000
14802 0001
14802 0002
14802 0003
14802 0004
14802 0005
14802 0006
14802 0007
14802 0008
14802 0009
14802 0010
14802 0011
14802 0012
14802 0013
14802 0014
14802 0015
14802 0016
14802 0017
14802 0018
14802 0019
14802 0020
14802 0021
14803 0000
14803 0001
14803 0002
14803 0003
14803 0004
14803 0005
14803 0006
14803 0007
14803 0008
14803 0009
14803 0010
14803 0011
14803 0012
14803 0013
14803 0014
14803 0015
14803 0016
14803 0017
14803 0018
14803 0019
14803 0020
14803 0021
14803 0022
14803 0023
14809 0000
14809 0001
14809 0002
14809 0003
14809 0004
14809 0005
14809 0006
14809 0007
14809 0008
14809 0009
14809 0010
14809 0011
14809 0012
14813 0000
14813 0001
14813 0002
14813 0003
14813 0004
14813 0005
14813 0006
14813 0007
14813 0008
14813 0009
14813 0010
14813 0011
14813 0012
14813 0013
14813 0014
14813 0015
14813 0016
14813 0017
14813 0018
14813 0019
14813 0020
14813 0021
14813 0022
14813 0023
14813 0024
14813 0025
14817 0000
14817 0001
14817 0002
14817 0003
14817 0004
14817 0005
14817 0006
14817 0007
14817 0008
14817 0009
14817 0010
14817 0011
14817 0012
14817 0013
14817 0014
14817 0015
14817 0016
14817 0017
14817 0018
14817 0019
14817 0020
14817 0021
14817 0022
14817 0023
14817 0024
14820 0000
14820 0001
14820 0002
14820 0003
14820 0004
14820 0005
14820 0006
14820 0007
14820 0008
14820 0009
14820 0010
14820 0011
14820 0012
14820 0013
14820 0014
14820 0015
14820 0016
14822 0000
14822 0001
14822 0002
14822 0003
14822 0004
14822 0005
14822 0006
14822 0007
14822 0008
14822 0009
14822 0010
14822 0011
14822 0012
14822 0013
14822 0014
14822 0015
14822 0016
14822 0017
14822 0018
14822 0019
14822 0020
14822 0021
14822 0022
14823 0000
14823 0001
14823 0002
14823 0003
14823 0004
14823 0005
14823 0006
14823 0007
14823 0008
14823 0009
14823 0010
14823 0011
14823 0012
14823 0013
14824 0000
14824 0001
14824 0002
14824 0003
14824 0004
14824 0005
14824 0006
14824 0007
14824 0008
14824 0009
14824 0010
14824 0011
14824 0012
14824 0013
14824 0014
14824 0015
14824 0016
14824 0017
14824 0018
14824 0019
14824 0020
14824 0021
14824 0022
14824 0023
14824 0024
14835 0000
14835 0001
14835 0002
14835 0003
14835 0004
14835 0005
14835 0006
14835 0007
14835 0008
14835 0009
14835 0010
14835 0011
14835 0012
14835 0013
14835 0014
14835 0015
14835 0016
14835 0017
14835 0018
14835 0019
14835 0020
14835 0021
14835 0022
14835 0023
14837 0000
14837 0001
14837 0002
14837 0003
14837 0004
14837 0005
14837 0006
14837 0007
14837 0008
14837 0009
14837 0010
14837 0011
14837 0012
14837 0013
14837 0014
14837 0015
14837 0016
14837 0017
14837 0018
14837 0019
14837 0020
14837 0021
14837 0022
14837 0023
14837 0024
14849 0000
14849 0001
14849 0002
14849 0003
14849 0004
14849 0005
14849 0006
14849 0007
14849 0008
14849 0009
14849 0010
14849 0011
14849 0012
14849 0013
14849 0014
14849 0015
14849 0016
14849 0017
14849 0018
14849 0019
14849 0020
14849 0021
14849 0022
14849 0023
14849 0024
14851 0000
14851 0001
14851 0002
14851 0003
14851 0004
14851 0005
14851 0006
14851 0007
14851 0008
14851 0009
14851 0010
14851 0011
14851 0012
14851 0013
14851 0014
14851 0015
14851 0016
14851 0017
14851 0018
14851 0019
14851 0020
14851 0021
14851 0022
14851 0023
14851 0024
14861 0000
14861 0001
14861 0002
14861 0003
14861 0004
14861 0005
14861 0006
14861 0007
14861 0008
14861 0009
14861 0010
14861 0011
14861 0012
14861 0013
14861 0014
14861 0015
14861 0016
14861 0017
14861 0018
14861 0019
14861 0020
14862 0000
14862 0001
14862 0002
14862 0003
14862 0004
14862 0005
14862 0006
14862 0007
14862 0008
14862 0009
14862 0010
14862 0011
14862 0012
14862 0013
14862 0014
14862 0015
14862 0016
14862 0017
14862 0018
14862 0019
14862 0020
14862 0021
14862 0022
14862 0023
14866 0000
14866 0001
14866 0002
14866 0003
14866 0004
14866 0005
14866 0006
14866 0007
14866 0008
14866 0009
14866 0010
14866 0011
14866 0012
14869 0000
14869 0001
14869 0002
14869 0003
14869 0004
14869 0005
14869 0006
14869 0007
14869 0008
14869 0009
14869 0010
14869 0011
14869 0012
14869 0013
14869 0014
14869 0015
14869 0016
14869 0017
14872 0000
14872 0001
14872 0002
14872 0003
14872 0004
14872 0005
14872 0006
14872 0007
14872 0008
14872 0009
14872 0010
14872 0011
14872 0012
14872 0013
14872 0014
14876 0000
14876 0001
14876 0002
14876 0003
14876 0004
14876 0005
14876 0006
14876 0007
14876 0008
14876 0009
14876 0010
14876 0011
14876 0012
14876 0013
14876 0014
14876 0015
14876 0016
14876 0017
14876 0018
14876 0019
14876 0020
14876 0021
14876 0022
14876 0023
14876 0024
14876 0025
14876 0026
14876 0027
14876 0028
14876 0029
14876 0030
14876 0031
14876 0032
14877 0000
14877 0001
14877 0002
14877 0003
14877 0004
14877 0005
14877 0006
14877 0007
14877 0008
14877 0009
14877 0010
14877 0011
14877 0012
14877 0013
14877 0014
14877 0015
14877 0016
14877 0017
14877 0018
14877 0019
14877 0020
14877 0021
14877 0022
14877 0023
14879 0000
14879 0001
14879 0002
14879 0003
14879 0004
14879 0005
14879 0006
14879 0007
14879 0008
14879 0009
14879 0010
14879 0011
14879 0012
14879 0013
14879 0014
14879 0015
14879 0016
14879 0017
14879 0018
14879 0019
14879 0020
14879 0021
14879 0022
14879 0023
14879 0024
14879 0025
14883 0000
14883 0001
14883 0002
14883 0003
14883 0004
14883 0005
14883 0006
14883 0007
14883 0008
14883 0009
14883 0010
14883 0011
14883 0012
14883 0013
14883 0014
14883 0015
14883 0016
14883 0017
14883 0018
14883 0019
14883 0020
14883 0021
14883 0022
14883 0023
14883 0024
14883 0025
14883 0026
14883 0027
14883 0028
14883 0029
14884 0000
14884 0001
14884 0002
14884 0003
14884 0004
14884 0005
14884 0006
14884 0007
14884 0008
14884 0009
14884 0010
14884 0011
14884 0012
14884 0013
14884 0014
14884 0015
14884 0016
14884 0017
14884 0018
14884 0019
14884 0020
14884 0021
14887 0000
14887 0001
14887 0002
14887 0003
14887 0004
14887 0005
14887 0006
14887 0007
14887 0008
14887 0009
14887 0010
14887 0011
14887 0012
14887 0013
14887 0014
14887 0015
14887 0016
14888 0000
14888 0001
14888 0002
14888 0003
14888 0004
14888 0005
14888 0006
14888 0007
14888 0008
14888 0009
14888 0010
14888 0011
14888 0012
14888 0013
14888 0014
14888 0015
14888 0016
14888 0017
14888 0018
14888 0019
14888 0020
14888 0021
14888 0022
14888 0023
14888 0024
14888 0025
14892 0000
14892 0001
14892 0002
14892 0003
14892 0004
14892 0005
14892 0006
14892 0007
14892 0008
14892 0009
14892 0010
14892 0011
14892 0012
14892 0013
14892 0014
14892 0015
14892 0016
14892 0017
14892 0018
14892 0019
14892 0020
14892 0021
14892 0022
14893 0000
14893 0001
14893 0002
14893 0003
14893 0004
14893 0005
14893 0006
14893 0007
14893 0008
14893 0009
14893 0010
14893 0011
14893 0012
14893 0013
14893 0014
14893 0015
14893 0016
14893 0017
14893 0018
14893 0019
14893 0020
14895 0000
14895 0001
14895 0002
14895 0003
14895 0004
14895 0005
14895 0006
14895 0007
14895 0008
14895 0009
14895 0010
14895 0011
14895 0012
14895 0013
14895 0014
14895 0015
14895 0016
14895 0017
14895 0018
14895 0019
14895 0020
14895 0021
14901 0000
14901 0001
14901 0002
14901 0003
14901 0004
14901 0005
14901 0006
14901 0007
14901 0008
14901 0009
14901 0010
14901 0011
14901 0012
14901 0013
14901 0014
14901 0015
14901 0016
14901 0017
14901 0018
14901 0019
14901 0020
14901 0021
14907 0000
14907 0001
14907 0002
14907 0003
14907 0004
14907 0005
14907 0006
14907 0007
14907 0008
14907 0009
14907 0010
14907 0011
14907 0012
14907 0013
14907 0014
14907 0015
14907 0016
14908 0000
14908 0001
14908 0002
14908 0003
14908 0004
14908 0005
14908 0006
14908 0007
14908 0008
14908 0009
14908 0010
14908 0011
14908 0012
14908 0013
14908 0014
14908 0015
14908 0016
14908 0017
14908 0018
14908 0019
14908 0020
14908 0021
14908 0022
14908 0023
14908 0024
14908 0025
14908 0026
14908 0027
14908 0028
14908 0029
14914 0000
14914 0001
14914 0002
14914 0003
14914 0004
14914 0005
14914 0006
14914 0007
14914 0008
14914 0009
14914 0010
14914 0011
14914 0012
14914 0013
14914 0014
14914 0015
14914 0016
14914 0017
14914 0018
14914 0019
14914 0020
14916 0000
14916 0001
14916 0002
14916 0003
14916 0004
14916 0005
14916 0006
14916 0007
14916 0008
14916 0009
14916 0010
14916 0011
14916 0012
14916 0013
14916 0014
14916 0015
14916 0016
14916 0017
14916 0018
14916 0019
14916 0020
14916 0021
14916 0022
14916 0023
14916 0024
14924 0000
14924 0001
14924 0002
14924 0003
14924 0004
14924 0005
14924 0006
14924 0007
14924 0008
14924 0009
14924 0010
14924 0011
14924 0012
14924 0013
14924 0014
14924 0015
14924 0016
14924 0017
14924 0018
14924 0019
14924 0020
14924 0021
14924 0022
14924 0023
14924 0024
14924 0025
14924 0026
14924 0027
14924 0028
14924 0029
14927 0000
14927 0001
14927 0002
14927 0003
14927 0004
14927 0005
14927 0006
14927 0007
14927 0008
14927 0009
14927 0010
14927 0011
14927 0012
14927 0013
14927 0014
14927 0015
14927 0016
14927 0017
14927 0018
14927 0019
14938 0000
14938 0001
14938 0002
14938 0003
14938 0004
14938 0005
14938 0006
14938 0007
14938 0008
14938 0009
14938 0010
14938 0011
14938 0012
14938 0013
14938 0014
14938 0015
14938 0016
14938 0017
14938 0018
14938 0019
14938 0020
14938 0021
14938 0022
14938 0023
14938 0024
14938 0025
14938 0026
14938 0027
14938 0028
14938 0029
14938 0030
14940 0000
14940 0001
14940 0002
14940 0003
14940 0004
14940 0005
14940 0006
14940 0007
14940 0008
14940 0009
14940 0010
14940 0011
14940 0012
14940 0013
14940 0014
14940 0015
14940 0016
14940 0017
14940 0018
14940 0019
14940 0020
14940 0021
14940 0022
14940 0023
14940 0024
14940 0025
14940 0026
14940 0027
14940 0028
14940 0029
14940 0030
14940 0031
14943 0000
14943 0001
14943 0002
14943 0003
14943 0004
14943 0005
14943 0006
14943 0007
14943 0008
14943 0009
14943 0010
14943 0011
14943 0012
14943 0013
14943 0014
14943 0015
14943 0016
14945 0000
14945 0001
14945 0002
14945 0003
14945 0004
14945 0005
14945 0006
14945 0007
14945 0008
14945 0009
14945 0010
14945 0011
14945 0012
14945 0013
14945 0014
14945 0015
14945 0016
14945 0017
14945 0018
14945 0019
14945 0020
14945 0021
14945 0022
14946 0000
14946 0001
14946 0002
14946 0003
14946 0004
14946 0005
14946 0006
14946 0007
14946 0008
14946 0009
14946 0010
14946 0011
14946 0012
14946 0013
14946 0014
14946 0015
14946 0016
14946 0017
14946 0018
14946 0019
14946 0020
14946 0021
14946 0022
14947 0000
14947 0001
14947 0002
14947 0003
14947 0004
14947 0005
14947 0006
14947 0007
14947 0008
14947 0009
14947 0010
14947 0011
14947 0012
14947 0013
14947 0014
14947 0015
14947 0016
14947 0017
14947 0018
14947 0019
14947 0020
14947 0021
14947 0022
14948 0000
14948 0001
14948 0002
14948 0003
14948 0004
14948 0005
14948 0006
14948 0007
14948 0008
14948 0009
14948 0010
14948 0011
14948 0012
14948 0013
14952 0000
14952 0001
14952 0002
14952 0003
14952 0004
14952 0005
14952 0006
14952 0007
14952 0008
14952 0009
14952 0010
14952 0011
14952 0012
14952 0013
14952 0014
14952 0015
14952 0016
14952 0017
14952 0018
14953 0000
14953 0001
14953 0002
14953 0003
14953 0004
14953 0005
14953 0006
14953 0007
14953 0008
14953 0009
14953 0010
14953 0011
14953 0012
14953 0013
14953 0014
14953 0015
14953 0016
14953 0017
14953 0018
14953 0019
14954 0000
14954 0001
14954 0002
14954 0003
14954 0004
14954 0005
14954 0006
14954 0007
14954 0008
14954 0009
14954 0010
14954 0011
14954 0012
14954 0013
14954 0014
14954 0015
14954 0016
14954 0017
14954 0018
14954 0019
14954 0020
14954 0021
14954 0022
14954 0023
14954 0024
14954 0025
14954 0026
14954 0027
14955 0000
14955 0001
14955 0002
14955 0003
14955 0004
14955 0005
14955 0006
14955 0007
14955 0008
14955 0009
14955 0010
14955 0011
14955 0012
14955 0013
14955 0014
14955 0015
14955 0016
14955 0017
14955 0018
14955 0019
14955 0020
14955 0021
14955 0022
14955 0023
14959 0000
14959 0001
14959 0002
14959 0003
14959 0004
14959 0005
14959 0006
14959 0007
14959 0008
14959 0009
14959 0010
14959 0011
14959 0012
14959 0013
14959 0014
14959 0015
14959 0016
14960 0000
14960 0001
14960 0002
14960 0003
14960 0004
14960 0005
14960 0006
14960 0007
14960 0008
14960 0009
14960 0010
14960 0011
14960 0012
14960 0013
14960 0014
14960 0015
14960 0016
14960 0017
14960 0018
14960 0019
14960 0020
14962 0000
14962 0001
14962 0002
14962 0003
14962 0004
14962 0005
14962 0006
14962 0007
14962 0008
14962 0009
14962 0010
14962 0011
14962 0012
14962 0013
14962 0014
14962 0015
14962 0016
14962 0017
14963 0000
14963 0001
14963 0002
14963 0003
14963 0004
14963 0005
14963 0006
14963 0007
14963 0008
14963 0009
14963 0010
14963 0011
14963 0012
14963 0013
14963 0014
14963 0015
14963 0016
14965 0000
14965 0001
14965 0002
14965 0003
14965 0004
14965 0005
14965 0006
14965 0007
14965 0008
14965 0009
14965 0010
14965 0011
14965 0012
14965 0013
14965 0014
14965 0015
14965 0016
14965 0017
14965 0018
14965 0019
14965 0020
14965 0021
14965 0022
14965 0023
14965 0024
14965 0025
14966 0000
14966 0001
14966 0002
14966 0003
14966 0004
14966 0005
14966 0006
14966 0007
14966 0008
14966 0009
14966 0010
14966 0011
14966 0012
14966 0013
14966 0014
14966 0015
14966 0016
14966 0017
14966 0018
14966 0019
14966 0020
14966 0021
14966 0022
14966 0023
14966 0024
14967 0000
14967 0001
14967 0002
14967 0003
14967 0004
14967 0005
14967 0006
14967 0007
14967 0008
14967 0009
14967 0010
14967 0011
14967 0012
14967 0013
14967 0014
14967 0015
14967 0016
14967 0017
14967 0018
14967 0019
14967 0020
14967 0021
14970 0000
14970 0001
14970 0002
14970 0003
14970 0004
14970 0005
14970 0006
14970 0007
14970 0008
14970 0009
14970 0010
14970 0011
14970 0012
14970 0013
14970 0014
14970 0015
14970 0016
14970 0017
14970 0018
14970 0019
14970 0020
14970 0021
14970 0022
14970 0023
14970 0024
14970 0025
14970 0026
14970 0027
14970 0028
14971 0000
14971 0001
14971 0002
14971 0003
14971 0004
14971 0005
14971 0006
14971 0007
14971 0008
14971 0009
14971 0010
14971 0011
14971 0012
14971 0013
14971 0014
14971 0015
14971 0016
14971 0017
14971 0018
14971 0019
14971 0020
14971 0021
14971 0022
14971 0023
14971 0024
14971 0025
14971 0026
14971 0027
14971 0028
14971 0029
14971 0030
14971 0031
14976 0000
14976 0001
14976 0002
14976 0003
14976 0004
14976 0005
14976 0006
14976 0007
14976 0008
14976 0009
14976 0010
14976 0011
14976 0012
14976 0013
14976 0014
14976 0015
14976 0016
14976 0017
14977 0000
14977 0001
14977 0002
14977 0003
14977 0004
14977 0005
14977 0006
14977 0007
14977 0008
14977 0009
14977 0010
14977 0011
14977 0012
14977 0013
14977 0014
14977 0015
14977 0016
14977 0017
14977 0018
14977 0019
14977 0020
14977 0021
14977 0022
14977 0023
14977 0024
14986 0000
14986 0001
14986 0002
14986 0003
14986 0004
14986 0005
14986 0006
14986 0007
14986 0008
14986 0009
14986 0010
14986 0011
14986 0012
14986 0013
14986 0014
14986 0015
14986 0016
14986 0017
14986 0018
14986 0019
14986 0020
14986 0021
14986 0022
14986 0023
14986 0024
14986 0025
14986 0026
14988 0000
14988 0001
14988 0002
14988 0003
14988 0004
14988 0005
14988 0006
14988 0007
14988 0008
14988 0009
14988 0010
14988 0011
14988 0012
14988 0013
14988 0014
14988 0015
14988 0016
14988 0017
14988 0018
14988 0019
14988 0020
14988 0021
14991 0000
14991 0001
14991 0002
14991 0003
14991 0004
14991 0005
14991 0006
14991 0007
14991 0008
14991 0009
14991 0010
14991 0011
14991 0012
14991 0013
14991 0014
14991 0015
14992 0000
14992 0001
14992 0002
14992 0003
14992 0004
14992 0005
14992 0006
14992 0007
14992 0008
14992 0009
14992 0010
14992 0011
14992 0012
14992 0013
14992 0014
14992 0015
14992 0016
14992 0017
14993 0000
14993 0001
14993 0002
14993 0003
14993 0004
14993 0005
14993 0006
14993 0007
14993 0008
14993 0009
14993 0010
14993 0011
14993 0012
14993 0013
14993 0014
14993 0015
14993 0016
14993 0017
14993 0018
14993 0019
14993 0020
14998 0000
14998 0001
14998 0002
14998 0003
14998 0004
14998 0005
14998 0006
14998 0007
14998 0008
14998 0009
14998 0010
14998 0011
14998 0012
14998 0013
14998 0014
14998 0015
14998 0016
14999 0000
14999 0001
14999 0002
14999 0003
14999 0004
14999 0005
14999 0006
14999 0007
14999 0008
14999 0009
14999 0010
14999 0011
14999 0012
14999 0013
14999 0014
14999 0015
14999 0016
14999 0017
14999 0018
14999 0019
14999 0020
14999 0021
14999 0022
14999 0023
14999 0024
14999 0025
14999 0026
14999 0027
14999 0028
14999 0029
14999 0030
14999 0031
14999 0032
14999 0033
15002 0000
15002 0001
15002 0002
15002 0003
15002 0004
15002 0005
15002 0006
15002 0007
15002 0008
15002 0009
15006 0000
15006 0001
15006 0002
15006 0003
15006 0004
15006 0005
15006 0006
15006 0007
15006 0008
15006 0009
15006 0010
15006 0011
15006 0012
15006 0013
15006 0014
15006 0015
15006 0016
15006 0017
15006 0018
15008 0000
15008 0001
15008 0002
15008 0003
15008 0004
15008 0005
15008 0006
15008 0007
15008 0008
15008 0009
15008 0010
15008 0011
15008 0012
15008 0013
15008 0014
15008 0015
15008 0016
15008 0017
15008 0018
15022 0000
15022 0001
15022 0002
15022 0003
15022 0004
15022 0005
15022 0006
15022 0007
15022 0008
15022 0009
15022 0010
15022 0011
15022 0012
15022 0013
15022 0014
15022 0015
15022 0016
15022 0017
15022 0018
15022 0019
15022 0020
15022 0021
15022 0022
15022 0023
15022 0024
15022 0025
15022 0026
15022 0027
15022 0028
15022 0029
15022 0030
15024 0000
15024 0001
15024 0002
15024 0003
15024 0004
15024 0005
15024 0006
15024 0007
15024 0008
15024 0009
15024 0010
15024 0011
15024 0012
15024 0013
15024 0014
15024 0015
15024 0016
15024 0017
15024 0018
15024 0019
15024 0020
15024 0021
15024 0022
15024 0023
15024 0024
15024 0025
15024 0026
15024 0027
15029 0000
15029 0001
15029 0002
15029 0003
15029 0004
15029 0005
15029 0006
15029 0007
15029 0008
15029 0009
15029 0010
15029 0011
15029 0012
15029 0013
15029 0014
15029 0015
15029 0016
15029 0017
15029 0018
15029 0019
15033 0000
15033 0001
15033 0002
15033 0003
15033 0004
15033 0005
15033 0006
15033 0007
15033 0008
15033 0009
15033 0010
15033 0011
15033 0012
15033 0013
15033 0014
15033 0015
15033 0016
15033 0017
15033 0018
15033 0019
15033 0020
15033 0021
15033 0022
15033 0023
15033 0024
15033 0025
15033 0026
15035 0000
15035 0001
15035 0002
15035 0003
15035 0004
15035 0005
15035 0006
15035 0007
15035 0008
15035 0009
15035 0010
15035 0011
15035 0012
15035 0013
15035 0014
15035 0015
15035 0016
15035 0017
15035 0018
15035 0019
15035 0020
15035 0021
15035 0022
15035 0023
15042 0000
15042 0001
15042 0002
15042 0003
15042 0004
15042 0005
15042 0006
15042 0007
15042 0008
15042 0009
15042 0010
15042 0011
15042 0012
15042 0013
15042 0014
15042 0015
15042 0016
15042 0017
15042 0018
15042 0019
15042 0020
15042 0021
15042 0022
15042 0023
15042 0024
15042 0025
15042 0026
15042 0027
15042 0028
15042 0029
15043 0000
15043 0001
15043 0002
15043 0003
15043 0004
15043 0005
15043 0006
15043 0007
15043 0008
15043 0009
15043 0010
15043 0011
15043 0012
15043 0013
15043 0014
15043 0015
15043 0016
15043 0017
15043 0018
15043 0019
15043 0020
15043 0021
15043 0022
15043 0023
15044 0000
15044 0001
15044 0002
15044 0003
15044 0004
15044 0005
15044 0006
15044 0007
15044 0008
15044 0009
15044 0010
15044 0011
15044 0012
15044 0013
15044 0014
15044 0015
15044 0016
15046 0000
15046 0001
15046 0002
15046 0003
15046 0004
15046 0005
15046 0006
15046 0007
15046 0008
15046 0009
15046 0010
15046 0011
15046 0012
15046 0013
15046 0014
15046 0015
15046 0016
15046 0017
15046 0018
15046 0019
15046 0020
15057 0000
15057 0001
15057 0002
15057 0003
15057 0004
15057 0005
15057 0006
15057 0007
15057 0008
15057 0009
15057 0010
15057 0011
15057 0012
15057 0013
15057 0014
15057 0015
15057 0016
15057 0017
15057 0018
15057 0019
15057 0020
15057 0021
15057 0022
15057 0023
15057 0024
15057 0025
15057 0026
15057 0027
15057 0028
15057 0029
15057 0030
15057 0031
15057 0032
15058 0000
15058 0001
15058 0002
15058 0003
15058 0004
15058 0005
15058 0006
15058 0007
15058 0008
15058 0009
15058 0010
15058 0011
15058 0012
15058 0013
15058 0014
15058 0015
15058 0016
15058 0017
15058 0018
15058 0019
15058 0020
15058 0021
15058 0022
15063 0000
15063 0001
15063 0002
15063 0003
15063 0004
15063 0005
15063 0006
15063 0007
15063 0008
15063 0009
15063 0010
15063 0011
15063 0012
15063 0013
15063 0014
15063 0015
15063 0016
15064 0000
15064 0001
15064 0002
15064 0003
15064 0004
15064 0005
15064 0006
15064 0007
15064 0008
15064 0009
15064 0010
15064 0011
15064 0012
15064 0013
15064 0014
15064 0015
15064 0016
15064 0017
15064 0018
15070 0000
15070 0001
15070 0002
15070 0003
15070 0004
15070 0005
15070 0006
15070 0007
15070 0008
15070 0009
15070 0010
15070 0011
15070 0012
15070 0013
15070 0014
15070 0015
15070 0016
15070 0017
15070 0018
15070 0019
15070 0020
15070 0021
15070 0022
15070 0023
15070 0024
15070 0025
15070 0026
15070 0027
15070 0028
15070 0029
15070 0030
15072 0000
15072 0001
15072 0002
15072 0003
15072 0004
15072 0005
15072 0006
15072 0007
15072 0008
15072 0009
15072 0010
15072 0011
15072 0012
15072 0013
15072 0014
15072 0015
15072 0016
15072 0017
15072 0018
15072 0019
15072 0020
15073 0000
15073 0001
15073 0002
15073 0003
15073 0004
15073 0005
15073 0006
15073 0007
15073 0008
15073 0009
15073 0010
15073 0011
15073 0012
15073 0013
15073 0014
15073 0015
15073 0016
15073 0017
15073 0018
15073 0019
15073 0020
15073 0021
15073 0022
15073 0023
15073 0024
15073 0025
15073 0026
15073 0027
15073 0028
15073 0029
15078 0000
15078 0001
15078 0002
15078 0003
15078 0004
15078 0005
15078 0006
15078 0007
15078 0008
15078 0009
15078 0010
15078 0011
15078 0012
15078 0013
15078 0014
15078 0015
15078 0016
15078 0017
15078 0018
15078 0019
15078 0020
15090 0000
15090 0001
15090 0002
15090 0003
15090 0004
15090 0005
15090 0006
15090 0007
15090 0008
15090 0009
15090 0010
15090 0011
15090 0012
15090 0013
15090 0014
15090 0015
15102 0000
15102 0001
15102 0002
15102 0003
15102 0004
15102 0005
15102 0006
15102 0007
15102 0008
15102 0009
15102 0010
15102 0011
15102 0012
15102 0013
15102 0014
15102 0015
15102 0016
15104 0000
15104 0001
15104 0002
15104 0003
15104 0004
15104 0005
15104 0006
15104 0007
15104 0008
15104 0009
15104 0010
15104 0011
15104 0012
15104 0013
15104 0014
15104 0015
15104 0016
15104 0017
15104 0018
15104 0019
15104 0020
15104 0021
15104 0022
15104 0023
15104 0024
15104 0025
15104 0026
15104 0027
15104 0028
15104 0029
15110 0000
15110 0001
15110 0002
15110 0003
15110 0004
15110 0005
15110 0006
15110 0007
15110 0008
15110 0009
15110 0010
15110 0011
15110 0012
15110 0013
15110 0014
15110 0015
15110 0016
15110 0017
15110 0018
15110 0019
15110 0020
15110 0021
15114 0000
15114 0001
15114 0002
15114 0003
15114 0004
15114 0005
15114 0006
15114 0007
15114 0008
15114 0009
15114 0010
15114 0011
15114 0012
15114 0013
15114 0014
15114 0015
15114 0016
15114 0017
15114 0018
15114 0019
15115 0000
15115 0001
15115 0002
15115 0003
15115 0004
15115 0005
15115 0006
15115 0007
15115 0008
15115 0009
15115 0010
15115 0011
15115 0012
15115 0013
15115 0014
15115 0015
15115 0016
15115 0017
15115 0018
15115 0019
15115 0020
15115 0021
15115 0022
15115 0023
15140 0000
15140 0001
15140 0002
15140 0003
15140 0004
15140 0005
15140 0006
15140 0007
15140 0008
15140 0009
15140 0010
15140 0011
15140 0012
15140 0013
15140 0014
15140 0015
15143 0000
15143 0001
15143 0002
15143 0003
15143 0004
15143 0005
15143 0006
15143 0007
15143 0008
15143 0009
15143 0010
15143 0011
15143 0012
15143 0013
15143 0014
15143 0015
15143 0016
15143 0017
15143 0018
15143 0019
15143 0020
15143 0021
15143 0022
15143 0023
15143 0024
15147 0000
15147 0001
15147 0002
15147 0003
15147 0004
15147 0005
15147 0006
15147 0007
15147 0008
15147 0009
15147 0010
15147 0011
15147 0012
15147 0013
15147 0014
15147 0015
15147 0016
15147 0017
15147 0018
15147 0019
15148 0000
15148 0001
15148 0002
15148 0003
15148 0004
15148 0005
15148 0006
15148 0007
15148 0008
15148 0009
15148 0010
15148 0011
15148 0012
15148 0013
15148 0014
15148 0015
15148 0016
15148 0017
15148 0018
15148 0019
15162 0000
15162 0001
15162 0002
15162 0003
15162 0004
15162 0005
15162 0006
15162 0007
15162 0008
15162 0009
15162 0010
15162 0011
15162 0012
15162 0013
15162 0014
15163 0000
15163 0001
15163 0002
15163 0003
15163 0004
15163 0005
15163 0006
15163 0007
15163 0008
15163 0009
15163 0010
15163 0011
15163 0012
15163 0013
15163 0014
15163 0015
15163 0016
15163 0017
15163 0018
15163 0019
15163 0020
15163 0021
15163 0022
15163 0023
15164 0000
15164 0001
15164 0002
15164 0003
15164 0004
15164 0005
15164 0006
15164 0007
15164 0008
15164 0009
15164 0010
15164 0011
15164 0012
15164 0013
15164 0014
15164 0015
15164 0016
15164 0017
15164 0018
15164 0019
15164 0020
15164 0021
15164 0022
15167 0000
15167 0001
15167 0002
15167 0003
15167 0004
15167 0005
15167 0006
15167 0007
15167 0008
15167 0009
15167 0010
15167 0011
15167 0012
15167 0013
15167 0014
15167 0015
15167 0016
15167 0017
15167 0018
15167 0019
15167 0020
15167 0021
15167 0022
15167 0023
15167 0024
15167 0025
15168 0000
15168 0001
15168 0002
15168 0003
15168 0004
15168 0005
15168 0006
15168 0007
15168 0008
15168 0009
15168 0010
15168 0011
15168 0012
15168 0013
15168 0014
15168 0015
15168 0016
15168 0017
15168 0018
15168 0019
15168 0020
15170 0000
15170 0001
15170 0002
15170 0003
15170 0004
15170 0005
15170 0006
15170 0007
15170 0008
15170 0009
15170 0010
15170 0011
15170 0012
15170 0013
15170 0014
15170 0015
15170 0016
15170 0017
15170 0018
15170 0019
15170 0020
15170 0021
15170 0022
15170 0023
15170 0024
15170 0025
15170 0026
15170 0027
15170 0028
15170 0029
15170 0030
15170 0031
15172 0000
15172 0001
15172 0002
15172 0003
15172 0004
15172 0005
15172 0006
15172 0007
15172 0008
15172 0009
15172 0010
15172 0011
15172 0012
15172 0013
15172 0014
15172 0015
15172 0016
15172 0017
15172 0018
15172 0019
15172 0020
15172 0021
15172 0022
15173 0000
15173 0001
15173 0002
15173 0003
15173 0004
15173 0005
15173 0006
15173 0007
15173 0008
15173 0009
15173 0010
15173 0011
15173 0012
15173 0013
15173 0014
15173 0015
15174 0000
15174 0001
15174 0002
15174 0003
15174 0004
15174 0005
15174 0006
15174 0007
15174 0008
15174 0009
15174 0010
15174 0011
15174 0012
15174 0013
15174 0014
15174 0015
15174 0016
15174 0017
15174 0018
15174 0019
15174 0020
15174 0021
15174 0022
15174 0023
15174 0024
15174 0025
15178 0000
15178 0001
15178 0002
15178 0003
15178 0004
15178 0005
15178 0006
15178 0007
15178 0008
15178 0009
15178 0010
15178 0011
15178 0012
15178 0013
15178 0014
15178 0015
15178 0016
15178 0017
15178 0018
15178 0019
15178 0020
15178 0021
15178 0022
15178 0023
15178 0024
15178 0025
15183 0000
15183 0001
15183 0002
15183 0003
15183 0004
15183 0005
15183 0006
15183 0007
15183 0008
15183 0009
15183 0010
15183 0011
15183 0012
15183 0013
15183 0014
15183 0015
15183 0016
15183 0017
15183 0018
15183 0019
15183 0020
15183 0021
15183 0022
15183 0023
15183 0024
15183 0025
15184 0000
15184 0001
15184 0002
15184 0003
15184 0004
15184 0005
15184 0006
15184 0007
15184 0008
15184 0009
15184 0010
15184 0011
15184 0012
15184 0013
15184 0014
15184 0015
15185 0000
15185 0001
15185 0002
15185 0003
15185 0004
15185 0005
15185 0006
15185 0007
15185 0008
15185 0009
15185 0010
15185 0011
15185 0012
15185 0013
15185 0014
15185 0015
15185 0016
15185 0017
15185 0018
15185 0019
15185 0020
15185 0021
15185 0022
15185 0023
15185 0024
15185 0025
15191 0000
15191 0001
15191 0002
15191 0003
15191 0004
15191 0005
15191 0006
15191 0007
15191 0008
15191 0009
15191 0010
15191 0011
15191 0012
15191 0013
15191 0014
15191 0015
15191 0016
15191 0017
15191 0018
15193 0000
15193 0001
15193 0002
15193 0003
15193 0004
15193 0005
15193 0006
15193 0007
15193 0008
15193 0009
15193 0010
15193 0011
15193 0012
15193 0013
15193 0014
15193 0015
15193 0016
15194 0000
15194 0001
15194 0002
15194 0003
15194 0004
15194 0005
15194 0006
15194 0007
15194 0008
15194 0009
15194 0010
15194 0011
15194 0012
15194 0013
15194 0014
15194 0015
15194 0016
15194 0017
15194 0018
15194 0019
15194 0020
15194 0021
15194 0022
15194 0023
15194 0024
15194 0025
15194 0026
15194 0027
15196 0000
15196 0001
15196 0002
15196 0003
15196 0004
15196 0005
15196 0006
15196 0007
15196 0008
15196 0009
15196 0010
15196 0011
15196 0012
15196 0013
15196 0014
15196 0015
15196 0016
15196 0017
15196 0018
15205 0000
15205 0001
15205 0002
15205 0003
15205 0004
15205 0005
15205 0006
15205 0007
15205 0008
15205 0009
15205 0010
15205 0011
15205 0012
15205 0013
15205 0014
15205 0015
15205 0016
15205 0017
15205 0018
15205 0019
15205 0020
15205 0021
15207 0000
15207 0001
15207 0002
15207 0003
15207 0004
15207 0005
15207 0006
15207 0007
15207 0008
15207 0009
15207 0010
15207 0011
15207 0012
15207 0013
15207 0014
15207 0015
15207 0016
15207 0017
15207 0018
15207 0019
15207 0020
15207 0021
15208 0000
15208 0001
15208 0002
15208 0003
15208 0004
15208 0005
15208 0006
15208 0007
15208 0008
15208 0009
15208 0010
15208 0011
15208 0012
15208 0013
15208 0014
15208 0015
15208 0016
15208 0017
15208 0018
15208 0019
15208 0020
15208 0021
15208 0022
15215 0000
15215 0001
15215 0002
15215 0003
15215 0004
15215 0005
15215 0006
15215 0007
15215 0008
15215 0009
15215 0010
15215 0011
15215 0012
15215 0013
15215 0014
15215 0015
15215 0016
15215 0017
15215 0018
15215 0019
15215 0020
15215 0021
15215 0022
15215 0023
15223 0000
15223 0001
15223 0002
15223 0003
15223 0004
15223 0005
15223 0006
15223 0007
15223 0008
15223 0009
15223 0010
15223 0011
15223 0012
15223 0013
15223 0014
15223 0015
15223 0016
15223 0017
15223 0018
15223 0019
15223 0020
15223 0021
15223 0022
15223 0023
15223 0024
15223 0025
15223 0026
15223 0027
15223 0028
15227 0000
15227 0001
15227 0002
15227 0003
15227 0004
15227 0005
15227 0006
15227 0007
15227 0008
15227 0009
15227 0010
15227 0011
15227 0012
15227 0013
15227 0014
15227 0015
15236 0000
15236 0001
15236 0002
15236 0003
15236 0004
15236 0005
15236 0006
15236 0007
15236 0008
15236 0009
15236 0010
15236 0011
15236 0012
15236 0013
15236 0014
15236 0015
15236 0016
15236 0017
15236 0018
15236 0019
15236 0020
15236 0021
15236 0022
15236 0023
15236 0024
15236 0025
15237 0000
15237 0001
15237 0002
15237 0003
15237 0004
15237 0005
15237 0006
15237 0007
15237 0008
15237 0009
15237 0010
15237 0011
15237 0012
15237 0013
15237 0014
15237 0015
15237 0016
15237 0017
15237 0018
15237 0019
15237 0020
15237 0021
15237 0022
15237 0023
15237 0024
15237 0025
15237 0026
15237 0027
15247 0000
15247 0001
15247 0002
15247 0003
15247 0004
15247 0005
15247 0006
15247 0007
15247 0008
15247 0009
15247 0010
15247 0011
15247 0012
15247 0013
15247 0014
15247 0015
15247 0016
15247 0017
15247 0018
15247 0019
15247 0020
15247 0021
15247 0022
15247 0023
15247 0024
15247 0025
15247 0026
15247 0027
15247 0028
15247 0029
15247 0030
15248 0000
15248 0001
15248 0002
15248 0003
15248 0004
15248 0005
15248 0006
15248 0007
15248 0008
15248 0009
15248 0010
15248 0011
15248 0012
15248 0013
15248 0014
15248 0015
15248 0016
15248 0017
15248 0018
15250 0000
15250 0001
15250 0002
15250 0003
15250 0004
15250 0005
15250 0006
15250 0007
15250 0008
15250 0009
15250 0010
15250 0011
15250 0012
15250 0013
15250 0014
15250 0015
15250 0016
15250 0017
15250 0018
15250 0019
15250 0020
15250 0021
15250 0022
15250 0023
15250 0024
15250 0025
15250 0026
15254 0000
15254 0001
15254 0002
15254 0003
15254 0004
15254 0005
15254 0006
15254 0007
15254 0008
15254 0009
15254 0010
15254 0011
15254 0012
15254 0013
15254 0014
15254 0015
15254 0016
15254 0017
15254 0018
15254 0019
15254 0020
15254 0021
15254 0022
15254 0023
15254 0024
15254 0025
15254 0026
15256 0000
15256 0001
15256 0002
15256 0003
15256 0004
15256 0005
15256 0006
15256 0007
15256 0008
15256 0009
15256 0010
15256 0011
15256 0012
15256 0013
15256 0014
15257 0000
15257 0001
15257 0002
15257 0003
15257 0004
15257 0005
15257 0006
15257 0007
15257 0008
15257 0009
15257 0010
15257 0011
15257 0012
15257 0013
15257 0014
15257 0015
15257 0016
15257 0017
15257 0018
15257 0019
15260 0000
15260 0001
15260 0002
15260 0003
15260 0004
15260 0005
15260 0006
15260 0007
15260 0008
15260 0009
15260 0010
15260 0011
15260 0012
15260 0013
15260 0014
15260 0015
15260 0016
15260 0017
15260 0018
15260 0019
15260 0020
15260 0021
15260 0022
15260 0023
15260 0024
15261 0000
15261 0001
15261 0002
15261 0003
15261 0004
15261 0005
15261 0006
15261 0007
15261 0008
15261 0009
15261 0010
15261 0011
15261 0012
15261 0013
15261 0014
15261 0015
15261 0016
15261 0017
15261 0018
15261 0019
15261 0020
15261 0021
15261 0022
15261 0023
15261 0024
15261 0025
15262 0000
15262 0001
15262 0002
15262 0003
15262 0004
15262 0005
15262 0006
15262 0007
15262 0008
15262 0009
15262 0010
15262 0011
15262 0012
15262 0013
15262 0014
15262 0015
15262 0016
15262 0017
15270 0000
15270 0001
15270 0002
15270 0003
15270 0004
15270 0005
15270 0006
15270 0007
15270 0008
15270 0009
15270 0010
15270 0011
15270 0012
15270 0013
15270 0014
15270 0015
15270 0016
15270 0017
15270 0018
15270 0019
15270 0020
15270 0021
15270 0022
15270 0023
15270 0024
15270 0025
15270 0026
15270 0027
15270 0028
15270 0029
15270 0030
15270 0031
15270 0032
15270 0033
15279 0000
15279 0001
15279 0002
15279 0003
15279 0004
15279 0005
15279 0006
15279 0007
15279 0008
15279 0009
15279 0010
15279 0011
15279 0012
15279 0013
15279 0014
15279 0015
15279 0016
15279 0017
15279 0018
15279 0019
15284 0000
15284 0001
15284 0002
15284 0003
15284 0004
15284 0005
15284 0006
15284 0007
15284 0008
15284 0009
15284 0010
15284 0011
15287 0000
15287 0001
15287 0002
15287 0003
15287 0004
15287 0005
15287 0006
15287 0007
15287 0008
15287 0009
15287 0010
15287 0011
15287 0012
15287 0013
15287 0014
15287 0015
15287 0016
15287 0017
15287 0018
15287 0019
15287 0020
15290 0000
15290 0001
15290 0002
15290 0003
15290 0004
15290 0005
15290 0006
15290 0007
15290 0008
15290 0009
15290 0010
15290 0011
15290 0012
15290 0013
15290 0014
15290 0015
15290 0016
15290 0017
15290 0018
15290 0019
15290 0020
15290 0021
15290 0022
15290 0023
15290 0024
15290 0025
15290 0026
15291 0000
15291 0001
15291 0002
15291 0003
15291 0004
15291 0005
15291 0006
15291 0007
15291 0008
15291 0009
15291 0010
15291 0011
15291 0012
15291 0013
15291 0014
15291 0015
15291 0016
15291 0017
15292 0000
15292 0001
15292 0002
15292 0003
15292 0004
15292 0005
15292 0006
15292 0007
15292 0008
15292 0009
15292 0010
15292 0011
15292 0012
15292 0013
15292 0014
15292 0015
15292 0016
15292 0017
15292 0018
15292 0019
15292 0020
15292 0021
15292 0022
15292 0023
15292 0024
15292 0025
15292 0026
15293 0000
15293 0001
15293 0002
15293 0003
15293 0004
15293 0005
15293 0006
15293 0007
15293 0008
15293 0009
15293 0010
15293 0011
15293 0012
15293 0013
15293 0014
15293 0015
15293 0016
15293 0017
15293 0018
15293 0019
15293 0020
15293 0021
15293 0022
15300 0000
15300 0001
15300 0002
15300 0003
15300 0004
15300 0005
15300 0006
15300 0007
15300 0008
15300 0009
15300 0010
15300 0011
15300 0012
15300 0013
15300 0014
15302 0000
15302 0001
15302 0002
15302 0003
15302 0004
15302 0005
15302 0006
15302 0007
15302 0008
15302 0009
15302 0010
15302 0011
15302 0012
15302 0013
15302 0014
15302 0015
15302 0016
15302 0017
15302 0018
15302 0019
15302 0020
15302 0021
15302 0022
15302 0023
15307 0000
15307 0001
15307 0002
15307 0003
15307 0004
15307 0005
15307 0006
15307 0007
15307 0008
15307 0009
15307 0010
15307 0011
15307 0012
15307 0013
15307 0014
15307 0015
15307 0016
15307 0017
15307 0018
15307 0019
15307 0020
15317 0000
15317 0001
15317 0002
15317 0003
15317 0004
15317 0005
15317 0006
15317 0007
15317 0008
15317 0009
15317 0010
15317 0011
15317 0012
15317 0013
15317 0014
15317 0015
15317 0016
15317 0017
15317 0018
15317 0019
15317 0020
15317 0021
15317 0022
15317 0023
15318 0000
15318 0001
15318 0002
15318 0003
15318 0004
15318 0005
15318 0006
15318 0007
15318 0008
15318 0009
15318 0010
15318 0011
15318 0012
15318 0013
15318 0014
15318 0015
15318 0016
15318 0017
15318 0018
15318 0019
15318 0020
15318 0021
15318 0022
15318 0023
15318 0024
15318 0025
15318 0026
15323 0000
15323 0001
15323 0002
15323 0003
15323 0004
15323 0005
15323 0006
15323 0007
15323 0008
15323 0009
15323 0010
15323 0011
15323 0012
15323 0013
15323 0014
15323 0015
15323 0016
15323 0017
15323 0018
15323 0019
15323 0020
15323 0021
15323 0022
15323 0023
15323 0024
15323 0025
15323 0026
15323 0027
15334 0000
15334 0001
15334 0002
15334 0003
15334 0004
15334 0005
15334 0006
15334 0007
15334 0008
15334 0009
15334 0010
15334 0011
15334 0012
15334 0013
15338 0000
15338 0001
15338 0002
15338 0003
15338 0004
15338 0005
15338 0006
15338 0007
15338 0008
15338 0009
15338 0010
15338 0011
15338 0012
15338 0013
15338 0014
15338 0015
15338 0016
15338 0017
15338 0018
15338 0019
15338 0020
15338 0021
15338 0022
15338 0023
15338 0024
15338 0025
15340 0000
15340 0001
15340 0002
15340 0003
15340 0004
15340 0005
15340 0006
15340 0007
15340 0008
15340 0009
15340 0010
15340 0011
15340 0012
15340 0013
15340 0014
15340 0015
15340 0016
15342 0000
15342 0001
15342 0002
15342 0003
15342 0004
15342 0005
15342 0006
15342 0007
15342 0008
15342 0009
15342 0010
15342 0011
15342 0012
15342 0013
15342 0014
15342 0015
15342 0016
15342 0017
15342 0018
15342 0019
15342 0020
15342 0021
15342 0022
15342 0023
15342 0024
15342 0025
15342 0026
15342 0027
15350 0000
15350 0001
15350 0002
15350 0003
15350 0004
15350 0005
15350 0006
15350 0007
15350 0008
15350 0009
15350 0010
15350 0011
15350 0012
15350 0013
15350 0014
15350 0015
15350 0016
15350 0017
15351 0000
15351 0001
15351 0002
15351 0003
15351 0004
15351 0005
15351 0006
15351 0007
15351 0008
15351 0009
15351 0010
15351 0011
15351 0012
15351 0013
15351 0014
15351 0015
15353 0000
15353 0001
15353 0002
15353 0003
15353 0004
15353 0005
15353 0006
15353 0007
15353 0008
15353 0009
15353 0010
15353 0011
15353 0012
15353 0013
15353 0014
15353 0015
15353 0016
15353 0017
15353 0018
15353 0019
15353 0020
15353 0021
15367 0000
15367 0001
15367 0002
15367 0003
15367 0004
15367 0005
15367 0006
15367 0007
15367 0008
15367 0009
15367 0010
15367 0011
15367 0012
15367 0013
15367 0014
15367 0015
15367 0016
15367 0017
15367 0018
15367 0019
15367 0020
15367 0021
15367 0022
15367 0023
15367 0024
15375 0000
15375 0001
15375 0002
15375 0003
15375 0004
15375 0005
15375 0006
15375 0007
15375 0008
15375 0009
15375 0010
15375 0011
15375 0012
15375 0013
15375 0014
15375 0015
15375 0016
15375 0017
15375 0018
15375 0019
15375 0020
15376 0000
15376 0001
15376 0002
15376 0003
15376 0004
15376 0005
15376 0006
15376 0007
15376 0008
15376 0009
15376 0010
15376 0011
15376 0012
15376 0013
15376 0014
15376 0015
15376 0016
15376 0017
15376 0018
15376 0019
15376 0020
15376 0021
15376 0022
15376 0023
15376 0024
15383 0000
15383 0001
15383 0002
15383 0003
15383 0004
15383 0005
15383 0006
15383 0007
15383 0008
15383 0009
15383 0010
15383 0011
15383 0012
15383 0013
15383 0014
15383 0015
15383 0016
15383 0017
15383 0018
15383 0019
15383 0020
15383 0021
15383 0022
15393 0000
15393 0001
15393 0002
15393 0003
15393 0004
15393 0005
15393 0006
15393 0007
15393 0008
15393 0009
15393 0010
15393 0011
15393 0012
15393 0013
15393 0014
15393 0015
15393 0016
15393 0017
15393 0018
15393 0019
15393 0020
15393 0021
15398 0000
15398 0001
15398 0002
15398 0003
15398 0004
15398 0005
15398 0006
15398 0007
15398 0008
15398 0009
15398 0010
15398 0011
15398 0012
15398 0013
15398 0014
15398 0015
15398 0016
15398 0017
15398 0018
15398 0019
15398 0020
15398 0021
15398 0022
15398 0023
15398 0024
15404 0000
15404 0001
15404 0002
15404 0003
15404 0004
15404 0005
15404 0006
15404 0007
15404 0008
15404 0009
15404 0010
15404 0011
15404 0012
15404 0013
15404 0014
15404 0015
15404 0016
15404 0017
15404 0018
15404 0019
15404 0020
15404 0021
15404 0022
15404 0023
15404 0024
15404 0025
15404 0026
15405 0000
15405 0001
15405 0002
15405 0003
15405 0004
15405 0005
15405 0006
15405 0007
15405 0008
15405 0009
15405 0010
15405 0011
15405 0012
15405 0013
15405 0014
15405 0015
15405 0016
15405 0017
15405 0018
15405 0019
15405 0020
15408 0000
15408 0001
15408 0002
15408 0003
15408 0004
15408 0005
15408 0006
15408 0007
15408 0008
15408 0009
15408 0010
15408 0011
15408 0012
15408 0013
15408 0014
15408 0015
15408 0016
15408 0017
15408 0018
15408 0019
15408 0020
15408 0021
15408 0022
15409 0000
15409 0001
15409 0002
15409 0003
15409 0004
15409 0005
15409 0006
15409 0007
15409 0008
15409 0009
15409 0010
15409 0011
15409 0012
15409 0013
15409 0014
15409 0015
15409 0016
15409 0017
15409 0018
15409 0019
15409 0020
15409 0021
15409 0022
15409 0023
15410 0000
15410 0001
15410 0002
15410 0003
15410 0004
15410 0005
15410 0006
15410 0007
15410 0008
15410 0009
15410 0010
15410 0011
15410 0012
15410 0013
15410 0014
15410 0015
15410 0016
15410 0017
15410 0018
15410 0019
15414 0000
15414 0001
15414 0002
15414 0003
15414 0004
15414 0005
15414 0006
15414 0007
15414 0008
15414 0009
15414 0010
15414 0011
15414 0012
15414 0013
15414 0014
15414 0015
15414 0016
15414 0017
15414 0018
15414 0019
15422 0000
15422 0001
15422 0002
15422 0003
15422 0004
15422 0005
15422 0006
15422 0007
15422 0008
15422 0009
15422 0010
15422 0011
15422 0012
15422 0013
15422 0014
15422 0015
15422 0016
15422 0017
15422 0018
15422 0019
15422 0020
15422 0021
15422 0022
15422 0023
15422 0024
15422 0025
15422 0026
15422 0027
15422 0028
15425 0000
15425 0001
15425 0002
15425 0003
15425 0004
15425 0005
15425 0006
15425 0007
15425 0008
15425 0009
15425 0010
15425 0011
15425 0012
15425 0013
15425 0014
15425 0015
15425 0016
15425 0017
15425 0018
15433 0000
15433 0001
15433 0002
15433 0003
15433 0004
15433 0005
15433 0006
15433 0007
15433 0008
15433 0009
15433 0010
15433 0011
15433 0012
15433 0013
15433 0014
15433 0015
15433 0016
15433 0017
15433 0018
15433 0019
15433 0020
15438 0000
15438 0001
15438 0002
15438 0003
15438 0004
15438 0005
15438 0006
15438 0007
15438 0008
15438 0009
15438 0010
15438 0011
15438 0012
15438 0013
15438 0014
15438 0015
15438 0016
15438 0017
15438 0018
15438 0019
15438 0020
15438 0021
15441 0000
15441 0001
15441 0002
15441 0003
15441 0004
15441 0005
15441 0006
15441 0007
15441 0008
15441 0009
15441 0010
15441 0011
15441 0012
15441 0013
15441 0014
15441 0015
15441 0016
15448 0000
15448 0001
15448 0002
15448 0003
15448 0004
15448 0005
15448 0006
15448 0007
15448 0008
15448 0009
15448 0010
15448 0011
15448 0012
15448 0013
15448 0014
15448 0015
15448 0016
15448 0017
15448 0018
15448 0019
15448 0020
15448 0021
15448 0022
15449 0000
15449 0001
15449 0002
15449 0003
15449 0004
15449 0005
15449 0006
15449 0007
15449 0008
15449 0009
15449 0010
15449 0011
15449 0012
15449 0013
15449 0014
15449 0015
15449 0016
15450 0000
15450 0001
15450 0002
15450 0003
15450 0004
15450 0005
15450 0006
15450 0007
15450 0008
15450 0009
15450 0010
15450 0011
15450 0012
15450 0013
15450 0014
15450 0015
15450 0016
15450 0017
15450 0018
15450 0019
15450 0020
15450 0021
15450 0022
15451 0000
15451 0001
15451 0002
15451 0003
15451 0004
15451 0005
15451 0006
15451 0007
15451 0008
15451 0009
15451 0010
15451 0011
15451 0012
15451 0013
15460 0000
15460 0001
15460 0002
15460 0003
15460 0004
15460 0005
15460 0006
15460 0007
15460 0008
15460 0009
15460 0010
15460 0011
15460 0012
15460 0013
15460 0014
15460 0015
15460 0016
15460 0017
15460 0018
15460 0019
15462 0000
15462 0001
15462 0002
15462 0003
15462 0004
15462 0005
15462 0006
15462 0007
15462 0008
15462 0009
15462 0010
15462 0011
15462 0012
15462 0013
15462 0014
15462 0015
15462 0016
15462 0017
15462 0018
15462 0019
15466 0000
15466 0001
15466 0002
15466 0003
15466 0004
15466 0005
15466 0006
15466 0007
15466 0008
15466 0009
15466 0010
15466 0011
15466 0012
15466 0013
15466 0014
15466 0015
15466 0016
15466 0017
15466 0018
15466 0019
15474 0000
15474 0001
15474 0002
15474 0003
15474 0004
15474 0005
15474 0006
15474 0007
15474 0008
15474 0009
15474 0010
15474 0011
15474 0012
15474 0013
15474 0014
15474 0015
15474 0016
15474 0017
15474 0018
15474 0019
15474 0020
15474 0021
15474 0022
15474 0023
15474 0024
15474 0025
15474 0026
15474 0027
15474 0028
15474 0029
15474 0030
15474 0031
15476 0000
15476 0001
15476 0002
15476 0003
15476 0004
15476 0005
15476 0006
15476 0007
15476 0008
15476 0009
15476 0010
15476 0011
15476 0012
15476 0013
15476 0014
15476 0015
15476 0016
15476 0017
15476 0018
15476 0019
15476 0020
15476 0021
15476 0022
15476 0023
15476 0024
15476 0025
15476 0026
15476 0027
15487 0000
15487 0001
15487 0002
15487 0003
15487 0004
15487 0005
15487 0006
15487 0007
15487 0008
15487 0009
15487 0010
15487 0011
15487 0012
15487 0013
15487 0014
15487 0015
15487 0016
15487 0017
15487 0018
15487 0019
15487 0020
15487 0021
15487 0022
15487 0023
15487 0024
15487 0025
15498 0000
15498 0001
15498 0002
15498 0003
15498 0004
15498 0005
15498 0006
15498 0007
15498 0008
15498 0009
15498 0010
15498 0011
15498 0012
15498 0013
15498 0014
15498 0015
15501 0000
15501 0001
15501 0002
15501 0003
15501 0004
15501 0005
15501 0006
15501 0007
15501 0008
15501 0009
15501 0010
15501 0011
15501 0012
15501 0013
15501 0014
15501 0015
15501 0016
15501 0017
15501 0018
15501 0019
15501 0020
15501 0021
15501 0022
15501 0023
15501 0024
15501 0025
15504 0000
15504 0001
15504 0002
15504 0003
15504 0004
15504 0005
15504 0006
15504 0007
15504 0008
15504 0009
15504 0010
15504 0011
15504 0012
15504 0013
15504 0014
15504 0015
15504 0016
15504 0017
15504 0018
15504 0019
15504 0020
15504 0021
15504 0022
15504 0023
15504 0024
15504 0025
15504 0026
15504 0027
15508 0000
15508 0001
15508 0002
15508 0003
15508 0004
15508 0005
15508 0006
15508 0007
15508 0008
15508 0009
15508 0010
15508 0011
15508 0012
15508 0013
15508 0014
15508 0015
15508 0016
15508 0017
15508 0018
15508 0019
15508 0020
15508 0021
15508 0022
15508 0023
15510 0000
15510 0001
15510 0002
15510 0003
15510 0004
15510 0005
15510 0006
15510 0007
15510 0008
15510 0009
15510 0010
15510 0011
15510 0012
15510 0013
15510 0014
15510 0015
15510 0016
15510 0017
15510 0018
15519 0000
15519 0001
15519 0002
15519 0003
15519 0004
15519 0005
15519 0006
15519 0007
15519 0008
15519 0009
15519 0010
15519 0011
15519 0012
15519 0013
15519 0014
15519 0015
15519 0016
15519 0017
15519 0018
15519 0019
15519 0020
15519 0021
15519 0022
15519 0023
15520 0000
15520 0001
15520 0002
15520 0003
15520 0004
15520 0005
15520 0006
15520 0007
15520 0008
15520 0009
15520 0010
15520 0011
15520 0012
15520 0013
15520 0014
15520 0015
15520 0016
15520 0017
15520 0018
15520 0019
15520 0020
15520 0021
15520 0022
15520 0023
15520 0024
15520 0025
15520 0026
15520 0027
15520 0028
15527 0000
15527 0001
15527 0002
15527 0003
15527 0004
15527 0005
15527 0006
15527 0007
15527 0008
15527 0009
15527 0010
15527 0011
15527 0012
15527 0013
15527 0014
15527 0015
15527 0016
15527 0017
15527 0018
15527 0019
15527 0020
15527 0021
15527 0022
15527 0023
15535 0000
15535 0001
15535 0002
15535 0003
15535 0004
15535 0005
15535 0006
15535 0007
15535 0008
15535 0009
15535 0010
15535 0011
15535 0012
15542 0000
15542 0001
15542 0002
15542 0003
15542 0004
15542 0005
15542 0006
15542 0007
15542 0008
15542 0009
15542 0010
15542 0011
15542 0012
15542 0013
15542 0014
15542 0015
15542 0016
15542 0017
15542 0018
15542 0019
15542 0020
15542 0021
15542 0022
15542 0023
15542 0024
15542 0025
15542 0026
15542 0027
15542 0028
15542 0029
15546 0000
15546 0001
15546 0002
15546 0003
15546 0004
15546 0005
15546 0006
15546 0007
15546 0008
15546 0009
15546 0010
15546 0011
15546 0012
15546 0013
15546 0014
15546 0015
15546 0016
15546 0017
15546 0018
15546 0019
15546 0020
15546 0021
15546 0022
15546 0023
15546 0024
15546 0025
15549 0000
15549 0001
15549 0002
15549 0003
15549 0004
15549 0005
15549 0006
15549 0007
15549 0008
15549 0009
15549 0010
15549 0011
15549 0012
15549 0013
15549 0014
15550 0000
15550 0001
15550 0002
15550 0003
15550 0004
15550 0005
15550 0006
15550 0007
15550 0008
15550 0009
15550 0010
15550 0011
15550 0012
15550 0013
15550 0014
15550 0015
15550 0016
15550 0017
15550 0018
15550 0019
15550 0020
15550 0021
15550 0022
15550 0023
15550 0024
15550 0025
15550 0026
15550 0027
15550 0028
15550 0029
15550 0030
15551 0000
15551 0001
15551 0002
15551 0003
15551 0004
15551 0005
15551 0006
15551 0007
15551 0008
15551 0009
15551 0010
15551 0011
15551 0012
15551 0013
15551 0014
15551 0015
15551 0016
15551 0017
15551 0018
15551 0019
15551 0020
15551 0021
15551 0022
15551 0023
15551 0024
15551 0025
15551 0026
15551 0027
15551 0028
15551 0029
15565 0000
15565 0001
15565 0002
15565 0003
15565 0004
15565 0005
15565 0006
15565 0007
15565 0008
15565 0009
15565 0010
15565 0011
15565 0012
15565 0013
15565 0014
15565 0015
15565 0016
15565 0017
15565 0018
15565 0019
15565 0020
15565 0021
15565 0022
15565 0023
15567 0000
15567 0001
15567 0002
15567 0003
15567 0004
15567 0005
15567 0006
15567 0007
15567 0008
15567 0009
15567 0010
15567 0011
15567 0012
15567 0013
15567 0014
15567 0015
15567 0016
15567 0017
15567 0018
15568 0000
15568 0001
15568 0002
15568 0003
15568 0004
15568 0005
15568 0006
15568 0007
15568 0008
15568 0009
15568 0010
15568 0011
15568 0012
15568 0013
15568 0014
15568 0015
15568 0016
15568 0017
15568 0018
15568 0019
15568 0020
15568 0021
15573 0000
15573 0001
15573 0002
15573 0003
15573 0004
15573 0005
15573 0006
15573 0007
15573 0008
15573 0009
15573 0010
15573 0011
15573 0012
15573 0013
15573 0014
15585 0000
15585 0001
15585 0002
15585 0003
15585 0004
15585 0005
15585 0006
15585 0007
15585 0008
15585 0009
15585 0010
15585 0011
15585 0012
15585 0013
15585 0014
15585 0015
15585 0016
15585 0017
15585 0018
15585 0019
15585 0020
15585 0021
15585 0022
15586 0000
15586 0001
15586 0002
15586 0003
15586 0004
15586 0005
15586 0006
15586 0007
15586 0008
15586 0009
15586 0010
15586 0011
15586 0012
15586 0013
15586 0014
15586 0015
15586 0016
15586 0017
15586 0018
15586 0019
15586 0020
15586 0021
15586 0022
15586 0023
15586 0024
15586 0025
15586 0026
15586 0027
15586 0028
15586 0029
15592 0000
15592 0001
15592 0002
15592 0003
15592 0004
15592 0005
15592 0006
15592 0007
15592 0008
15592 0009
15592 0010
15592 0011
15592 0012
15592 0013
15592 0014
15592 0015
15592 0016
15592 0017
15592 0018
15592 0019
15592 0020
15592 0021
15592 0022
15592 0023
15593 0000
15593 0001
15593 0002
15593 0003
15593 0004
15593 0005
15593 0006
15593 0007
15593 0008
15593 0009
15593 0010
15593 0011
15593 0012
15593 0013
15593 0014
15593 0015
15593 0016
15593 0017
15593 0018
15593 0019
15593 0020
15593 0021
15593 0022
15593 0023
15593 0024
15593 0025
15593 0026
15593 0027
15593 0028
15593 0029
15593 0030
15593 0031
15593 0032
15595 0000
15595 0001
15595 0002
15595 0003
15595 0004
15595 0005
15595 0006
15595 0007
15595 0008
15595 0009
15595 0010
15595 0011
15595 0012
15595 0013
15595 0014
15595 0015
15595 0016
15595 0017
15595 0018
15595 0019
15595 0020
15595 0021
15595 0022
15595 0023
15595 0024
15595 0025
15595 0026
15595 0027
15595 0028
15597 0000
15597 0001
15597 0002
15597 0003
15597 0004
15597 0005
15597 0006
15597 0007
15597 0008
15597 0009
15597 0010
15597 0011
15597 0012
15598 0000
15598 0001
15598 0002
15598 0003
15598 0004
15598 0005
15598 0006
15598 0007
15598 0008
15598 0009
15598 0010
15598 0011
15598 0012
15598 0013
15598 0014
15598 0015
15598 0016
15598 0017
15598 0018
15598 0019
15598 0020
15598 0021
15603 0000
15603 0001
15603 0002
15603 0003
15603 0004
15603 0005
15603 0006
15603 0007
15603 0008
15603 0009
15603 0010
15603 0011
15603 0012
15603 0013
15603 0014
15603 0015
15603 0016
15606 0000
15606 0001
15606 0002
15606 0003
15606 0004
15606 0005
15606 0006
15606 0007
15606 0008
15606 0009
15606 0010
15606 0011
15606 0012
15606 0013
15606 0014
15606 0015
15607 0000
15607 0001
15607 0002
15607 0003
15607 0004
15607 0005
15607 0006
15607 0007
15607 0008
15607 0009
15607 0010
15607 0011
15607 0012
15607 0013
15607 0014
15607 0015
15607 0016
15607 0017
15607 0018
15620 0000
15620 0001
15620 0002
15620 0003
15620 0004
15620 0005
15620 0006
15620 0007
15620 0008
15620 0009
15620 0010
15620 0011
15620 0012
15620 0013
15620 0014
15620 0015
15620 0016
15620 0017
15620 0018
15624 0000
15624 0001
15624 0002
15624 0003
15624 0004
15624 0005
15624 0006
15624 0007
15624 0008
15624 0009
15624 0010
15624 0011
15624 0012
15624 0013
15624 0014
15624 0015
15624 0016
15624 0017
15624 0018
15624 0019
15624 0020
15624 0021
15624 0022
15624 0023
15627 0000
15627 0001
15627 0002
15627 0003
15627 0004
15627 0005
15627 0006
15627 0007
15627 0008
15627 0009
15627 0010
15627 0011
15627 0012
15627 0013
15627 0014
15627 0015
15627 0016
15627 0017
15627 0018
15627 0019
15627 0020
15630 0000
15630 0001
15630 0002
15630 0003
15630 0004
15630 0005
15630 0006
15630 0007
15630 0008
15630 0009
15630 0010
15630 0011
15630 0012
15630 0013
15630 0014
15630 0015
15630 0016
15630 0017
15630 0018
15630 0019
15630 0020
15630 0021
15630 0022
15630 0023
15630 0024
15632 0000
15632 0001
15632 0002
15632 0003
15632 0004
15632 0005
15632 0006
15632 0007
15632 0008
15632 0009
15632 0010
15632 0011
15632 0012
15632 0013
15632 0014
15632 0015
15632 0016
15641 0000
15641 0001
15641 0002
15641 0003
15641 0004
15641 0005
15641 0006
15641 0007
15641 0008
15641 0009
15641 0010
15641 0011
15641 0012
15641 0013
15641 0014
15641 0015
15641 0016
15641 0017
15641 0018
15641 0019
15641 0020
15641 0021
15641 0022
15641 0023
15641 0024
15641 0025
15641 0026
15641 0027
15641 0028
15641 0029
15641 0030
15641 0031
15641 0032
15641 0033
15643 0000
15643 0001
15643 0002
15643 0003
15643 0004
15643 0005
15643 0006
15643 0007
15643 0008
15643 0009
15643 0010
15643 0011
15643 0012
15643 0013
15648 0000
15648 0001
15648 0002
15648 0003
15648 0004
15648 0005
15648 0006
15648 0007
15648 0008
15648 0009
15648 0010
15648 0011
15648 0012
15648 0013
15648 0014
15648 0015
15648 0016
15648 0017
15648 0018
15648 0019
15648 0020
15648 0021
15648 0022
15648 0023
15648 0024
15648 0025
15655 0000
15655 0001
15655 0002
15655 0003
15655 0004
15655 0005
15655 0006
15655 0007
15655 0008
15655 0009
15655 0010
15655 0011
15655 0012
15655 0013
15655 0014
15655 0015
15655 0016
15655 0017
15655 0018
15655 0019
15655 0020
15659 0000
15659 0001
15659 0002
15659 0003
15659 0004
15659 0005
15659 0006
15659 0007
15659 0008
15659 0009
15659 0010
15659 0011
15659 0012
15659 0013
15659 0014
15659 0015
15659 0016
15659 0017
15666 0000
15666 0001
15666 0002
15666 0003
15666 0004
15666 0005
15666 0006
15666 0007
15666 0008
15666 0009
15666 0010
15666 0011
15666 0012
15666 0013
15666 0014
15666 0015
15666 0016
15666 0017
15667 0000
15667 0001
15667 0002
15667 0003
15667 0004
15667 0005
15667 0006
15667 0007
15667 0008
15667 0009
15667 0010
15667 0011
15667 0012
15667 0013
15667 0014
15667 0015
15667 0016
15667 0017
15667 0018
15667 0019
15667 0020
15667 0021
15667 0022
15667 0023
15667 0024
15675 0000
15675 0001
15675 0002
15675 0003
15675 0004
15675 0005
15675 0006
15675 0007
15675 0008
15675 0009
15675 0010
15675 0011
15675 0012
15675 0013
15675 0014
15675 0015
15675 0016
15675 0017
15675 0018
15675 0019
15675 0020
15675 0021
15675 0022
15675 0023
15675 0024
15675 0025
15675 0026
15675 0027
15675 0028
15677 0000
15677 0001
15677 0002
15677 0003
15677 0004
15677 0005
15677 0006
15677 0007
15677 0008
15677 0009
15677 0010
15677 0011
15677 0012
15677 0013
15677 0014
15677 0015
15677 0016
15677 0017
15677 0018
15677 0019
15677 0020
15677 0021
15686 0000
15686 0001
15686 0002
15686 0003
15686 0004
15686 0005
15686 0006
15686 0007
15686 0008
15686 0009
15686 0010
15686 0011
15686 0012
15688 0000
15688 0001
15688 0002
15688 0003
15688 0004
15688 0005
15688 0006
15688 0007
15688 0008
15688 0009
15688 0010
15688 0011
15688 0012
15688 0013
15688 0014
15688 0015
15688 0016
15688 0017
15688 0018
15688 0019
15688 0020
15688 0021
15688 0022
15688 0023
15688 0024
15688 0025
15688 0026
15688 0027
15688 0028
15688 0029
15688 0030
15693 0000
15693 0001
15693 0002
15693 0003
15693 0004
15693 0005
15693 0006
15693 0007
15693 0008
15693 0009
15693 0010
15693 0011
15693 0012
15693 0013
15693 0014
15693 0015
15693 0016
15693 0017
15693 0018
15693 0019
15693 0020
15693 0021
15693 0022
15693 0023
15693 0024
15693 0025
15704 0000
15704 0001
15704 0002
15704 0003
15704 0004
15704 0005
15704 0006
15704 0007
15704 0008
15704 0009
15704 0010
15704 0011
15704 0012
15704 0013
15704 0014
15704 0015
15704 0016
15704 0017
15704 0018
15704 0019
15704 0020
15704 0021
15704 0022
15704 0023
15705 0000
15705 0001
15705 0002
15705 0003
15705 0004
15705 0005
15705 0006
15705 0007
15705 0008
15705 0009
15705 0010
15705 0011
15705 0012
15705 0013
15705 0014
15705 0015
15705 0016
15705 0017
15705 0018
15705 0019
15706 0000
15706 0001
15706 0002
15706 0003
15706 0004
15706 0005
15706 0006
15706 0007
15706 0008
15706 0009
15706 0010
15706 0011
15706 0012
15706 0013
15706 0014
15706 0015
15706 0016
15706 0017
15706 0018
15706 0019
15712 0000
15712 0001
15712 0002
15712 0003
15712 0004
15712 0005
15712 0006
15712 0007
15712 0008
15712 0009
15712 0010
15712 0011
15712 0012
15712 0013
15712 0014
15712 0015
15712 0016
15712 0017
15712 0018
15712 0019
15712 0020
15712 0021
15712 0022
15712 0023
15712 0024
15712 0025
15712 0026
15712 0027
15716 0000
15716 0001
15716 0002
15716 0003
15716 0004
15716 0005
15716 0006
15716 0007
15716 0008
15716 0009
15716 0010
15716 0011
15716 0012
15716 0013
15716 0014
15716 0015
15716 0016
15716 0017
15716 0018
15716 0019
15716 0020
15716 0021
15716 0022
15716 0023
15716 0024
15716 0025
15716 0026
15716 0027
15716 0028
15716 0029
15716 0030
15716 0031
15717 0000
15717 0001
15717 0002
15717 0003
15717 0004
15717 0005
15717 0006
15717 0007
15717 0008
15717 0009
15717 0010
15717 0011
15717 0012
15717 0013
15717 0014
15717 0015
15717 0016
15717 0017
15717 0018
15717 0019
15721 0000
15721 0001
15721 0002
15721 0003
15721 0004
15721 0005
15721 0006
15721 0007
15721 0008
15721 0009
15721 0010
15721 0011
15721 0012
15721 0013
15721 0014
15721 0015
15721 0016
15721 0017
15721 0018
15721 0019
15721 0020
15721 0021
15721 0022
15731 0000
15731 0001
15731 0002
15731 0003
15731 0004
15731 0005
15731 0006
15731 0007
15731 0008
15731 0009
15731 0010
15731 0011
15731 0012
15731 0013
15731 0014
15731 0015
15731 0016
15731 0017
15731 0018
15742 0000
15742 0001
15742 0002
15742 0003
15742 0004
15742 0005
15742 0006
15742 0007
15742 0008
15742 0009
15742 0010
15742 0011
15742 0012
15742 0013
15742 0014
15742 0015
15742 0016
15742 0017
15742 0018
15742 0019
15742 0020
15742 0021
15746 0000
15746 0001
15746 0002
15746 0003
15746 0004
15746 0005
15746 0006
15746 0007
15746 0008
15746 0009
15746 0010
15746 0011
15746 0012
15746 0013
15746 0014
15746 0015
15746 0016
15746 0017
15748 0000
15748 0001
15748 0002
15748 0003
15748 0004
15748 0005
15748 0006
15748 0007
15748 0008
15748 0009
15748 0010
15748 0011
15748 0012
15748 0013
15748 0014
15748 0015
15748 0016
15748 0017
15748 0018
15748 0019
15748 0020
15748 0021
15748 0022
15748 0023
15752 0000
15752 0001
15752 0002
15752 0003
15752 0004
15752 0005
15752 0006
15752 0007
15752 0008
15752 0009
15752 0010
15752 0011
15752 0012
15752 0013
15752 0014
15752 0015
15752 0016
15752 0017
15755 0000
15755 0001
15755 0002
15755 0003
15755 0004
15755 0005
15755 0006
15755 0007
15755 0008
15755 0009
15755 0010
15755 0011
15755 0012
15755 0013
15755 0014
15755 0015
15755 0016
15755 0017
15755 0018
15755 0019
15755 0020
15755 0021
15755 0022
15755 0023
15755 0024
15755 0025
15755 0026
15755 0027
15755 0028
15755 0029
15755 0030
15755 0031
15755 0032
15759 0000
15759 0001
15759 0002
15759 0003
15759 0004
15759 0005
15759 0006
15759 0007
15759 0008
15759 0009
15759 0010
15759 0011
15759 0012
15759 0013
15759 0014
15759 0015
15759 0016
15759 0017
15759 0018
15759 0019
15759 0020
15759 0021
15759 0022
15759 0023
15759 0024
15759 0025
15759 0026
15759 0027
15759 0028
15765 0000
15765 0001
15765 0002
15765 0003
15765 0004
15765 0005
15765 0006
15765 0007
15765 0008
15765 0009
15765 0010
15765 0011
15765 0012
15765 0013
15765 0014
15765 0015
15765 0016
15765 0017
15765 0018
15765 0019
15765 0020
15765 0021
15765 0022
15767 0000
15767 0001
15767 0002
15767 0003
15767 0004
15767 0005
15767 0006
15767 0007
15767 0008
15767 0009
15767 0010
15767 0011
15767 0012
15767 0013
15767 0014
15767 0015
15767 0016
15767 0017
15767 0018
15767 0019
15767 0020
15767 0021
15767 0022
15767 0023
15767 0024
15772 0000
15772 0001
15772 0002
15772 0003
15772 0004
15772 0005
15772 0006
15772 0007
15772 0008
15772 0009
15772 0010
15772 0011
15772 0012
15772 0013
15772 0014
15772 0015
15772 0016
15772 0017
15772 0018
15772 0019
15772 0020
15772 0021
15773 0000
15773 0001
15773 0002
15773 0003
15773 0004
15773 0005
15773 0006
15773 0007
15773 0008
15773 0009
15773 0010
15773 0011
15773 0012
15773 0013
15773 0014
15773 0015
15773 0016
15773 0017
15773 0018
15773 0019
15773 0020
15773 0021
15773 0022
15773 0023
15773 0024
15773 0025
15773 0026
15773 0027
15773 0028
15773 0029
15773 0030
15773 0031
15773 0032
15779 0000
15779 0001
15779 0002
15779 0003
15779 0004
15779 0005
15779 0006
15779 0007
15779 0008
15779 0009
15779 0010
15779 0011
15779 0012
15779 0013
15779 0014
15779 0015
15779 0016
15779 0017
15779 0018
15779 0019
15779 0020
15779 0021
15779 0022
15779 0023
15780 0000
15780 0001
15780 0002
15780 0003
15780 0004
15780 0005
15780 0006
15780 0007
15780 0008
15780 0009
15780 0010
15780 0011
15780 0012
15780 0013
15780 0014
15780 0015
15780 0016
15780 0017
15780 0018
15780 0019
15780 0020
15780 0021
15780 0022
15780 0023
15780 0024
15780 0025
15780 0026
15780 0027
15782 0000
15782 0001
15782 0002
15782 0003
15782 0004
15782 0005
15782 0006
15782 0007
15782 0008
15782 0009
15782 0010
15782 0011
15782 0012
15782 0013
15782 0014
15782 0015
15782 0016
15782 0017
15782 0018
15782 0019
15782 0020
15782 0021
15786 0000
15786 0001
15786 0002
15786 0003
15786 0004
15786 0005
15786 0006
15786 0007
15786 0008
15786 0009
15786 0010
15786 0011
15786 0012
15786 0013
15786 0014
15786 0015
15786 0016
15786 0017
15786 0018
15786 0019
15786 0020
15786 0021
15786 0022
15786 0023
15787 0000
15787 0001
15787 0002
15787 0003
15787 0004
15787 0005
15787 0006
15787 0007
15787 0008
15787 0009
15787 0010
15787 0011
15787 0012
15787 0013
15787 0014
15787 0015
15787 0016
15787 0017
15787 0018
15787 0019
15787 0020
15787 0021
15787 0022
15787 0023
15787 0024
15787 0025
15789 0000
15789 0001
15789 0002
15789 0003
15789 0004
15789 0005
15789 0006
15789 0007
15789 0008
15789 0009
15789 0010
15789 0011
15789 0012
15789 0013
15789 0014
15789 0015
15789 0016
15789 0017
15789 0018
15789 0019
15789 0020
15789 0021
15789 0022
15789 0023
15789 0024
15789 0025
15789 0026
15789 0027
15789 0028
15792 0000
15792 0001
15792 0002
15792 0003
15792 0004
15792 0005
15792 0006
15792 0007
15792 0008
15792 0009
15792 0010
15792 0011
15792 0012
15792 0013
15792 0014
15792 0015
15792 0016
15792 0017
15792 0018
15792 0019
15792 0020
15792 0021
15792 0022
15792 0023
15796 0000
15796 0001
15796 0002
15796 0003
15796 0004
15796 0005
15796 0006
15796 0007
15796 0008
15796 0009
15796 0010
15796 0011
15796 0012
15803 0000
15803 0001
15803 0002
15803 0003
15803 0004
15803 0005
15803 0006
15803 0007
15803 0008
15803 0009
15803 0010
15803 0011
15803 0012
15803 0013
15803 0014
15803 0015
15803 0016
15803 0017
15803 0018
15803 0019
15803 0020
15803 0021
15803 0022
15803 0023
15803 0024
15803 0025
15803 0026
15803 0027
15803 0028
15805 0000
15805 0001
15805 0002
15805 0003
15805 0004
15805 0005
15805 0006
15805 0007
15805 0008
15805 0009
15805 0010
15805 0011
15805 0012
15805 0013
15805 0014
15805 0015
15805 0016
15806 0000
15806 0001
15806 0002
15806 0003
15806 0004
15806 0005
15806 0006
15806 0007
15806 0008
15806 0009
15806 0010
15806 0011
15806 0012
15806 0013
15806 0014
15806 0015
15806 0016
15806 0017
15806 0018
15806 0019
15806 0020
15806 0021
15809 0000
15809 0001
15809 0002
15809 0003
15809 0004
15809 0005
15809 0006
15809 0007
15809 0008
15809 0009
15809 0010
15809 0011
15809 0012
15809 0013
15809 0014
15812 0000
15812 0001
15812 0002
15812 0003
15812 0004
15812 0005
15812 0006
15812 0007
15812 0008
15812 0009
15812 0010
15812 0011
15812 0012
15812 0013
15812 0014
15812 0015
15812 0016
15812 0017
15812 0018
15812 0019
15815 0000
15815 0001
15815 0002
15815 0003
15815 0004
15815 0005
15815 0006
15815 0007
15815 0008
15815 0009
15815 0010
15815 0011
15815 0012
15815 0013
15815 0014
15815 0015
15815 0016
15815 0017
15815 0018
15824 0000
15824 0001
15824 0002
15824 0003
15824 0004
15824 0005
15824 0006
15824 0007
15824 0008
15824 0009
15824 0010
15824 0011
15824 0012
15824 0013
15824 0014
15824 0015
15824 0016
15824 0017
15824 0018
15824 0019
15824 0020
15824 0021
15824 0022
15824 0023
15824 0024
15824 0025
15828 0000
15828 0001
15828 0002
15828 0003
15828 0004
15828 0005
15828 0006
15828 0007
15828 0008
15828 0009
15828 0010
15828 0011
15828 0012
15828 0013
15828 0014
15828 0015
15828 0016
15828 0017
15828 0018
15828 0019
15828 0020
15828 0021
15828 0022
15828 0023
15828 0024
15828 0025
15828 0026
15828 0027
15828 0028
15831 0000
15831 0001
15831 0002
15831 0003
15831 0004
15831 0005
15831 0006
15831 0007
15831 0008
15831 0009
15831 0010
15831 0011
15831 0012
15831 0013
15831 0014
15831 0015
15831 0016
15831 0017
15831 0018
15831 0019
15831 0020
15831 0021
15831 0022
15831 0023
15831 0024
15836 0000
15836 0001
15836 0002
15836 0003
15836 0004
15836 0005
15836 0006
15836 0007
15836 0008
15836 0009
15836 0010
15836 0011
15836 0012
15836 0013
15836 0014
15836 0015
15836 0016
15836 0017
15836 0018
15836 0019
15840 0000
15840 0001
15840 0002
15840 0003
15840 0004
15840 0005
15840 0006
15840 0007
15840 0008
15840 0009
15840 0010
15840 0011
15840 0012
15840 0013
15840 0014
15840 0015
15840 0016
15840 0017
15841 0000
15841 0001
15841 0002
15841 0003
15841 0004
15841 0005
15841 0006
15841 0007
15841 0008
15841 0009
15841 0010
15841 0011
15841 0012
15841 0013
15841 0014
15841 0015
15841 0016
15841 0017
15841 0018
15841 0019
15841 0020
15841 0021
15841 0022
15841 0023
15841 0024
15841 0025
15841 0026
15841 0027
15841 0028
15841 0029
15844 0000
15844 0001
15844 0002
15844 0003
15844 0004
15844 0005
15844 0006
15844 0007
15844 0008
15844 0009
15844 0010
15844 0011
15844 0012
15844 0013
15844 0014
15844 0015
15844 0016
15844 0017
15844 0018
15844 0019
15844 0020
15845 0000
15845 0001
15845 0002
15845 0003
15845 0004
15845 0005
15845 0006
15845 0007
15845 0008
15845 0009
15845 0010
15845 0011
15845 0012
15845 0013
15845 0014
15845 0015
15845 0016
15845 0017
15845 0018
15845 0019
15845 0020
15848 0000
15848 0001
15848 0002
15848 0003
15848 0004
15848 0005
15848 0006
15848 0007
15848 0008
15848 0009
15848 0010
15848 0011
15848 0012
15848 0013
15848 0014
15848 0015
15848 0016
15848 0017
15848 0018
15848 0019
15848 0020
15848 0021
15857 0000
15857 0001
15857 0002
15857 0003
15857 0004
15857 0005
15857 0006
15857 0007
15857 0008
15857 0009
15857 0010
15857 0011
15857 0012
15857 0013
15857 0014
15857 0015
15857 0016
15857 0017
15857 0018
15857 0019
15857 0020
15857 0021
15860 0000
15860 0001
15860 0002
15860 0003
15860 0004
15860 0005
15860 0006
15860 0007
15860 0008
15860 0009
15860 0010
15860 0011
15860 0012
15860 0013
15860 0014
15860 0015
15860 0016
15860 0017
15860 0018
15860 0019
15860 0020
15860 0021
15860 0022
15860 0023
15860 0024
15860 0025
15860 0026
15860 0027
15860 0028
15860 0029
15860 0030
15862 0000
15862 0001
15862 0002
15862 0003
15862 0004
15862 0005
15862 0006
15862 0007
15862 0008
15862 0009
15862 0010
15862 0011
15862 0012
15862 0013
15862 0014
15862 0015
15862 0016
15862 0017
15862 0018
15862 0019
15862 0020
15862 0021
15862 0022
15862 0023
15862 0024
15862 0025
15862 0026
15862 0027
15862 0028
15862 0029
15862 0030
15862 0031
15863 0000
15863 0001
15863 0002
15863 0003
15863 0004
15863 0005
15863 0006
15863 0007
15863 0008
15863 0009
15863 0010
15863 0011
15863 0012
15863 0013
15863 0014
15863 0015
15863 0016
15867 0000
15867 0001
15867 0002
15867 0003
15867 0004
15867 0005
15867 0006
15867 0007
15867 0008
15867 0009
15867 0010
15867 0011
15867 0012
15869 0000
15869 0001
15869 0002
15869 0003
15869 0004
15869 0005
15869 0006
15869 0007
15869 0008
15869 0009
15869 0010
15869 0011
15869 0012
15869 0013
15869 0014
15869 0015
15877 0000
15877 0001
15877 0002
15877 0003
15877 0004
15877 0005
15877 0006
15877 0007
15877 0008
15877 0009
15877 0010
15877 0011
15877 0012
15877 0013
15877 0014
15877 0015
15877 0016
15877 0017
15877 0018
15877 0019
15877 0020
15877 0021
15877 0022
15877 0023
15879 0000
15879 0001
15879 0002
15879 0003
15879 0004
15879 0005
15879 0006
15879 0007
15879 0008
15879 0009
15879 0010
15879 0011
15879 0012
15879 0013
15879 0014
15880 0000
15880 0001
15880 0002
15880 0003
15880 0004
15880 0005
15880 0006
15880 0007
15880 0008
15880 0009
15880 0010
15880 0011
15880 0012
15880 0013
15880 0014
15880 0015
15880 0016
15880 0017
15880 0018
15880 0019
15883 0000
15883 0001
15883 0002
15883 0003
15883 0004
15883 0005
15883 0006
15883 0007
15883 0008
15883 0009
15883 0010
15883 0011
15883 0012
15883 0013
15883 0014
15889 0000
15889 0001
15889 0002
15889 0003
15889 0004
15889 0005
15889 0006
15889 0007
15889 0008
15889 0009
15889 0010
15889 0011
15889 0012
15889 0013
15889 0014
15889 0015
15889 0016
15889 0017
15889 0018
15889 0019
15889 0020
15889 0021
15889 0022
15889 0023
15889 0024
15889 0025
15890 0000
15890 0001
15890 0002
15890 0003
15890 0004
15890 0005
15890 0006
15890 0007
15890 0008
15890 0009
15890 0010
15890 0011
15890 0012
15890 0013
15890 0014
15890 0015
15890 0016
15891 0000
15891 0001
15891 0002
15891 0003
15891 0004
15891 0005
15891 0006
15891 0007
15891 0008
15891 0009
15891 0010
15891 0011
15891 0012
15891 0013
15891 0014
15891 0015
15891 0016
15891 0017
15897 0000
15897 0001
15897 0002
15897 0003
15897 0004
15897 0005
15897 0006
15897 0007
15897 0008
15897 0009
15897 0010
15897 0011
15897 0012
15897 0013
15897 0014
15897 0015
15897 0016
15897 0017
15897 0018
15897 0019
15897 0020
15904 0000
15904 0001
15904 0002
15904 0003
15904 0004
15904 0005
15904 0006
15904 0007
15904 0008
15904 0009
15904 0010
15904 0011
15904 0012
15904 0013
15904 0014
15904 0015
15904 0016
15904 0017
15904 0018
15904 0019
15904 0020
15904 0021
15904 0022
15904 0023
15904 0024
15904 0025
15904 0026
15904 0027
15905 0000
15905 0001
15905 0002
15905 0003
15905 0004
15905 0005
15905 0006
15905 0007
15905 0008
15905 0009
15905 0010
15905 0011
15905 0012
15905 0013
15905 0014
15908 0000
15908 0001
15908 0002
15908 0003
15908 0004
15908 0005
15908 0006
15908 0007
15908 0008
15908 0009
15908 0010
15908 0011
15908 0012
15908 0013
15908 0014
15908 0015
15908 0016
15908 0017
15908 0018
15908 0019
15908 0020
15908 0021
15908 0022
15908 0023
15908 0024
15909 0000
15909 0001
15909 0002
15909 0003
15909 0004
15909 0005
15909 0006
15909 0007
15909 0008
15909 0009
15909 0010
15909 0011
15909 0012
15909 0013
15909 0014
15909 0015
15909 0016
15909 0017
15909 0018
15909 0019
15909 0020
15909 0021
15909 0022
15909 0023
15909 0024
15909 0025
15916 0000
15916 0001
15916 0002
15916 0003
15916 0004
15916 0005
15916 0006
15916 0007
15916 0008
15916 0009
15916 0010
15916 0011
15916 0012
15916 0013
15916 0014
15916 0015
15916 0016
15916 0017
15916 0018
15916 0019
15916 0020
15916 0021
15916 0022
15916 0023
15916 0024
15916 0025
15916 0026
15917 0000
15917 0001
15917 0002
15917 0003
15917 0004
15917 0005
15917 0006
15917 0007
15917 0008
15917 0009
15917 0010
15917 0011
15917 0012
15917 0013
15917 0014
15917 0015
15917 0016
15917 0017
15917 0018
15921 0000
15921 0001
15921 0002
15921 0003
15921 0004
15921 0005
15921 0006
15921 0007
15921 0008
15921 0009
15921 0010
15921 0011
15921 0012
15921 0013
15921 0014
15921 0015
15921 0016
15921 0017
15921 0018
15921 0019
15921 0020
15921 0021
15923 0000
15923 0001
15923 0002
15923 0003
15923 0004
15923 0005
15923 0006
15923 0007
15923 0008
15923 0009
15923 0010
15923 0011
15923 0012
15923 0013
15923 0014
15929 0000
15929 0001
15929 0002
15929 0003
15929 0004
15929 0005
15929 0006
15929 0007
15929 0008
15929 0009
15929 0010
15929 0011
15929 0012
15929 0013
15929 0014
15929 0015
15929 0016
15929 0017
15929 0018
15929 0019
15929 0020
15929 0021
15937 0000
15937 0001
15937 0002
15937 0003
15937 0004
15937 0005
15937 0006
15937 0007
15937 0008
15937 0009
15937 0010
15937 0011
15937 0012
15937 0013
15937 0014
15937 0015
15937 0016
15937 0017
15937 0018
15937 0019
15937 0020
15937 0021
15937 0022
15937 0023
15937 0024
15937 0025
15937 0026
15937 0027
15938 0000
15938 0001
15938 0002
15938 0003
15938 0004
15938 0005
15938 0006
15938 0007
15938 0008
15938 0009
15938 0010
15938 0011
15938 0012
15938 0013
15938 0014
15938 0015
15938 0016
15938 0017
15938 0018
15938 0019
15938 0020
15938 0021
15938 0022
15938 0023
15938 0024
15938 0025
15938 0026
15938 0027
15938 0028
15938 0029
15939 0000
15939 0001
15939 0002
15939 0003
15939 0004
15939 0005
15939 0006
15939 0007
15939 0008
15939 0009
15939 0010
15939 0011
15939 0012
15939 0013
15939 0014
15939 0015
15939 0016
15939 0017
15939 0018
15939 0019
15939 0020
15939 0021
15939 0022
15939 0023
15939 0024
15939 0025
15939 0026
15939 0027
15939 0028
15939 0029
15939 0030
15942 0000
15942 0001
15942 0002
15942 0003
15942 0004
15942 0005
15942 0006
15942 0007
15942 0008
15942 0009
15942 0010
15942 0011
15942 0012
15942 0013
15942 0014
15942 0015
15942 0016
15942 0017
15942 0018
15942 0019
15942 0020
15943 0000
15943 0001
15943 0002
15943 0003
15943 0004
15943 0005
15943 0006
15943 0007
15943 0008
15943 0009
15943 0010
15943 0011
15943 0012
15943 0013
15943 0014
15943 0015
15943 0016
15943 0017
15943 0018
15943 0019
15943 0020
15943 0021
15943 0022
15945 0000
15945 0001
15945 0002
15945 0003
15945 0004
15945 0005
15945 0006
15945 0007
15945 0008
15945 0009
15945 0010
15945 0011
15945 0012
15945 0013
15945 0014
15945 0015
15945 0016
15945 0017
15945 0018
15954 0000
15954 0001
15954 0002
15954 0003
15954 0004
15954 0005
15954 0006
15954 0007
15954 0008
15954 0009
15954 0010
15954 0011
15954 0012
15954 0013
15954 0014
15954 0015
15954 0016
15954 0017
15954 0018
15954 0019
15954 0020
15954 0021
15954 0022
15954 0023
15954 0024
15954 0025
15954 0026
15954 0027
15958 0000
15958 0001
15958 0002
15958 0003
15958 0004
15958 0005
15958 0006
15958 0007
15958 0008
15958 0009
15958 0010
15958 0011
15958 0012
15958 0013
15958 0014
15958 0015
15958 0016
15958 0017
15961 0000
15961 0001
15961 0002
15961 0003
15961 0004
15961 0005
15961 0006
15961 0007
15961 0008
15961 0009
15961 0010
15961 0011
15961 0012
15961 0013
15961 0014
15961 0015
15961 0016
15961 0017
15961 0018
15961 0019
15961 0020
15962 0000
15962 0001
15962 0002
15962 0003
15962 0004
15962 0005
15962 0006
15962 0007
15962 0008
15962 0009
15962 0010
15962 0011
15962 0012
15962 0013
15962 0014
15962 0015
15962 0016
15962 0017
15967 0000
15967 0001
15967 0002
15967 0003
15967 0004
15967 0005
15967 0006
15967 0007
15967 0008
15967 0009
15967 0010
15967 0011
15967 0012
15967 0013
15967 0014
15967 0015
15967 0016
15967 0017
15967 0018
15967 0019
15967 0020
15967 0021
15967 0022
15967 0023
15967 0024
15967 0025
15967 0026
15967 0027
15967 0028
15967 0029
15967 0030
15968 0000
15968 0001
15968 0002
15968 0003
15968 0004
15968 0005
15968 0006
15968 0007
15968 0008
15968 0009
15968 0010
15968 0011
15968 0012
15968 0013
15968 0014
15968 0015
15968 0016
15968 0017
15968 0018
15968 0019
15968 0020
15968 0021
15970 0000
15970 0001
15970 0002
15970 0003
15970 0004
15970 0005
15970 0006
15970 0007
15970 0008
15970 0009
15970 0010
15970 0011
15970 0012
15970 0013
15970 0014
15970 0015
15970 0016
15970 0017
15970 0018
15974 0000
15974 0001
15974 0002
15974 0003
15974 0004
15974 0005
15974 0006
15974 0007
15974 0008
15974 0009
15974 0010
15974 0011
15974 0012
15974 0013
15974 0014
15974 0015
15974 0016
15974 0017
15974 0018
15974 0019
15974 0020
15974 0021
15974 0022
15974 0023
15975 0000
15975 0001
15975 0002
15975 0003
15975 0004
15975 0005
15975 0006
15975 0007
15975 0008
15975 0009
15975 0010
15975 0011
15975 0012
15975 0013
15975 0014
15975 0015
15975 0016
15975 0017
15975 0018
15975 0019
15975 0020
15975 0021
15975 0022
15975 0023
15975 0024
15976 0000
15976 0001
15976 0002
15976 0003
15976 0004
15976 0005
15976 0006
15976 0007
15976 0008
15976 0009
15976 0010
15976 0011
15976 0012
15976 0013
15976 0014
15976 0015
15976 0016
15976 0017
15976 0018
15976 0019
15976 0020
15976 0021
15976 0022
15976 0023
15976 0024
15976 0025
15976 0026
15976 0027
15976 0028
15977 0000
15977 0001
15977 0002
15977 0003
15977 0004
15977 0005
15977 0006
15977 0007
15977 0008
15977 0009
15977 0010
15977 0011
15977 0012
15977 0013
15977 0014
15977 0015
15977 0016
15977 0017
15977 0018
15977 0019
15977 0020
15982 0000
15982 0001
15982 0002
15982 0003
15982 0004
15982 0005
15982 0006
15982 0007
15982 0008
15982 0009
15982 0010
15982 0011
15982 0012
15982 0013
15982 0014
15982 0015
15983 0000
15983 0001
15983 0002
15983 0003
15983 0004
15983 0005
15983 0006
15983 0007
15983 0008
15983 0009
15983 0010
15983 0011
15983 0012
15983 0013
15983 0014
15983 0015
15983 0016
15983 0017
15983 0018
15983 0019
15983 0020
15983 0021
15983 0022
15983 0023
15983 0024
15983 0025
15983 0026
15983 0027
15983 0028
15983 0029
15987 0000
15987 0001
15987 0002
15987 0003
15987 0004
15987 0005
15987 0006
15987 0007
15987 0008
15987 0009
15987 0010
15987 0011
15987 0012
15987 0013
15987 0014
15987 0015
15987 0016
15987 0017
15987 0018
15987 0019
15987 0020
15987 0021
15987 0022
15987 0023
15987 0024
15987 0025
15987 0026
15987 0027
15987 0028
15987 0029
15987 0030
15987 0031
15987 0032
15987 0033
15989 0000
15989 0001
15989 0002
15989 0003
15989 0004
15989 0005
15989 0006
15989 0007
15989 0008
15989 0009
15989 0010
15989 0011
15989 0012
15989 0013
15989 0014
15989 0015
15989 0016
15989 0017
15989 0018
15989 0019
15989 0020
15989 0021
15989 0022
15989 0023
15989 0024
15994 0000
15994 0001
15994 0002
15994 0003
15994 0004
15994 0005
15994 0006
15994 0007
15994 0008
15994 0009
15994 0010
15994 0011
15994 0012
15994 0013
15994 0014
15994 0015
15994 0016
15994 0017
15994 0018
15994 0019
15994 0020
15994 0021
15994 0022
15994 0023
15994 0024
15994 0025
15994 0026
15994 0027
15994 0028
15995 0000
15995 0001
15995 0002
15995 0003
15995 0004
15995 0005
15995 0006
15995 0007
15995 0008
15995 0009
15995 0010
15995 0011
15995 0012
15995 0013
15995 0014
15995 0015
15995 0016
15995 0017
15997 0000
15997 0001
15997 0002
15997 0003
15997 0004
15997 0005
15997 0006
15997 0007
15997 0008
15997 0009
15997 0010
15997 0011
15998 0000
15998 0001
15998 0002
15998 0003
15998 0004
15998 0005
15998 0006
15998 0007
15998 0008
15998 0009
15998 0010
15998 0011
15998 0012
15998 0013
15998 0014
15998 0015
15998 0016
15998 0017
15998 0018
15998 0019
15998 0020
15998 0021
15998 0022
15998 0023
15999 0000
15999 0001
15999 0002
15999 0003
15999 0004
15999 0005
15999 0006
15999 0007
15999 0008
15999 0009
15999 0010
15999 0011
15999 0012
15999 0013
15999 0014
15999 0015
